Fecha Entrada,Malaysia,Eritrea,Angola,Bolivia,Norway,Estonia,Burma,Thailand,Benin,Haiti,Finland,Denmark,Taiwan,Maldives,Ghana,Iran,Dominican Republic,Ethiopia,Diamond Princess,Netherlands,South Sudan,Pakistan,Iraq,Australia,Belize,Montenegro,Congo Brazzaville,Uganda,Equatorial Guinea,Mauritius,Dominica,West Bank and Gaza,Kuwait,Ukraine,Francia,Azerbaijan,Western Sahara,New Zealand,Albania,Bosnia and Herzegovina,Confirmados México,Malta,Algeria,Togo,Poland,MS Zaandam,Seychelles,Serbia,Oman,Fiji,Congo Kinshasa,Liberia,Guyana,Hungary,Uruguay,South Africa,Papua New Guinea,Chile,Comoros,Namibia,Laos,United Arab Emirates,China,Vietnam,Saint Lucia,Cyprus,Central African Republic,Latvia,Kazakhstan,Egypt,Cameroon,Senegal,Portugal,Holy See,Djibouti,Saudi Arabia,Ireland,Ecuador,Philippines,Peru,Guinea,Georgia,Bahamas,Switzerland,Sao Tome and Principe,Guinea-Bissau,Trinidad and Tobago,Sweden,Slovakia,Singapore,Syria,Paraguay,Mongolia,Luxembourg,Zimbabwe,Indonesia,Afghanistan,Mozambique,Estados Unidos,Lithuania,Honduras,Libya,Niger,Chad,India,Burundi,Nicaragua,Kenya,Mali,Uzbekistan,Slovenia,Qatar,Iceland,Yemen,Kyrgyzstan,Greece,Suriname,Bulgaria,Sierra Leone,Guatemala,Tunisia,Antigua and Barbuda,Brunei,North Macedonia,Cabo Verde,Tanzania,Jordan,El Salvador,Croatia,Bhutan,Botswana,Saint Vincent and the Grenadines,Belarus,Jamaica,Barbados,Cambodia,Rwanda,Panama,Nepal,Mauritania,Gabon,Sudan,Armenia,Kosovo,Zambia,Nigeria,South Korea,Canada,Somalia,Romania,Timor-Leste,Japan,Colombia,Burkina Faso,Reino Unido,Bahrain,Austria,Tajikistan,Morocco,Venezuela,Israel,Saint Kitts and Nevis,Grenada,Argentina,Alemania,Czechia,Cote dIvoire,Monaco,Cuba,Malawi,Sri Lanka,San Marino,Italia,Costa Rica,Andorra,Gambia,Liechtenstein,Bangladesh,Russia,Moldova,Eswatini,Turkey,Belgium,España,Madagascar,Lesotho,Lebanon,Brazil,Confirmados,Fecha,Nuevos Casos,Velocidad Contagio,Diferencia Velocidad
20200122,0,0,0,0,0,0,0,2,0,0,0,0,1,0,0,0,0,0,0,0,0,0,0,0,0,0,0,0,0,0,0,0,0,0,0,0,0,0,0,0,0,0,0,0,0,0,0,0,0,0,0,0,0,0,0,0,0,0,0,0,0,0,548,0,0,0,0,0,0,0,0,0,0,0,0,0,0,0,0,0,0,0,0,0,0,0,0,0,0,0,0,0,0,0,0,0,0,0,1,0,0,0,0,0,0,0,0,0,0,0,0,0,0,0,0,0,0,0,0,0,0,0,0,0,0,0,0,0,0,0,0,0,0,0,0,0,0,0,0,0,0,0,0,0,0,0,1,0,0,0,0,2,0,0,0,0,0,0,0,0,0,0,0,0,0,0,0,0,0,0,0,0,0,0,0,0,0,0,0,0,0,0,0,0,0,0,0,0,555,20200121,555,1.000,1.000
20200123,0,0,0,0,0,0,0,3,0,0,0,0,1,0,0,0,0,0,0,0,0,0,0,0,0,0,0,0,0,0,0,0,0,0,0,0,0,0,0,0,0,0,0,0,0,0,0,0,0,0,0,0,0,0,0,0,0,0,0,0,0,0,643,2,0,0,0,0,0,0,0,0,0,0,0,0,0,0,0,0,0,0,0,0,0,0,0,0,0,1,0,0,0,0,0,0,0,0,1,0,0,0,0,0,0,0,0,0,0,0,0,0,0,0,0,0,0,0,0,0,0,0,0,0,0,0,0,0,0,0,0,0,0,0,0,0,0,0,0,0,0,0,0,0,0,0,1,0,0,0,0,2,0,0,0,0,0,0,0,0,0,0,0,0,0,0,0,0,0,0,0,0,0,0,0,0,0,0,0,0,0,0,0,0,0,0,0,0,654,20200122,99,1.178,0.178
20200124,0,0,0,0,0,0,0,5,0,0,0,0,3,0,0,0,0,0,0,0,0,0,0,0,0,0,0,0,0,0,0,0,0,0,2,0,0,0,0,0,0,0,0,0,0,0,0,0,0,0,0,0,0,0,0,0,0,0,0,0,0,0,920,2,0,0,0,0,0,0,0,0,0,0,0,0,0,0,0,0,0,0,0,0,0,0,0,0,0,3,0,0,0,0,0,0,0,0,2,0,0,0,0,0,0,0,0,0,0,0,0,0,0,0,0,0,0,0,0,0,0,0,0,0,0,0,0,0,0,0,0,0,0,0,0,0,0,0,0,0,0,0,0,0,0,0,2,0,0,0,0,2,0,0,0,0,0,0,0,0,0,0,0,0,0,0,0,0,0,0,0,0,0,0,0,0,0,0,0,0,0,0,0,0,0,0,0,0,941,20200123,287,1.439,0.260
20200125,3,0,0,0,0,0,0,7,0,0,0,0,3,0,0,0,0,0,0,0,0,0,0,0,0,0,0,0,0,0,0,0,0,0,3,0,0,0,0,0,0,0,0,0,0,0,0,0,0,0,0,0,0,0,0,0,0,0,0,0,0,0,1406,2,0,0,0,0,0,0,0,0,0,0,0,0,0,0,0,0,0,0,0,0,0,0,0,0,0,3,0,0,0,0,0,0,0,0,2,0,0,0,0,0,0,0,0,0,0,0,0,0,0,0,0,0,0,0,0,0,0,0,0,0,0,0,0,0,0,0,0,0,0,0,0,0,0,0,1,0,0,0,0,0,0,0,2,0,0,0,0,2,0,0,0,0,0,0,0,0,0,0,0,0,0,0,0,0,0,0,0,0,0,0,0,0,0,0,0,0,0,0,0,0,0,0,0,0,1434,20200124,493,1.524,0.085
20200126,4,0,0,0,0,0,0,8,0,0,0,0,4,0,0,0,0,0,0,0,0,0,0,4,0,0,0,0,0,0,0,0,0,0,3,0,0,0,0,0,0,0,0,0,0,0,0,0,0,0,0,0,0,0,0,0,0,0,0,0,0,0,2075,2,0,0,0,0,0,0,0,0,0,0,0,0,0,0,0,0,0,0,0,0,0,0,0,0,0,4,0,0,0,0,0,0,0,0,5,0,0,0,0,0,0,0,0,0,0,0,0,0,0,0,0,0,0,0,0,0,0,0,0,0,0,0,0,0,0,0,0,0,0,0,0,0,0,0,1,0,0,0,0,0,0,0,3,1,0,0,0,4,0,0,0,0,0,0,0,0,0,0,0,0,0,0,0,0,0,0,0,0,0,0,0,0,0,0,0,0,0,0,0,0,0,0,0,0,2118,20200125,684,1.477,-0.047
20200127,4,0,0,0,0,0,0,8,0,0,0,0,5,0,0,0,0,0,0,0,0,0,0,5,0,0,0,0,0,0,0,0,0,0,3,0,0,0,0,0,0,0,0,0,0,0,0,0,0,0,0,0,0,0,0,0,0,0,0,0,0,0,2877,2,0,0,0,0,0,0,0,0,0,0,0,0,0,0,0,0,0,0,0,0,0,0,0,0,0,5,0,0,0,0,0,0,0,0,5,0,0,0,0,0,0,0,0,0,0,0,0,0,0,0,0,0,0,0,0,0,0,0,0,0,0,0,0,0,0,0,0,0,0,0,0,1,0,0,1,0,0,0,0,0,0,0,4,1,0,0,0,4,0,0,0,0,0,0,0,0,0,0,0,0,1,0,0,0,0,0,1,0,0,0,0,0,0,0,0,0,0,0,0,0,0,0,0,0,2927,20200126,809,1.382,-0.095
20200128,4,0,0,0,0,0,0,14,0,0,0,0,8,0,0,0,0,0,0,0,0,0,0,5,0,0,0,0,0,0,0,0,0,0,4,0,0,0,0,0,0,0,0,0,0,0,0,0,0,0,0,0,0,0,0,0,0,0,0,0,0,0,5509,2,0,0,0,0,0,0,0,0,0,0,0,0,0,0,0,0,0,0,0,0,0,0,0,0,0,7,0,0,0,0,0,0,0,0,5,0,0,0,0,0,0,0,0,0,0,0,0,0,0,0,0,0,0,0,0,0,0,0,0,0,0,0,0,0,0,0,0,0,0,0,0,1,0,0,1,0,0,0,0,0,0,0,4,2,0,0,0,7,0,0,0,0,0,0,0,0,0,0,0,0,4,0,0,0,0,0,1,0,0,0,0,0,0,0,0,0,0,0,0,0,0,0,0,0,5578,20200127,2651,1.906,0.524
20200129,7,0,0,0,0,0,0,14,0,0,1,0,8,0,0,0,0,0,0,0,0,0,0,6,0,0,0,0,0,0,0,0,0,0,5,0,0,0,0,0,0,0,0,0,0,0,0,0,0,0,0,0,0,0,0,0,0,0,0,0,0,4,6087,2,0,0,0,0,0,0,0,0,0,0,0,0,0,0,0,0,0,0,0,0,0,0,0,0,0,7,0,0,0,0,0,0,0,0,5,0,0,0,0,0,0,0,0,0,0,0,0,0,0,0,0,0,0,0,0,0,0,0,0,0,0,0,0,0,0,0,0,0,0,0,0,1,0,0,1,0,0,0,0,0,0,0,4,2,0,0,0,7,0,0,0,0,0,0,0,0,0,0,0,0,4,0,0,0,0,0,1,0,0,0,0,0,0,0,0,0,0,0,0,0,0,0,0,0,6166,20200128,588,1.105,-0.800
20200130,8,0,0,0,0,0,0,14,0,0,1,0,9,0,0,0,0,0,0,0,0,0,0,9,0,0,0,0,0,0,0,0,0,0,5,0,0,0,0,0,0,0,0,0,0,0,0,0,0,0,0,0,0,0,0,0,0,0,0,0,0,4,8141,2,0,0,0,0,0,0,0,0,0,0,0,0,0,0,1,0,0,0,0,0,0,0,0,0,0,10,0,0,0,0,0,0,0,0,5,0,0,0,0,0,1,0,0,0,0,0,0,0,0,0,0,0,0,0,0,0,0,0,0,0,0,0,0,0,0,0,0,0,0,0,0,1,0,0,1,0,0,0,0,0,0,0,4,2,0,0,0,11,0,0,0,0,0,0,0,0,0,0,0,0,4,0,0,0,0,0,1,0,0,0,0,0,0,0,0,0,0,0,0,0,0,0,0,0,8234,20200129,2068,1.335,0.230
20200131,8,0,0,0,0,0,0,19,0,0,1,0,10,0,0,0,0,0,0,0,0,0,0,9,0,0,0,0,0,0,0,0,0,0,5,0,0,0,0,0,0,0,0,0,0,0,0,0,0,0,0,0,0,0,0,0,0,0,0,0,0,4,9802,2,0,0,0,0,0,0,0,0,0,0,0,0,0,0,1,0,0,0,0,0,0,0,0,1,0,13,0,0,0,0,0,0,0,0,7,0,0,0,0,0,1,0,0,0,0,0,0,0,0,0,0,0,0,0,0,0,0,0,0,0,0,0,0,0,0,0,0,0,0,0,0,1,0,0,1,0,0,0,0,0,0,0,11,4,0,0,0,15,0,0,2,0,0,0,0,0,0,0,0,0,5,0,0,0,0,0,1,0,2,0,0,0,0,0,2,0,0,0,0,0,0,0,0,0,9927,20200130,1693,1.206,-0.130
20200201,8,0,0,0,0,0,0,19,0,0,1,0,10,0,0,0,0,0,0,0,0,0,0,12,0,0,0,0,0,0,0,0,0,0,6,0,0,0,0,0,0,0,0,0,0,0,0,0,0,0,0,0,0,0,0,0,0,0,0,0,0,4,11891,6,0,0,0,0,0,0,0,0,0,0,0,0,0,0,1,0,0,0,0,0,0,0,0,1,0,16,0,0,0,0,0,0,0,0,8,0,0,0,0,0,1,0,0,0,0,0,0,0,0,0,0,0,0,0,0,0,0,0,0,0,0,0,0,0,0,0,0,0,0,0,0,1,0,0,1,0,0,0,0,0,0,0,12,4,0,0,0,20,0,0,2,0,0,0,0,0,0,0,0,0,8,0,0,0,0,0,1,0,2,0,0,0,0,0,2,0,0,0,0,1,0,0,0,0,12038,20200131,2111,1.213,0.007
20200202,8,0,0,0,0,0,0,19,0,0,1,0,10,0,0,0,0,0,0,0,0,0,0,12,0,0,0,0,0,0,0,0,0,0,6,0,0,0,0,0,0,0,0,0,0,0,0,0,0,0,0,0,0,0,0,0,0,0,0,0,0,5,16630,6,0,0,0,0,0,0,0,0,0,0,0,0,0,0,2,0,0,0,0,0,0,0,0,1,0,18,0,0,0,0,0,0,0,0,8,0,0,0,0,0,2,0,0,0,0,0,0,0,0,0,0,0,0,0,0,0,0,0,0,0,0,0,0,0,0,0,0,0,0,0,0,1,0,0,1,0,0,0,0,0,0,0,15,4,0,0,0,20,0,0,2,0,0,0,0,0,0,0,0,0,10,0,0,0,0,0,1,0,2,0,0,0,0,0,2,0,0,0,0,1,0,0,0,0,16787,20200201,4749,1.395,0.182
20200203,8,0,0,0,0,0,0,19,0,0,1,0,10,0,0,0,0,0,0,0,0,0,0,12,0,0,0,0,0,0,0,0,0,0,6,0,0,0,0,0,0,0,0,0,0,0,0,0,0,0,0,0,0,0,0,0,0,0,0,0,0,5,19716,8,0,0,0,0,0,0,0,0,0,0,0,0,0,0,2,0,0,0,0,0,0,0,0,1,0,18,0,0,0,0,0,0,0,0,11,0,0,0,0,0,3,0,0,0,0,0,0,0,0,0,0,0,0,0,0,0,0,0,0,0,0,0,0,0,0,0,0,0,0,0,0,1,0,0,1,0,0,0,0,0,0,0,15,4,0,0,0,20,0,0,2,0,0,0,0,0,0,0,0,0,12,0,0,0,0,0,1,0,2,0,0,0,0,0,2,0,0,0,0,1,0,0,0,0,19881,20200202,3094,1.184,-0.210
20200204,10,0,0,0,0,0,0,25,0,0,1,0,11,0,0,0,0,0,0,0,0,0,0,13,0,0,0,0,0,0,0,0,0,0,6,0,0,0,0,0,0,0,0,0,0,0,0,0,0,0,0,0,0,0,0,0,0,0,0,0,0,5,23707,8,0,0,0,0,0,0,0,0,0,0,0,0,0,0,2,0,0,0,0,0,0,0,0,1,0,24,0,0,0,0,0,0,0,0,11,0,0,0,0,0,3,0,0,0,0,0,0,0,0,0,0,0,0,0,0,0,0,0,0,0,0,0,0,0,0,0,0,0,0,0,0,1,0,0,1,0,0,0,0,0,0,0,16,4,0,0,0,22,0,0,2,0,0,0,0,0,0,0,0,0,12,0,0,0,0,0,1,0,2,0,0,0,0,0,2,0,0,0,1,1,0,0,0,0,23892,20200203,4011,1.202,0.017
20200205,12,0,0,0,0,0,0,25,0,0,1,0,11,0,0,0,0,0,0,0,0,0,0,13,0,0,0,0,0,0,0,0,0,0,6,0,0,0,0,0,0,0,0,0,0,0,0,0,0,0,0,0,0,0,0,0,0,0,0,0,0,5,27440,8,0,0,0,0,0,0,0,0,0,0,0,0,0,0,2,0,0,0,0,0,0,0,0,1,0,28,0,0,0,0,0,0,0,0,11,0,0,0,0,0,3,0,0,0,0,0,0,0,0,0,0,0,0,0,0,0,0,0,0,0,0,0,0,0,0,0,0,0,0,0,0,1,0,0,1,0,0,0,0,0,0,0,19,5,0,0,0,22,0,0,2,0,0,0,0,0,0,0,0,0,12,0,0,0,0,0,1,0,2,0,0,0,0,0,2,0,0,0,1,1,0,0,0,0,27635,20200204,3743,1.157,-0.045
20200206,12,0,0,0,0,0,0,25,0,0,1,0,16,0,0,0,0,0,0,0,0,0,0,14,0,0,0,0,0,0,0,0,0,0,6,0,0,0,0,0,0,0,0,0,0,0,0,0,0,0,0,0,0,0,0,0,0,0,0,0,0,5,30587,10,0,0,0,0,0,0,0,0,0,0,0,0,0,0,2,0,0,0,0,0,0,0,0,1,0,28,0,0,0,0,0,0,0,0,11,0,0,0,0,0,3,0,0,0,0,0,0,0,0,0,0,0,0,0,0,0,0,0,0,0,0,0,0,0,0,0,0,0,0,0,0,1,0,0,1,0,0,0,0,0,0,0,23,5,0,0,0,22,0,0,2,0,0,0,0,0,0,0,0,0,12,0,0,0,0,0,1,0,2,0,0,0,0,0,2,0,0,0,1,1,0,0,0,0,30794,20200205,3159,1.114,-0.042
20200207,12,0,0,0,0,0,0,25,0,0,1,0,16,0,0,0,0,0,61,0,0,0,0,15,0,0,0,0,0,0,0,0,0,0,6,0,0,0,0,0,0,0,0,0,0,0,0,0,0,0,0,0,0,0,0,0,0,0,0,0,0,5,34110,10,0,0,0,0,0,0,0,0,0,0,0,0,0,0,3,0,0,0,0,0,0,0,0,1,0,30,0,0,0,0,0,0,0,0,11,0,0,0,0,0,3,0,0,0,0,0,0,0,0,0,0,0,0,0,0,0,0,0,0,0,0,0,0,0,0,0,0,0,0,0,0,1,0,0,1,0,0,0,0,0,0,0,24,7,0,0,0,25,0,0,3,0,0,0,0,0,0,0,0,0,13,0,0,0,0,0,1,0,3,0,0,0,0,0,2,0,0,0,1,1,0,0,0,0,34391,20200206,3597,1.117,0.002
20200208,16,0,0,0,0,0,0,32,0,0,1,0,17,0,0,0,0,0,61,0,0,0,0,15,0,0,0,0,0,0,0,0,0,0,11,0,0,0,0,0,0,0,0,0,0,0,0,0,0,0,0,0,0,0,0,0,0,0,0,0,0,7,36814,13,0,0,0,0,0,0,0,0,0,0,0,0,0,0,3,0,0,0,0,0,0,0,0,1,0,33,0,0,0,0,0,0,0,0,11,0,0,0,0,0,3,0,0,0,0,0,0,0,0,0,0,0,0,0,0,0,0,0,0,0,0,0,0,0,0,0,0,0,0,0,0,1,0,0,1,0,0,0,0,0,0,0,24,7,0,0,0,25,0,0,3,0,0,0,0,0,0,0,0,0,13,0,0,0,0,0,1,0,3,0,0,0,0,0,2,0,0,0,1,1,0,0,0,0,37120,20200207,2729,1.079,-0.037
20200209,16,0,0,0,0,0,0,32,0,0,1,0,18,0,0,0,0,0,64,0,0,0,0,15,0,0,0,0,0,0,0,0,0,0,11,0,0,0,0,0,0,0,0,0,0,0,0,0,0,0,0,0,0,0,0,0,0,0,0,0,0,7,39829,13,0,0,0,0,0,0,0,0,0,0,0,0,0,0,3,0,0,0,0,0,0,0,0,1,0,40,0,0,0,0,0,0,0,0,11,0,0,0,0,0,3,0,0,0,0,0,0,0,0,0,0,0,0,0,0,0,0,0,0,0,0,0,0,0,0,0,0,0,0,0,0,1,0,0,1,0,0,0,0,0,0,0,25,7,0,0,0,26,0,0,3,0,0,0,0,0,0,0,0,0,14,0,0,0,0,0,1,0,3,0,0,0,0,0,2,0,0,0,1,2,0,0,0,0,40150,20200208,3030,1.082,0.002
20200210,18,0,0,0,0,0,0,32,0,0,1,0,18,0,0,0,0,0,135,0,0,0,0,15,0,0,0,0,0,0,0,0,0,0,11,0,0,0,0,0,0,0,0,0,0,0,0,0,0,0,0,0,0,0,0,0,0,0,0,0,0,8,42354,14,0,0,0,0,0,0,0,0,0,0,0,0,0,0,3,0,0,0,0,0,0,0,0,1,0,45,0,0,0,0,0,0,0,0,11,0,0,0,0,0,3,0,0,0,0,0,0,0,0,0,0,0,0,0,0,0,0,0,0,0,0,0,0,0,0,0,0,0,0,0,0,1,0,0,1,0,0,0,0,0,0,0,27,7,0,0,0,26,0,0,8,0,0,0,0,0,0,0,0,0,14,0,0,0,0,0,1,0,3,0,0,0,0,0,2,0,0,0,1,2,0,0,0,0,42762,20200209,2612,1.065,-0.017
20200211,18,0,0,0,0,0,0,33,0,0,1,0,18,0,0,0,0,0,135,0,0,0,0,15,0,0,0,0,0,0,0,0,0,0,11,0,0,0,0,0,0,0,0,0,0,0,0,0,0,0,0,0,0,0,0,0,0,0,0,0,0,8,44386,15,0,0,0,0,0,0,0,0,0,0,0,0,0,0,3,0,0,0,0,0,0,0,0,1,0,47,0,0,0,0,0,0,0,0,12,0,0,0,0,0,3,0,0,0,0,0,0,0,0,0,0,0,0,0,0,0,0,0,0,0,0,0,0,0,0,0,0,0,0,0,0,1,0,0,1,0,0,0,0,0,0,0,28,7,0,0,0,26,0,0,8,0,0,0,0,0,0,0,0,0,16,0,0,0,0,0,1,0,3,0,0,0,0,0,2,0,0,0,1,2,0,0,0,0,44802,20200210,2040,1.048,-0.017
20200212,18,0,0,0,0,0,0,33,0,0,1,0,18,0,0,0,0,0,175,0,0,0,0,15,0,0,0,0,0,0,0,0,0,0,11,0,0,0,0,0,0,0,0,0,0,0,0,0,0,0,0,0,0,0,0,0,0,0,0,0,0,8,44759,15,0,0,0,0,0,0,0,0,0,0,0,0,0,0,3,0,0,0,0,0,0,0,0,1,0,50,0,0,0,0,0,0,0,0,12,0,0,0,0,0,3,0,0,0,0,0,0,0,0,0,0,0,0,0,0,0,0,0,0,0,0,0,0,0,0,0,0,0,0,0,0,1,0,0,1,0,0,0,0,0,0,0,28,7,0,0,0,28,0,0,9,0,0,0,0,0,0,0,0,0,16,0,0,0,0,0,1,0,3,0,0,0,0,0,2,0,0,0,1,2,0,0,0,0,45221,20200211,419,1.009,-0.038
20200213,19,0,0,0,0,0,0,33,0,0,1,0,18,0,0,0,0,0,175,0,0,0,0,15,0,0,0,0,0,0,0,0,0,0,11,0,0,0,0,0,0,0,0,0,0,0,0,0,0,0,0,0,0,0,0,0,0,0,0,0,0,8,59895,16,0,0,0,0,0,0,0,0,0,0,0,0,0,0,3,0,0,0,0,0,0,0,0,1,0,58,0,0,0,0,0,0,0,0,13,0,0,0,0,0,3,0,0,0,0,0,0,0,0,0,0,0,0,0,0,0,0,0,0,0,0,0,0,0,0,0,0,0,0,0,0,1,0,0,1,0,0,0,0,0,0,0,28,7,0,0,0,28,0,0,9,0,0,0,0,0,0,0,0,0,16,0,0,0,0,0,1,0,3,0,0,0,0,0,2,0,0,0,1,2,0,0,0,0,60368,20200212,15147,1.335,0.326
20200214,19,0,0,0,0,0,0,33,0,0,1,0,18,0,0,0,0,0,218,0,0,0,0,15,0,0,0,0,0,0,0,0,0,0,11,0,0,0,0,0,0,0,0,0,0,0,0,0,0,0,0,0,0,0,0,0,0,0,0,0,0,8,66358,16,0,0,0,0,0,1,0,0,0,0,0,0,0,0,3,0,0,0,0,0,0,0,0,1,0,67,0,0,0,0,0,0,0,0,13,0,0,0,0,0,3,0,0,0,0,0,0,0,0,0,0,0,0,0,0,0,0,0,0,0,0,0,0,0,0,0,0,0,0,0,0,1,0,0,1,0,0,0,0,0,0,0,28,7,0,0,0,29,0,0,9,0,0,0,0,0,0,0,0,0,16,0,0,0,0,0,1,0,3,0,0,0,0,0,2,0,0,0,1,2,0,0,0,0,66885,20200213,6517,1.108,-0.227
20200215,22,0,0,0,0,0,0,33,0,0,1,0,18,0,0,0,0,0,285,0,0,0,0,15,0,0,0,0,0,0,0,0,0,0,12,0,0,0,0,0,0,0,0,0,0,0,0,0,0,0,0,0,0,0,0,0,0,0,0,0,0,8,68413,16,0,0,0,0,0,1,0,0,0,0,0,0,0,0,3,0,0,0,0,0,0,0,0,1,0,72,0,0,0,0,0,0,0,0,13,0,0,0,0,0,3,0,0,0,0,0,0,0,0,0,0,0,0,0,0,0,0,0,0,0,0,0,0,0,0,0,0,0,0,0,0,1,0,0,1,0,0,0,0,0,0,0,28,7,0,0,0,43,0,0,9,0,0,0,0,0,0,0,0,0,16,0,0,0,0,0,1,0,3,0,0,0,0,0,2,0,0,0,1,2,0,0,0,0,69030,20200214,2145,1.032,-0.076
20200216,22,0,0,0,0,0,0,34,0,0,1,0,20,0,0,0,0,0,355,0,0,0,0,15,0,0,0,0,0,0,0,0,0,0,12,0,0,0,0,0,0,0,0,0,0,0,0,0,0,0,0,0,0,0,0,0,0,0,0,0,0,9,70513,16,0,0,0,0,0,1,0,0,0,0,0,0,0,0,3,0,0,0,0,0,0,0,0,1,0,75,0,0,0,0,0,0,0,0,13,0,0,0,0,0,3,0,0,0,0,0,0,0,0,0,0,0,0,0,0,0,0,0,0,0,0,0,0,0,0,0,0,0,0,0,0,1,0,0,1,0,0,0,0,0,0,0,29,7,0,0,0,59,0,0,9,0,0,0,0,0,0,0,0,0,16,0,0,0,0,0,1,0,3,0,0,0,0,0,2,0,0,0,1,2,0,0,0,0,71224,20200215,2194,1.032,0.000
20200217,22,0,0,0,0,0,0,35,0,0,1,0,22,0,0,0,0,0,454,0,0,0,0,15,0,0,0,0,0,0,0,0,0,0,12,0,0,0,0,0,0,0,0,0,0,0,0,0,0,0,0,0,0,0,0,0,0,0,0,0,0,9,72434,16,0,0,0,0,0,1,0,0,0,0,0,0,0,0,3,0,0,0,0,0,0,0,0,1,0,77,0,0,0,0,0,0,0,0,13,0,0,0,0,0,3,0,0,0,0,0,0,0,0,0,0,0,0,0,0,0,0,0,0,0,0,0,0,0,0,0,0,0,0,0,0,1,0,0,1,0,0,0,0,0,0,0,30,8,0,0,0,66,0,0,9,0,0,0,0,0,0,0,0,0,16,0,0,0,0,0,1,0,3,0,0,0,0,0,2,0,0,0,1,2,0,0,0,0,73258,20200216,2034,1.029,-0.003
20200218,22,0,0,0,0,0,0,35,0,0,1,0,22,0,0,0,0,0,542,0,0,0,0,15,0,0,0,0,0,0,0,0,0,0,12,0,0,0,0,0,0,0,0,0,0,0,0,0,0,0,0,0,0,0,0,0,0,0,0,0,0,9,74211,16,0,0,0,0,0,1,0,0,0,0,0,0,0,0,3,0,0,0,0,0,0,0,0,1,0,81,0,0,0,0,0,0,0,0,13,0,0,0,0,0,3,0,0,0,0,0,0,0,0,0,0,0,0,0,0,0,0,0,0,0,0,0,0,0,0,0,0,0,0,0,0,1,0,0,1,0,0,0,0,0,0,0,31,8,0,0,0,74,0,0,9,0,0,0,0,0,0,0,0,0,16,0,0,0,0,0,1,0,3,0,0,0,0,0,2,0,0,0,1,2,0,0,0,0,75136,20200217,1878,1.026,-0.003
20200219,22,0,0,0,0,0,0,35,0,0,1,0,23,0,0,2,0,0,621,0,0,0,0,15,0,0,0,0,0,0,0,0,0,0,12,0,0,0,0,0,0,0,0,0,0,0,0,0,0,0,0,0,0,0,0,0,0,0,0,0,0,9,74619,16,0,0,0,0,0,1,0,0,0,0,0,0,0,0,3,0,0,0,0,0,0,0,0,1,0,84,0,0,0,0,0,0,0,0,13,0,0,0,0,0,3,0,0,0,0,0,0,0,0,0,0,0,0,0,0,0,0,0,0,0,0,0,0,0,0,0,0,0,0,0,0,1,0,0,1,0,0,0,0,0,0,0,31,8,0,0,0,84,0,0,9,0,0,0,0,0,0,0,0,0,16,0,0,0,0,0,1,0,3,0,0,0,0,0,2,0,0,0,1,2,0,0,0,0,75639,20200218,503,1.007,-0.019
20200220,22,0,0,0,0,0,0,35,0,0,1,0,24,0,0,5,0,0,634,0,0,0,0,15,0,0,0,0,0,0,0,0,0,0,12,0,0,0,0,0,0,0,0,0,0,0,0,0,0,0,0,0,0,0,0,0,0,0,0,0,0,9,75077,16,0,0,0,0,0,1,0,0,0,0,0,0,0,0,3,0,0,0,0,0,0,0,0,1,0,84,0,0,0,0,0,0,0,0,13,0,0,0,0,0,3,0,0,0,0,0,0,0,0,0,0,0,0,0,0,0,0,0,0,0,0,0,0,0,0,0,0,0,0,0,0,1,0,0,1,0,0,0,0,0,0,0,104,8,0,0,0,94,0,0,9,0,0,0,0,0,0,0,0,0,16,0,0,0,0,0,1,0,3,0,0,0,0,0,2,0,0,0,1,2,0,0,0,0,76197,20200219,558,1.007,0.001
20200221,22,0,0,0,0,0,0,35,0,0,1,0,26,0,0,18,0,0,634,0,0,0,0,15,0,0,0,0,0,0,0,0,0,0,12,0,0,0,0,0,0,0,0,0,0,0,0,0,0,0,0,0,0,0,0,0,0,0,0,0,0,9,75550,16,0,0,0,0,0,1,0,0,0,0,0,0,0,0,3,0,0,0,0,0,0,0,0,1,0,85,0,0,0,0,0,0,0,0,15,0,0,0,0,0,3,0,0,0,0,0,0,0,0,0,0,0,0,0,0,0,0,0,0,0,0,0,0,0,0,0,0,0,0,0,0,1,0,0,1,0,0,0,0,0,0,0,204,9,0,0,0,105,0,0,9,0,0,0,0,0,1,0,0,0,16,0,0,0,0,0,1,0,20,0,0,0,0,0,2,0,0,0,1,2,0,0,1,0,76819,20200220,622,1.008,0.001
20200222,22,0,0,0,0,0,0,35,0,0,1,0,26,0,0,28,0,0,634,0,0,0,0,15,0,0,0,0,0,0,0,0,0,0,12,0,0,0,0,0,0,0,0,0,0,0,0,0,0,0,0,0,0,0,0,0,0,0,0,0,0,13,77001,16,0,0,0,0,0,1,0,0,0,0,0,0,0,0,3,0,0,0,0,0,0,0,0,1,0,85,0,0,0,0,0,0,0,0,15,0,0,0,0,0,3,0,0,0,0,0,0,0,0,0,0,0,0,0,0,0,0,0,0,0,0,0,0,0,0,0,0,0,0,0,0,1,0,0,1,0,0,0,0,0,0,0,433,9,0,0,0,122,0,0,9,0,0,0,0,0,1,0,0,0,16,0,0,0,0,0,1,0,62,0,0,0,0,0,2,0,0,0,1,2,0,0,1,0,78572,20200221,1753,1.023,0.015
20200223,22,0,0,0,0,0,0,35,0,0,1,0,28,0,0,43,0,0,691,0,0,0,0,15,0,0,0,0,0,0,0,0,0,0,12,0,0,0,0,0,0,0,0,0,0,0,0,0,0,0,0,0,0,0,0,0,0,0,0,0,0,13,77022,16,0,0,0,0,0,1,0,0,0,0,0,0,0,0,3,0,0,0,0,0,0,0,0,1,0,89,0,0,0,0,0,0,0,0,15,0,0,0,0,0,3,0,0,0,0,0,0,0,0,0,0,0,0,0,0,0,0,0,0,0,0,0,0,0,0,0,0,0,0,0,0,1,0,0,1,0,0,0,0,0,0,0,602,9,0,0,0,147,0,0,9,0,0,0,0,0,1,0,0,0,16,0,0,0,0,0,1,0,155,0,0,0,0,0,2,0,0,0,1,2,0,0,1,0,78958,20200222,386,1.005,-0.018
20200224,22,0,0,0,0,0,0,35,0,0,1,0,30,0,0,61,0,0,691,0,0,0,1,15,0,0,0,0,0,0,0,0,1,0,12,0,0,0,0,0,0,0,0,0,0,0,0,0,2,0,0,0,0,0,0,0,0,0,0,0,0,13,77241,16,0,0,0,0,0,1,0,0,0,0,0,0,0,0,3,0,0,0,0,0,0,0,0,1,0,89,0,0,0,0,0,0,1,0,51,0,0,0,0,0,3,0,0,0,0,0,0,0,0,0,0,0,0,0,0,0,0,0,0,0,0,0,0,0,0,0,0,0,0,0,0,1,0,0,1,0,0,0,0,0,0,0,833,10,0,0,0,159,0,0,13,1,0,0,0,0,1,0,0,0,16,0,0,0,0,0,1,0,229,0,0,0,0,0,2,0,0,0,1,2,0,0,1,0,79561,20200223,603,1.008,0.003
20200225,22,0,0,0,0,0,0,37,0,0,1,0,31,0,0,95,0,0,691,0,0,2,1,15,0,0,0,0,0,0,0,0,11,0,14,0,0,0,0,0,0,0,1,0,0,0,0,0,2,0,0,0,0,0,0,0,0,0,0,0,0,13,77754,16,0,0,0,0,0,1,0,0,0,0,0,0,0,0,3,0,0,0,0,1,0,0,0,1,0,91,0,0,0,0,0,0,1,0,51,0,0,0,0,0,3,0,0,0,0,0,0,0,0,0,0,0,0,0,0,0,0,0,0,0,0,0,0,0,1,0,0,0,0,0,0,1,0,0,1,0,0,0,0,0,0,0,977,11,0,0,0,170,0,0,13,23,2,0,0,0,1,0,0,0,17,0,0,0,0,0,1,0,322,0,0,0,0,0,2,0,0,0,1,6,0,0,1,0,80408,20200224,847,1.011,0.003
20200226,22,0,0,0,1,0,0,40,0,0,2,0,32,0,0,139,0,0,705,0,0,2,5,15,0,0,0,0,0,0,0,0,26,0,18,0,0,0,0,0,0,0,1,0,0,0,0,0,4,0,0,0,0,0,0,0,0,0,0,0,0,13,78166,16,0,0,0,0,0,1,0,0,0,0,0,0,0,0,3,0,0,1,0,1,0,0,0,2,0,93,0,0,0,0,0,0,1,0,57,0,0,0,0,0,3,0,0,0,0,0,0,0,0,0,0,1,0,0,0,0,0,0,0,1,0,0,0,0,3,0,0,0,0,0,0,1,0,0,1,0,0,0,0,0,0,0,1261,11,0,1,0,189,0,0,13,33,2,0,0,0,2,0,0,0,27,0,0,0,0,0,1,0,453,0,0,0,0,0,2,0,0,0,1,13,0,0,2,1,81388,20200225,980,1.012,0.002
20200227,23,0,0,0,1,1,0,40,0,0,2,1,32,0,0,245,0,0,705,1,0,2,7,15,0,0,0,0,0,0,0,0,43,0,38,0,0,0,0,0,0,0,1,0,0,0,0,0,4,0,0,0,0,0,0,0,0,0,0,0,0,13,78600,16,0,0,0,0,0,1,0,0,0,0,0,0,0,0,3,0,0,1,0,8,0,0,0,7,0,93,0,0,0,0,0,0,1,0,58,0,0,0,0,0,3,0,0,0,0,0,0,0,0,0,0,3,0,0,0,0,0,0,0,1,0,0,0,0,3,0,0,0,0,0,0,1,0,0,1,0,0,0,0,0,0,0,1766,13,0,1,0,214,0,0,15,33,3,0,0,0,3,0,0,0,46,0,0,0,0,0,1,1,655,0,0,0,0,0,2,0,0,0,1,15,0,0,2,1,82746,20200226,1358,1.017,0.004
20200228,23,0,0,0,6,1,0,41,0,0,2,1,34,0,0,388,0,0,705,1,0,4,7,15,0,0,0,0,0,0,0,0,45,0,57,0,0,1,0,0,1,0,1,0,0,0,0,0,4,0,0,0,0,0,0,0,0,0,0,0,0,19,78928,16,0,0,0,0,0,1,0,0,0,0,0,0,0,0,3,0,0,1,0,8,0,0,0,7,0,93,0,0,0,0,0,0,1,0,60,1,0,0,0,0,3,0,0,0,0,0,0,0,1,0,0,4,0,0,0,0,0,0,0,1,0,0,0,0,5,0,0,0,1,0,0,1,0,0,1,0,0,0,0,0,0,1,2337,14,0,3,0,228,0,0,20,36,3,0,0,0,4,0,0,0,48,0,0,0,0,0,1,1,888,0,0,0,0,0,2,0,0,0,1,32,0,0,2,1,84114,20200227,1368,1.017,0.000
20200229,25,0,0,0,15,1,0,42,0,0,3,3,39,0,0,593,0,0,705,6,0,4,13,25,0,0,0,0,0,0,0,0,45,0,100,0,0,1,0,0,4,0,1,0,0,0,0,0,6,0,0,0,0,0,0,0,0,0,0,0,0,21,79356,16,0,0,0,0,0,1,0,0,0,0,0,0,1,0,3,0,0,1,0,18,0,0,0,12,0,102,0,0,0,1,0,0,1,0,68,1,0,0,0,0,3,0,0,0,0,0,0,1,1,0,0,4,0,0,0,0,0,0,0,1,0,0,0,0,6,0,0,0,1,0,0,1,0,0,1,0,0,0,0,0,0,1,3150,20,0,3,0,241,0,0,23,41,9,0,0,0,7,0,0,0,79,0,0,1,0,0,1,1,1128,0,0,0,0,0,2,0,0,0,1,45,0,0,4,2,86011,20200228,1897,1.023,0.006
20200301,29,0,0,0,19,1,0,42,0,0,6,4,40,0,0,978,1,0,705,10,0,4,19,27,0,0,0,0,0,0,0,0,45,0,130,3,0,1,0,0,5,0,1,0,0,0,0,0,6,0,0,0,0,0,0,0,0,0,0,0,0,21,79932,16,0,0,0,0,0,2,0,0,0,0,0,0,1,6,3,0,0,3,0,27,0,0,0,14,0,106,0,0,0,1,0,0,1,0,74,1,0,0,0,0,3,0,0,0,0,0,0,3,3,0,0,7,0,0,0,0,0,0,0,1,0,0,0,0,7,0,0,0,1,0,0,1,0,0,1,0,0,0,1,0,0,1,3736,24,0,3,0,256,0,0,36,47,14,0,0,0,10,0,0,0,130,3,0,1,0,0,1,1,1694,0,0,0,0,0,2,0,0,0,2,84,0,0,10,2,88369,20200229,2358,1.027,0.005
20200302,29,0,0,0,25,1,0,43,0,0,6,4,41,0,0,1501,1,0,705,18,0,5,26,30,0,0,0,0,0,0,0,0,56,0,191,3,0,1,0,0,5,0,3,0,0,0,0,0,6,0,0,0,0,0,0,0,0,0,0,0,0,21,80136,16,0,0,0,1,0,2,0,1,2,0,0,1,1,6,3,0,0,3,0,42,0,0,0,15,0,108,0,0,0,1,0,2,1,0,98,1,0,0,0,0,5,0,0,0,0,0,0,3,6,0,0,7,0,0,0,0,0,0,0,1,0,0,0,0,7,0,0,0,1,0,0,1,0,0,1,0,0,0,1,0,0,1,4335,27,0,3,0,274,0,0,40,49,18,0,1,0,10,0,0,0,159,3,0,1,0,0,1,8,2036,0,1,0,0,0,3,0,0,0,8,120,0,0,13,2,90307,20200301,1938,1.022,-0.005
20200303,36,0,0,0,32,2,0,43,0,0,6,6,42,0,0,2336,1,0,706,24,0,5,32,39,0,0,0,0,0,0,0,0,56,1,204,3,0,1,0,0,5,0,5,0,0,0,0,0,12,0,0,0,0,0,0,0,0,1,0,0,0,27,80261,16,0,0,0,1,0,2,0,2,2,0,0,1,2,7,3,0,0,3,0,56,0,0,0,21,0,110,0,0,0,1,0,2,1,0,118,1,0,0,0,0,5,0,0,0,0,0,0,7,11,0,0,7,0,0,0,0,0,0,0,1,0,0,1,0,9,0,0,0,1,0,0,1,0,0,1,0,0,0,1,0,0,1,5186,30,0,3,0,293,0,0,51,49,21,0,1,0,12,0,0,1,196,5,0,1,0,0,1,10,2502,0,1,0,0,0,3,0,0,0,13,165,0,0,13,2,92840,20200302,2533,1.028,0.006
20200304,50,0,0,0,56,2,0,43,0,0,6,11,42,0,0,2922,1,0,706,38,0,5,35,52,0,0,0,0,0,0,0,0,56,1,288,3,0,3,0,0,5,0,12,0,1,0,0,0,15,0,0,0,0,2,0,0,0,1,0,0,0,27,80386,16,0,0,0,1,0,2,0,4,5,0,0,1,6,10,3,0,0,3,0,90,0,0,0,35,0,110,0,0,0,1,0,2,1,0,149,1,0,0,0,0,28,0,0,0,0,0,0,8,26,0,0,9,0,0,0,0,1,0,0,1,0,0,1,0,10,0,0,0,6,0,0,1,0,0,1,0,0,0,1,0,0,1,5621,33,0,4,0,331,0,0,86,52,29,0,1,0,15,0,0,1,262,8,0,1,0,0,1,16,3089,0,1,0,1,0,3,0,0,0,23,222,0,0,13,4,95120,20200303,2280,1.025,-0.003
20200305,50,0,0,0,87,3,0,47,0,0,12,11,44,0,0,3513,1,0,706,82,0,6,35,55,0,0,0,0,0,0,0,4,58,1,380,6,0,3,0,2,5,0,12,0,1,0,0,0,16,0,0,0,0,2,0,1,0,4,0,0,0,29,80537,16,0,0,0,1,0,3,0,4,8,0,0,5,6,13,3,0,0,4,0,114,0,0,0,94,0,117,0,0,0,1,0,2,1,0,219,1,0,0,0,0,30,0,0,0,0,0,2,8,34,0,0,31,0,0,0,0,1,0,0,1,0,0,1,0,10,0,0,0,6,0,0,1,0,0,1,0,0,0,1,0,0,1,6088,37,0,6,0,360,0,0,116,55,41,0,2,0,20,0,0,1,482,12,0,1,0,0,1,21,3858,0,1,0,1,0,4,0,0,0,50,259,0,0,16,4,97889,20200304,2769,1.029,0.005
20200306,83,0,0,0,108,10,0,48,0,0,15,24,45,0,0,4747,2,0,706,128,0,6,40,60,0,0,0,0,0,0,0,7,58,1,656,6,0,4,0,2,6,0,17,1,5,0,0,1,16,0,0,0,0,2,0,1,0,4,0,0,0,29,80690,16,0,0,0,1,0,15,1,4,13,1,0,5,18,13,5,1,0,4,0,214,0,0,0,101,1,130,0,0,0,2,0,4,1,0,267,1,0,0,0,0,31,0,0,0,0,0,7,8,43,0,0,45,0,0,0,0,1,0,0,3,0,0,1,0,11,1,0,0,6,0,0,1,0,0,1,0,0,0,1,0,0,1,6593,49,0,9,0,420,1,0,164,60,55,0,2,0,37,0,0,2,670,18,0,1,0,0,1,21,4636,1,1,0,1,0,13,0,0,0,109,400,0,0,22,13,101806,20200305,3917,1.040,0.011
20200307,93,0,0,0,147,10,0,50,0,0,15,24,45,0,0,5823,2,0,706,188,0,6,54,63,0,0,0,0,0,0,0,16,61,1,959,9,0,5,0,3,6,3,17,1,5,0,0,1,16,0,0,0,0,4,0,1,0,4,0,0,0,45,80770,18,0,0,0,1,0,15,1,4,20,1,0,5,18,13,6,1,0,4,0,268,0,0,0,161,1,138,0,0,0,2,0,4,1,0,403,1,0,0,0,0,34,0,0,0,0,0,7,8,50,0,0,46,0,0,0,0,1,0,0,3,0,0,1,0,12,1,0,0,6,0,0,1,0,0,1,0,0,0,1,0,0,1,7041,54,0,9,0,461,1,0,207,85,79,0,2,0,43,0,0,8,799,19,0,1,0,0,1,23,5883,1,1,0,1,0,13,0,0,0,169,500,0,0,22,13,105848,20200306,4042,1.040,0.000
20200308,99,0,0,0,176,10,0,50,0,0,23,37,45,4,0,6566,5,0,706,265,0,6,60,76,0,0,0,0,0,0,0,16,64,1,1136,9,0,5,0,3,7,3,19,1,11,0,0,1,16,0,0,0,0,7,0,3,0,8,0,0,0,45,80823,30,0,0,0,2,0,49,2,4,30,1,0,11,19,14,10,6,0,13,0,337,0,0,0,203,3,150,0,1,0,3,0,6,4,0,519,1,0,0,0,0,39,0,0,0,0,0,16,15,50,0,0,73,0,4,0,0,2,0,0,3,0,0,1,0,12,1,0,0,6,0,0,2,0,0,1,0,0,0,1,0,0,1,7314,64,0,15,0,502,1,0,274,85,104,0,2,0,61,0,0,12,1040,31,0,1,0,0,1,36,7375,5,1,0,1,3,17,1,0,0,200,673,0,0,32,20,109822,20200307,3974,1.038,-0.002
20200309,117,0,0,0,205,10,0,50,0,0,30,92,45,4,0,7161,5,0,706,321,0,16,60,91,0,0,0,0,0,0,0,19,64,1,1219,9,0,5,2,3,7,3,20,1,16,0,0,1,16,0,0,0,0,9,0,3,0,8,0,0,0,45,80860,30,0,2,0,6,0,55,2,4,30,1,0,15,21,15,20,7,0,15,0,374,0,0,0,248,3,150,0,1,0,3,0,19,4,0,588,1,0,0,0,0,43,0,0,0,0,0,16,18,58,0,0,73,0,4,0,0,2,0,1,3,0,0,1,0,12,1,0,0,6,0,0,2,0,0,1,0,0,0,1,0,0,2,7478,77,0,15,0,511,1,0,322,95,131,0,2,0,61,0,0,12,1176,31,0,1,0,0,1,36,9172,9,1,0,1,3,17,1,0,0,239,1073,0,0,32,25,113605,20200308,3783,1.034,-0.003
20200310,129,0,0,0,400,12,0,53,0,0,40,264,47,6,0,8042,5,0,706,382,0,19,71,107,0,0,0,0,0,0,0,26,69,1,1794,11,0,5,10,5,7,5,20,1,22,0,0,5,18,0,0,0,0,9,0,7,0,13,0,0,0,74,80887,31,0,3,0,8,0,59,2,4,41,1,0,20,34,15,33,11,0,15,0,491,0,0,0,355,7,160,0,1,1,5,0,27,5,0,962,1,0,0,0,0,56,0,0,0,0,0,31,24,69,0,0,89,0,4,0,0,5,0,1,7,0,0,1,0,14,1,0,0,9,0,0,2,0,1,1,0,0,0,1,0,0,2,7513,79,0,25,0,581,3,1,384,110,182,0,3,0,75,0,0,17,1457,41,0,1,0,0,1,51,10149,9,1,0,1,3,20,3,0,0,267,1695,0,0,41,31,118626,20200309,5021,1.044,0.010
20200311,149,0,0,2,598,16,0,59,0,0,59,444,48,8,0,9000,5,0,706,503,0,20,71,128,0,0,0,0,0,0,0,30,72,1,2293,11,0,5,12,7,8,6,20,1,31,0,0,12,18,0,1,0,0,13,0,13,0,23,0,0,0,74,80921,38,0,6,0,10,0,60,2,4,59,1,0,21,43,17,49,11,0,24,0,652,0,0,0,500,10,178,0,5,1,7,0,34,7,0,1285,3,2,0,0,0,62,0,0,0,0,0,57,262,85,0,0,99,0,7,0,0,7,0,11,7,0,0,1,0,19,1,0,0,9,1,0,3,0,8,1,0,0,0,1,0,0,2,7755,108,0,45,0,639,9,2,459,195,246,0,5,0,79,0,0,19,1908,91,1,1,0,0,2,62,12462,13,1,0,1,3,20,3,0,1,314,2277,0,0,61,38,125880,20200310,7254,1.061,0.017
20200312,149,0,0,2,702,16,0,70,0,0,59,617,49,8,0,10075,5,0,706,503,0,28,71,128,0,0,0,0,0,0,0,30,80,1,2293,11,0,5,23,11,12,6,24,1,49,0,0,19,18,0,1,0,1,13,0,17,0,23,0,0,0,85,80932,39,0,6,0,10,0,67,2,4,59,1,0,45,43,17,52,15,0,24,0,652,0,0,0,599,16,178,0,5,1,19,0,34,7,0,1667,3,2,0,0,0,73,0,0,0,0,0,89,262,103,0,0,99,0,7,0,0,7,0,11,7,0,0,1,0,19,1,0,0,12,2,0,3,0,11,1,0,0,0,4,0,0,2,7869,117,0,49,0,639,9,2,459,195,302,0,6,0,100,0,0,19,2078,94,1,2,3,0,2,69,15113,22,1,0,1,3,28,3,0,1,314,2277,0,0,61,52,131015,20200311,5135,1.041,-0.020
20200313,197,0,0,3,996,79,0,75,0,0,155,804,50,9,0,11364,5,1,706,806,0,31,101,200,0,0,0,0,0,0,0,31,80,3,3681,15,0,5,33,13,26,12,26,1,68,0,0,35,19,0,2,0,1,19,4,24,0,43,0,0,0,85,80945,47,0,14,0,17,4,80,2,10,112,1,0,86,90,17,64,28,1,25,0,1139,0,0,0,814,32,200,0,6,1,34,0,69,7,0,2181,6,2,0,0,0,82,0,0,1,0,0,141,320,134,0,0,190,0,23,0,0,16,1,37,14,0,0,1,0,32,1,0,0,27,8,0,5,0,27,1,0,0,1,8,0,0,2,7979,193,0,89,0,701,13,2,802,195,504,0,7,0,126,0,0,31,3675,141,1,2,4,0,6,80,17660,23,1,0,1,3,45,6,0,5,559,5232,0,0,77,151,145228,20200312,14213,1.108,0.068
20200314,238,0,0,10,1090,115,0,82,0,0,225,836,53,10,3,12729,11,1,706,962,0,53,110,250,0,0,0,0,0,0,0,35,104,3,4496,15,0,6,38,18,41,18,37,1,103,0,2,46,19,0,2,0,1,30,6,38,0,61,0,2,0,85,80977,53,1,26,0,26,6,109,2,10,169,1,0,103,129,28,111,38,1,30,0,1359,0,0,2,961,44,212,0,6,1,51,0,96,11,0,2729,8,2,0,0,0,102,0,0,1,0,0,181,337,156,0,0,228,1,41,0,1,18,1,40,14,0,0,1,0,38,1,0,1,27,8,0,7,1,36,1,1,1,1,18,0,0,2,8086,198,0,123,0,773,22,2,1144,210,655,0,17,2,155,0,0,34,4585,189,1,2,4,0,10,80,21157,26,1,0,4,3,59,12,1,5,689,6391,0,0,93,151,156142,20200313,10914,1.075,-0.033
20200315,428,0,0,10,1221,171,0,114,0,0,244,875,59,13,6,13938,11,1,706,1138,0,136,116,297,0,0,1,0,1,0,0,38,112,3,4532,23,0,8,42,24,53,21,48,1,119,0,2,48,22,0,2,0,4,32,8,51,0,74,0,2,0,98,81003,56,2,26,1,30,9,110,2,24,245,1,0,103,129,28,140,43,1,33,0,2200,0,0,2,1022,54,226,0,6,1,59,0,117,16,0,3536,12,3,0,0,0,113,0,0,3,0,1,219,401,171,0,0,331,1,51,0,1,18,1,50,14,0,0,8,0,49,1,0,1,27,10,0,7,1,43,1,1,1,1,26,0,0,2,8162,252,0,131,0,839,34,3,1145,214,860,0,28,10,213,0,0,45,5795,253,1,2,4,0,18,101,24747,27,1,0,4,5,63,23,1,6,886,7798,0,0,110,162,167590,20200314,11448,1.073,-0.002
20200316,566,0,0,11,1333,205,0,147,1,0,277,933,67,13,6,14991,11,5,706,1416,0,236,124,377,0,0,1,0,1,0,0,38,123,7,6683,28,0,8,51,25,82,30,54,1,177,0,3,55,22,0,2,1,4,39,29,62,0,155,0,2,0,98,81033,61,2,33,1,34,10,150,4,24,331,1,0,118,169,37,142,86,1,33,1,2200,0,0,4,1103,63,243,0,8,1,77,0,134,21,0,4661,17,6,0,0,0,119,0,0,3,0,6,253,439,180,0,0,331,1,52,0,2,20,1,54,18,0,1,17,0,57,1,0,1,36,10,0,7,5,55,1,1,1,1,52,0,0,2,8236,415,1,158,0,839,54,15,1551,214,1018,0,29,17,218,0,0,56,7272,298,1,7,4,0,28,109,27980,35,2,0,4,8,90,23,1,18,1058,9942,0,0,110,200,181753,20200315,14163,1.085,0.011
20200317,673,0,0,11,1463,225,0,177,1,0,321,1025,77,13,7,16169,21,5,706,1711,0,299,154,452,0,2,1,0,1,0,0,39,130,14,7715,28,0,12,55,26,93,38,60,1,238,0,4,65,24,0,3,1,7,50,50,62,0,201,0,2,0,98,81058,66,2,46,1,49,33,196,10,26,448,1,0,171,223,58,187,117,1,34,1,2700,0,0,5,1190,72,266,0,9,5,140,0,172,22,0,6437,25,8,0,0,0,142,0,0,3,0,10,275,439,220,0,0,387,1,67,0,6,24,1,56,26,0,1,34,0,65,1,0,1,36,12,2,33,7,69,1,1,1,1,78,0,0,3,8320,478,1,184,0,878,65,15,1960,228,1332,0,38,33,250,0,0,68,9257,396,5,7,5,0,44,109,31506,41,39,1,7,10,114,30,1,47,1243,11748,0,0,120,321,197213,20200316,15460,1.085,0.001
20200318,790,0,0,12,1550,258,0,212,2,0,336,1116,100,13,7,17361,21,6,712,2058,0,454,164,568,0,2,1,0,4,3,0,41,142,14,9124,28,0,20,59,38,118,38,74,1,251,0,4,83,39,0,4,2,7,58,79,116,0,238,0,2,0,113,81102,75,2,49,1,71,35,196,10,31,448,1,1,171,292,111,202,145,1,38,1,3028,0,0,7,1279,105,313,0,11,6,203,0,227,22,0,7781,27,9,0,0,0,156,0,0,3,0,15,275,452,250,0,3,418,1,92,0,6,29,1,68,35,0,3,52,0,81,1,0,1,51,13,2,35,8,86,1,1,1,2,84,0,2,8,8413,657,1,260,0,889,93,20,2642,256,1646,0,49,36,304,0,0,79,12327,464,6,7,7,0,51,119,35713,50,39,1,28,14,147,30,1,98,1486,13910,0,0,133,372,215028,20200317,17815,1.090,0.005
20200319,900,0,0,12,1746,267,0,272,2,0,400,1225,108,13,11,18407,34,6,712,2467,0,501,192,681,0,3,3,0,6,3,0,44,148,16,10970,44,0,28,64,63,164,53,87,1,355,0,6,103,48,1,14,2,7,73,94,150,0,238,0,3,0,140,81156,85,2,67,1,86,44,256,13,31,785,1,1,274,557,199,217,234,1,40,3,4075,0,0,9,1439,123,345,0,11,6,335,0,311,22,0,13748,36,12,0,0,1,194,0,1,7,0,23,286,460,330,0,3,418,1,94,0,9,39,1,75,48,0,6,69,1,105,1,0,1,51,15,5,37,8,109,1,2,1,2,115,0,2,8,8565,800,1,277,0,924,102,33,2716,278,2013,0,63,42,427,0,0,97,15320,694,9,7,11,0,60,119,41035,69,53,1,28,17,199,49,1,192,1795,17963,0,0,157,621,242679,20200318,27651,1.129,0.038
20200320,1030,0,1,15,1914,283,0,322,2,2,450,1337,135,13,16,19644,72,9,712,3003,0,730,208,791,0,14,3,0,6,12,0,47,159,29,12758,44,0,39,70,89,203,64,90,9,425,0,7,135,48,1,18,2,7,85,110,202,1,434,0,3,0,140,81250,91,2,67,3,111,49,285,20,38,1020,1,1,344,683,367,230,234,1,43,3,5294,0,0,9,1639,137,385,0,13,6,484,1,369,24,0,19274,49,24,0,1,1,244,0,1,7,0,33,341,470,409,0,6,495,4,127,0,12,54,1,78,67,1,6,85,1,128,2,0,1,69,16,5,51,17,137,1,2,3,2,136,0,2,12,8652,943,1,308,0,963,128,40,4014,285,2388,0,77,42,529,0,0,128,19848,833,9,11,16,0,73,144,47021,89,75,1,28,20,253,66,1,359,2257,20410,3,0,163,793,272493,20200319,29814,1.123,-0.006
20200321,1183,1,2,19,2118,306,0,411,2,2,523,1420,153,13,19,20610,112,9,712,3640,0,776,214,1071,0,14,3,1,6,14,0,48,176,47,14463,53,0,52,76,93,251,73,139,16,536,0,7,171,52,1,23,3,7,103,135,240,1,537,0,3,0,153,81305,94,2,84,3,124,53,294,27,47,1280,1,1,392,785,506,307,318,2,49,4,6575,0,0,49,1763,178,432,0,18,10,670,3,450,24,0,25600,83,24,0,1,1,330,0,2,7,0,43,383,481,473,0,14,530,4,163,0,17,60,1,83,85,3,6,85,3,206,2,0,1,76,16,6,53,17,200,1,2,4,2,160,0,2,22,8799,1277,1,367,0,1007,196,64,5067,305,2814,0,96,70,712,0,0,158,22213,995,14,11,21,0,77,144,53578,117,88,1,37,25,306,80,1,670,2815,25374,3,0,187,1021,304626,20200320,32133,1.118,-0.005
20200322,1306,1,2,24,2385,326,0,599,2,2,626,1514,169,13,23,21638,202,11,712,4217,0,875,233,1549,0,21,3,1,6,28,1,52,188,73,16243,65,0,102,89,126,316,90,201,16,634,0,7,222,55,2,30,3,19,131,158,274,1,632,0,3,0,153,81435,113,2,95,3,139,60,327,40,67,1600,1,1,511,906,789,380,363,2,54,4,7474,0,0,50,1934,185,455,1,22,10,798,3,514,40,1,33280,143,26,0,2,1,396,0,2,15,0,43,414,494,568,0,14,624,5,187,0,19,75,1,88,115,3,12,112,3,254,2,0,1,76,19,14,84,19,313,1,2,5,2,194,0,3,30,8961,1469,1,433,1,1101,231,75,5745,334,3582,0,115,70,883,0,1,266,24873,1120,14,23,35,0,82,175,59138,134,113,1,37,27,367,94,4,1236,3401,28768,3,0,248,1546,337121,20200321,32495,1.107,-0.011
20200323,1518,1,3,27,2621,352,0,721,5,6,700,1572,195,13,27,23049,245,11,712,4764,0,972,266,1682,1,27,4,9,9,36,2,59,189,73,20123,72,0,102,104,136,367,107,230,18,749,0,7,249,66,3,36,3,20,167,162,402,1,746,0,4,0,198,81498,123,3,116,3,180,62,366,56,79,2060,1,3,562,1125,981,462,395,4,61,4,8795,0,0,51,2046,186,509,1,22,10,875,3,579,40,1,43862,179,30,0,3,1,499,0,2,16,0,46,442,501,588,0,16,695,5,201,0,20,89,3,91,136,3,12,127,3,315,2,0,1,81,19,17,87,36,345,2,2,5,2,235,0,3,40,8961,2088,1,576,1,1128,277,99,6726,377,4474,0,143,77,1071,0,1,301,29056,1236,25,23,40,0,97,187,63927,158,133,2,51,33,438,109,4,1529,3743,35136,12,0,267,1924,378398,20200322,41277,1.122,0.016
20200324,1624,1,3,29,2863,369,0,827,6,7,792,1718,215,13,53,24811,312,12,712,5580,0,1063,316,2044,1,47,4,9,9,42,2,59,191,97,22622,87,0,155,123,166,405,110,264,20,901,0,7,303,84,4,45,3,5,187,189,554,1,922,0,7,2,248,81591,134,3,124,3,197,72,402,66,86,2362,4,3,767,1329,1082,552,416,4,70,5,9877,0,0,57,2286,204,558,1,27,10,1099,3,686,74,3,53925,209,30,1,3,3,536,0,2,25,0,50,480,526,648,0,42,743,7,218,0,21,114,3,104,148,3,12,154,5,382,2,0,1,81,21,18,91,40,345,2,2,6,3,249,0,3,44,9037,2790,1,794,1,1193,378,114,8164,392,5283,0,170,84,1238,0,1,387,32986,1394,73,23,48,0,102,187,69176,177,164,3,51,39,495,125,4,1872,4269,39885,17,0,318,2247,418386,20200323,39988,1.106,-0.017
20200325,1796,4,3,32,3084,404,0,934,6,8,880,1862,235,13,93,27017,392,12,712,6438,0,1201,346,2364,2,52,4,14,9,48,7,59,195,145,25600,93,0,205,146,176,475,129,302,23,1051,0,7,384,99,5,48,3,5,226,217,709,1,1142,0,7,3,333,81661,141,3,132,3,221,81,456,75,99,2995,4,11,900,1564,1173,636,480,4,75,5,10897,0,2,60,2526,216,631,5,37,10,1333,3,790,84,5,65844,274,36,1,7,3,657,0,2,28,2,60,528,537,737,0,44,821,8,242,0,24,173,3,109,177,4,12,172,9,442,2,0,1,86,26,18,96,41,443,3,2,6,3,265,0,12,51,9137,3251,1,906,1,1307,470,146,9640,419,5588,0,225,91,2369,2,1,387,37323,1654,80,31,57,0,102,208,74386,201,188,3,51,39,658,149,4,2433,4937,49515,19,0,333,2554,467955,20200324,49569,1.118,0.013
20200326,2031,6,4,43,3369,538,0,1045,6,8,958,2023,252,13,132,29406,488,12,712,7468,0,1373,382,2810,2,69,4,14,12,81,11,84,208,196,29551,122,0,283,174,191,585,134,367,23,1221,0,7,384,109,5,51,3,5,261,238,927,1,1306,0,8,6,333,81782,153,3,146,3,244,111,495,75,105,3544,4,11,1012,1819,1403,707,580,4,79,9,11811,0,2,65,2840,226,683,5,41,11,1453,3,893,94,7,83836,299,52,1,10,3,727,0,2,31,4,75,562,549,802,0,44,892,8,264,0,25,197,7,114,201,4,13,212,13,495,2,0,1,86,26,18,96,50,558,3,3,7,3,290,71,16,65,9241,4042,2,1029,1,1387,491,152,11812,458,6909,0,275,107,2693,2,7,502,43938,1925,96,33,67,0,106,208,80589,231,224,3,56,44,840,177,6,3629,6235,57786,23,0,368,2985,529894,20200325,61939,1.132,0.014
20200327,2161,6,4,61,3755,575,8,1136,6,8,1041,2200,267,16,137,32332,581,16,712,8647,0,1495,458,3143,2,82,4,23,12,94,11,91,225,310,33402,165,0,368,186,237,717,139,409,25,1389,0,7,457,131,5,51,3,5,300,274,1170,1,1610,0,8,6,405,81897,163,3,162,3,280,150,536,91,119,4268,4,12,1104,2121,1595,803,635,8,83,10,12928,0,2,66,3069,269,732,5,52,11,1605,5,1046,110,7,101962,358,68,1,10,3,887,0,2,31,11,88,632,562,890,0,58,966,8,293,0,28,227,7,115,219,5,13,235,13,586,3,0,1,94,26,24,99,54,674,4,3,7,3,329,86,22,70,9332,4682,3,1292,1,1468,539,180,14745,466,7657,0,345,107,3035,2,7,589,50871,2279,101,42,80,0,106,223,86498,263,267,3,56,48,1036,199,9,5698,7284,65719,26,0,391,3417,593886,20200326,63992,1.121,-0.012
20200328,2320,6,5,74,4015,645,8,1245,6,8,1167,2366,283,16,141,35408,719,16,712,9819,0,1597,506,3640,2,84,4,30,12,102,11,98,235,356,38105,182,0,451,197,258,848,149,454,25,1638,2,8,659,152,5,65,3,8,343,303,1187,1,1909,0,8,8,468,81999,174,3,179,3,305,228,576,91,130,5170,6,14,1203,2415,1823,1075,671,8,90,10,14076,0,2,74,3447,292,802,5,56,12,1831,7,1155,110,8,121786,394,95,3,10,3,987,0,4,38,18,104,684,590,963,0,58,1061,8,331,0,34,278,7,120,241,5,14,246,19,657,3,0,1,94,30,26,99,60,786,5,5,7,5,407,91,28,89,9478,5576,3,1452,1,1693,608,207,17312,476,8271,0,402,119,3619,2,7,690,57695,2631,101,42,119,0,113,224,92472,295,308,3,56,48,1264,231,9,7402,9134,73235,26,0,412,3904,661276,20200327,67390,1.113,-0.007
20200329,2470,12,7,81,4284,679,10,1388,6,15,1240,2564,298,17,152,38309,859,21,712,10930,0,1717,547,3984,2,85,19,33,12,107,11,109,255,475,40708,209,0,514,212,323,993,151,511,25,1862,2,8,741,167,5,65,3,8,408,309,1280,1,2139,0,11,8,570,82122,188,9,214,3,347,284,609,139,142,5962,6,18,1299,2615,1924,1418,852,16,91,11,14829,0,2,78,3700,314,844,9,59,12,1950,7,1285,120,8,140910,460,110,8,18,3,1024,0,4,42,18,144,730,634,1020,0,84,1156,8,346,0,34,312,7,126,259,6,14,259,24,713,4,0,1,94,32,33,103,70,901,5,5,7,6,424,94,29,111,9583,6280,3,1815,1,1866,702,222,19780,499,8788,0,479,119,4247,2,9,745,62095,2817,165,46,139,0,117,224,97689,314,334,4,56,48,1534,263,9,9217,10836,80110,39,0,438,4256,720411,20200328,59135,1.089,-0.024
20200330,2626,12,7,97,4445,715,14,1524,6,15,1352,2755,306,17,152,41495,901,23,712,11817,0,1938,630,4361,3,91,19,33,12,128,11,116,266,548,45170,273,0,589,223,368,1094,156,584,30,2055,2,8,785,179,5,81,3,8,447,320,1326,1,2449,0,11,8,611,82198,203,9,230,3,376,302,656,139,162,6408,6,18,1453,2910,1962,1546,950,22,103,14,15922,0,8,82,4028,336,879,10,64,12,1988,7,1414,170,8,162147,491,139,8,27,5,1251,0,4,50,25,149,756,693,1086,0,94,1212,8,359,0,36,312,7,127,285,6,19,268,30,790,4,3,1,152,36,33,107,70,989,5,5,7,6,482,94,35,131,9661,7398,3,2109,1,1866,798,246,22453,515,9618,0,556,135,4695,7,9,820,66885,3001,168,49,170,0,122,230,101739,330,370,4,62,49,1836,298,9,10827,11899,87956,43,0,446,4579,783037,20200329,62626,1.087,-0.002
20200331,2766,15,7,107,4641,745,15,1651,9,15,1418,3039,322,18,161,44605,1109,26,712,12667,0,2118,694,4559,3,109,19,44,12,143,12,119,289,645,52827,298,0,647,243,420,1215,169,716,34,2311,2,10,900,192,5,98,3,12,492,338,1353,1,2738,0,11,9,664,82279,212,13,262,3,398,343,710,193,175,7443,6,30,1563,3235,2240,2084,1065,22,110,14,16605,0,8,87,4435,363,926,10,65,12,2178,8,1528,174,8,188172,537,141,10,27,7,1397,2,5,59,28,172,802,781,1135,0,107,1314,9,399,1,38,394,7,129,329,6,19,274,32,867,4,4,1,152,36,34,109,75,1181,5,6,16,7,532,112,35,135,9786,8527,5,2245,1,1953,906,261,25481,567,10180,0,617,135,5358,8,9,1054,71808,3308,179,52,186,0,143,236,105792,347,376,4,68,51,2337,353,9,13531,12775,95923,57,0,470,5717,857788,20200330,74751,1.095,0.009
20200401,2908,15,8,115,4863,779,15,1771,13,16,1446,3290,329,19,195,47593,1284,29,712,13696,0,2421,728,4862,3,123,19,44,15,161,12,134,317,794,57749,359,0,708,259,459,1378,188,847,36,2554,9,10,1060,210,5,109,6,19,525,350,1380,1,3031,0,14,10,814,82361,218,13,320,3,446,380,779,233,190,8251,6,33,1720,3447,2748,2311,1323,30,117,21,17768,0,9,90,4947,400,1000,10,69,14,2319,8,1677,237,10,213602,581,172,10,74,7,1998,2,5,81,31,181,841,835,1220,0,111,1415,10,422,2,39,423,7,131,354,6,20,278,32,963,4,4,1,163,44,34,109,82,1181,5,6,18,7,571,125,36,174,9887,9560,5,2460,1,2178,1065,282,29865,569,10711,0,654,143,6092,8,9,1054,77872,3508,190,55,212,0,146,236,110574,375,390,4,68,54,2777,423,9,15679,13964,104118,57,0,479,6836,933313,20200331,75525,1.088,-0.007
20200402,3116,22,8,123,5147,858,20,1875,13,16,1518,3573,339,19,204,50468,1380,29,712,14788,0,2686,772,5116,3,144,22,45,15,169,12,161,342,897,59929,400,0,797,277,533,1510,196,986,39,2946,9,10,1171,231,7,134,6,19,585,369,1462,1,3404,0,14,10,1024,82432,233,13,356,3,458,435,865,306,195,9034,7,40,1885,3849,3163,2633,1414,52,134,24,18827,0,9,94,5568,426,1049,16,77,14,2487,9,1790,273,10,244008,649,219,11,98,8,2543,3,5,110,36,205,897,949,1319,0,116,1544,10,457,2,47,455,9,133,384,6,20,299,41,1011,5,4,2,304,47,46,110,84,1317,6,6,21,8,663,125,39,184,9976,11284,5,2738,1,2495,1161,288,34173,643,11129,0,708,146,6857,9,10,1133,84794,3858,194,60,233,3,151,245,115242,396,428,4,75,56,3548,505,9,18135,15348,112065,59,0,494,8044,1014128,20200401,80815,1.087,-0.001
20200403,3333,22,8,132,5370,961,20,1978,16,18,1615,3946,348,19,205,53183,1488,35,712,15821,0,2818,820,5330,4,174,22,48,16,186,12,194,417,1072,65202,443,0,868,304,579,1688,202,1171,40,3383,9,10,1476,252,7,134,7,23,623,386,1505,1,3737,0,14,10,1264,82511,237,13,396,8,493,464,985,509,207,9886,7,49,2039,4273,3368,3018,1595,73,155,24,19606,0,15,98,6131,450,1114,16,92,14,2612,9,1986,281,10,275798,696,222,11,120,8,2567,3,5,122,39,227,934,1075,1364,0,130,1613,10,485,2,50,495,15,134,430,6,20,310,46,1079,5,4,3,351,47,51,114,89,1475,6,6,21,10,736,126,39,210,10062,12437,7,3183,1,2617,1267,302,38689,672,11524,0,791,153,7428,9,12,1265,91159,4091,218,64,269,3,159,245,119827,416,439,4,75,61,4149,591,9,20921,16770,119199,70,0,508,9056,1096456,20200402,82328,1.081,-0.005
20200404,3483,29,10,139,5550,1039,21,2067,16,20,1882,4269,355,19,205,55743,1488,38,712,16727,0,3157,878,5550,4,201,22,48,16,196,14,217,479,1225,69500,521,0,950,333,624,1890,213,1251,41,3627,9,10,1624,277,12,154,10,23,678,400,1585,1,4161,0,14,10,1505,82543,240,14,426,8,509,531,1070,555,219,10524,7,50,2179,4604,3465,3094,1746,111,162,28,20505,0,18,103,6443,471,1189,16,96,14,2729,9,2092,299,10,309027,771,264,18,144,9,3082,3,5,126,41,266,977,1325,1417,0,144,1673,10,503,4,61,553,15,135,483,7,20,323,56,1126,5,4,7,440,53,52,114,102,1673,9,6,21,10,770,135,39,214,10156,12978,7,3613,1,3139,1406,318,42477,688,11781,0,919,155,7851,9,12,1451,96092,4472,245,66,288,4,166,259,124632,435,466,4,77,70,4731,752,9,23934,18431,126168,70,0,520,10360,1176775,20200403,80319,1.073,-0.008
20200405,3662,29,14,157,5687,1097,21,2169,22,21,1927,4561,363,19,214,58226,1745,43,712,17953,1,3766,961,5687,5,214,45,52,16,227,14,237,556,1308,71412,584,4,1039,361,654,2143,227,1320,44,4102,9,10,1908,298,12,154,13,24,733,406,1655,1,4471,0,16,11,1799,82602,241,14,446,8,533,584,1173,650,222,11278,7,59,2402,4994,3646,3246,2281,121,174,28,21100,0,18,104,6830,485,1309,19,104,14,2804,9,2273,349,10,336802,811,268,18,184,9,3588,3,6,142,45,342,997,1604,1486,0,147,1735,10,531,6,61,574,15,135,555,7,22,345,62,1182,5,6,7,562,58,56,114,104,1801,9,6,21,12,822,145,39,232,10237,15756,7,3864,1,3139,1485,345,48436,700,12051,0,1021,159,8430,10,12,1451,100123,4587,261,73,320,4,176,266,128948,454,501,4,77,88,5389,864,9,27069,19691,131646,72,0,527,11130,1250352,20200404,73577,1.063,-0.011
20200406,3793,31,16,183,5865,1108,22,2220,26,24,2176,4875,373,19,214,60500,1828,44,712,18926,1,4035,1031,5797,7,233,45,52,16,244,15,254,665,1319,75343,641,4,1106,377,674,2439,241,1423,58,4413,9,11,2200,331,14,161,14,31,744,415,1686,2,4815,0,16,12,2076,82665,245,14,465,8,542,662,1322,658,226,11730,7,90,2605,5364,3747,3660,2561,128,188,29,21657,4,18,105,7206,534,1375,19,113,15,2843,10,2491,367,10,366317,843,298,19,253,9,4778,3,6,158,47,457,1021,1832,1562,0,216,1755,10,549,6,70,596,15,135,570,7,24,349,69,1222,5,6,7,700,58,60,114,105,1988,9,6,24,12,833,145,39,238,10284,16563,7,4057,1,3654,1579,364,52279,756,12297,0,1120,165,8904,10,12,1554,103374,4822,323,77,350,5,178,266,132547,467,525,4,77,123,6343,965,10,30217,20814,136675,82,0,541,12161,1321705,20200405,71353,1.057,-0.005
20200407,3963,31,17,194,6086,1149,22,2258,26,25,2308,5266,376,19,287,62589,1956,52,712,19709,2,4263,1122,5895,7,241,45,52,16,268,15,261,743,1462,79163,717,4,1160,383,764,2785,293,1468,65,4848,9,11,2447,371,15,180,14,33,817,424,1749,2,5116,0,16,14,2359,82718,249,14,494,8,548,697,1450,658,237,12442,7,90,2795,5709,3747,3764,2954,144,196,33,22253,4,33,107,7693,581,1481,19,115,15,2970,11,2738,423,10,397121,880,305,20,278,10,5311,3,6,172,56,520,1059,2057,1586,0,228,1832,10,577,6,77,623,19,135,599,7,24,353,78,1282,5,6,8,861,63,63,115,105,2100,9,6,30,14,853,170,39,254,10331,17872,8,4417,1,3906,1780,384,55949,811,12639,0,1184,165,9248,11,12,1628,107663,5017,349,79,396,8,185,279,135586,483,545,4,78,164,7497,1056,10,34109,22194,141942,88,0,548,14034,1396666,20200406,74961,1.057,0.000
20200408,4119,33,19,210,6086,1185,22,2369,26,27,2487,5597,379,19,313,64586,2111,55,712,20682,2,4489,1202,6010,8,248,45,53,18,273,15,263,855,1668,83057,822,4,1210,400,804,3181,299,1572,70,5205,9,11,2666,419,15,180,31,37,895,456,1845,2,5546,0,16,15,2659,82809,251,14,526,8,577,727,1560,730,244,13141,8,135,2932,6074,4450,3870,4342,164,211,40,23280,4,33,107,8419,682,1623,19,119,16,3034,11,2956,444,17,428654,912,312,21,342,10,5916,3,6,179,59,545,1091,2210,1616,0,270,1884,10,593,7,87,628,19,135,617,7,25,358,93,1343,5,6,8,1066,63,63,117,110,2249,9,6,34,14,881,184,39,276,10384,19141,12,4761,1,4257,2054,414,61474,823,12942,0,1275,167,9404,11,12,1715,113296,5312,384,81,457,8,189,279,139422,502,564,4,78,218,8672,1174,12,38226,23403,148220,93,0,576,16170,1480458,20200407,83792,1.060,0.003
20200409,4228,33,19,264,6211,1207,23,2423,26,30,2605,5830,380,19,378,66220,2349,56,712,21903,3,4695,1232,6108,9,252,60,53,18,314,15,263,910,1892,87366,926,4,1239,409,858,3441,337,1666,73,5575,9,11,2867,457,15,180,31,37,980,473,1934,2,5972,0,16,16,2990,82883,255,14,564,8,589,781,1699,730,250,13956,8,135,3287,6574,4965,4076,5256,194,218,41,24051,4,36,109,9141,701,1910,19,124,16,3115,11,3293,484,17,463327,955,343,24,410,11,6725,3,7,184,74,582,1124,2376,1648,0,280,1955,10,618,7,95,643,19,135,663,7,25,372,103,1407,5,13,12,1486,63,66,119,110,2528,9,7,44,15,921,184,39,288,10423,20654,12,5202,1,4667,2223,443,65872,887,13244,0,1374,171,9968,11,12,1795,118181,5569,444,84,515,8,190,333,143626,539,583,4,78,330,10131,1289,12,42282,24983,153222,93,0,582,18092,1566308,20200408,85850,1.058,-0.002
20200410,4346,34,19,268,6314,1258,27,2473,35,31,2769,6014,382,19,378,68192,2620,65,712,23249,4,5011,1279,6215,10,255,60,53,18,318,16,267,993,2203,91738,991,4,1283,416,901,3844,350,1761,76,5955,9,11,3105,484,16,215,37,37,1190,494,2003,2,6501,0,16,16,3360,82941,257,15,595,8,612,812,1794,820,265,15472,8,150,3651,8089,7161,4195,5897,212,234,42,24551,4,36,109,9685,715,2108,19,129,16,3223,13,3512,521,20,496846,999,382,24,438,11,7598,3,7,189,87,624,1160,2512,1675,1,298,2011,10,635,8,126,671,19,136,711,7,32,372,117,1495,5,13,12,1981,63,67,119,118,2752,9,7,44,17,937,250,40,305,10450,22059,21,5467,2,5530,2473,443,74605,925,13555,0,1448,171,10408,12,14,1975,122171,5732,444,90,564,9,190,344,147577,558,601,4,79,424,11917,1438,12,47029,26667,158273,93,0,609,19638,1658577,20200409,92269,1.059,0.001
20200411,4530,34,19,275,6409,1304,38,2518,35,33,2905,6191,385,19,408,70029,2759,69,712,24571,4,5230,1318,6303,13,263,60,53,18,319,16,268,1154,2511,94863,1058,4,1312,433,946,4219,370,1825,76,6356,9,11,3380,546,16,223,48,45,1310,501,2028,2,6927,0,16,18,3736,83014,258,15,616,8,630,865,1939,820,278,15987,8,187,4033,8928,7257,4428,6848,250,242,46,25107,4,38,112,10151,728,2299,25,133,16,3270,14,3842,555,20,526776,1026,392,24,491,11,8446,5,8,191,87,767,1188,2728,1689,1,339,2081,10,661,8,137,685,21,136,760,8,32,381,118,1534,5,13,12,2226,65,68,120,120,2974,9,7,46,19,967,283,40,318,10480,23316,21,5990,2,6005,2709,484,79874,1040,13806,0,1545,175,10743,12,14,1975,124908,5831,533,92,620,12,198,356,152271,577,601,9,79,482,13584,1560,12,52167,28018,163027,102,0,619,20727,1736631,20200410,78054,1.047,-0.012
20200412,4683,34,19,300,6525,1309,41,2551,35,33,2974,6369,388,20,566,71686,2967,71,712,25746,4,5496,1352,6315,14,272,60,54,21,324,16,271,1234,2777,121712,1098,6,1330,446,1009,4661,378,1914,76,6674,9,11,3630,599,16,234,50,45,1410,480,2173,2,7213,0,16,19,4123,83134,262,15,633,8,651,951,2065,820,280,16585,8,214,4462,9655,7466,4648,7519,250,257,46,25415,4,38,113,10483,742,2532,25,134,16,3281,14,4241,607,21,555313,1053,393,25,529,18,9205,5,9,197,105,865,1205,2979,1701,1,377,2114,10,675,10,155,707,21,136,828,8,32,389,125,1600,5,13,12,2578,69,71,122,126,3234,12,7,49,19,1013,283,43,323,10512,24299,25,6300,2,6748,2776,497,85206,1136,13945,0,1661,181,11145,12,14,2142,127854,5991,574,93,669,13,210,356,156363,595,638,9,79,621,15770,1662,14,56956,29647,166831,106,0,630,22192,1835411,20200411,98780,1.057,0.010
20200413,4817,34,19,330,6603,1332,62,2579,35,40,3064,6513,393,20,566,73303,3167,74,712,26710,4,5837,1378,6351,18,274,60,54,21,324,16,273,1300,3102,125394,1148,6,1349,467,1037,5014,384,1983,77,6934,9,11,4054,727,16,235,59,45,1458,483,2272,2,7525,0,16,19,4521,83213,265,15,662,11,655,1091,2190,820,291,16934,8,298,4934,10647,7529,4932,9784,319,272,47,25688,4,38,113,10948,769,2918,25,147,17,3292,17,4557,665,21,580624,1062,397,26,529,23,10453,5,9,208,123,998,1212,3231,1711,1,419,2145,10,685,10,156,726,23,136,854,10,49,391,137,1650,5,13,12,2919,73,72,122,127,3400,14,7,57,29,1039,283,45,343,10537,25680,60,6633,4,7370,2852,497,89570,1361,14041,0,1763,189,11586,12,14,2208,130072,6059,626,93,726,16,217,356,159516,612,646,9,79,803,18328,1712,15,61049,30589,170099,106,0,632,23430,1905506,20200412,70095,1.038,-0.019
20200414,4987,34,19,354,6623,1373,63,2613,35,40,3161,6706,393,20,636,74877,3286,82,712,27580,4,6383,1400,6415,18,283,60,55,41,324,16,284,1355,3372,130365,1197,6,1366,475,1083,5399,393,2070,77,7202,9,11,4465,813,16,241,59,47,1512,492,2415,2,7917,0,16,19,4933,83306,266,15,695,11,657,1232,2350,848,299,17448,8,363,5369,11479,7603,5223,10303,363,300,49,25936,4,38,113,11445,835,3252,29,159,30,3307,17,4839,714,28,607670,1070,407,35,570,23,11487,5,9,216,144,1165,1220,3428,1720,1,430,2170,10,713,11,167,747,23,136,908,11,53,397,149,1704,5,13,12,3281,73,72,122,134,3472,16,7,57,32,1067,387,45,373,10564,27035,60,6879,6,7645,2979,528,94845,1528,14226,0,1888,189,12046,14,14,2277,131359,6111,638,93,766,16,233,371,162488,618,659,9,79,1012,21102,1934,15,65111,31119,172541,108,0,641,25262,1976112,20200413,70606,1.037,-0.001
20200415,5072,35,19,397,6740,1400,74,2643,35,41,3237,6876,395,22,636,76389,3614,85,712,28316,4,6919,1415,6440,18,288,117,55,51,324,16,291,1405,3764,133585,1253,6,1386,494,1110,5847,399,2160,81,7582,9,11,4873,910,16,254,59,55,1579,493,2506,2,8273,0,16,19,5365,83356,267,15,715,12,666,1295,2505,848,314,18091,8,435,5862,12547,7858,5453,11475,404,306,49,26336,4,43,114,11927,863,3699,33,161,30,3373,23,5136,784,29,636674,1091,419,48,584,23,12322,5,9,225,148,1302,1248,3711,1727,1,449,2192,10,747,13,180,780,23,136,974,56,88,401,159,1741,5,13,12,3728,125,73,122,136,3574,16,7,80,32,1111,387,48,407,10591,28209,80,7216,8,8100,3105,542,99483,1671,14336,0,2024,197,12501,14,14,2443,134753,6216,638,93,814,16,238,372,165155,626,673,9,79,1231,24490,2049,15,69392,33573,177644,110,0,658,28320,2056284,20200414,80172,1.041,0.004
20200416,5182,35,19,441,6896,1434,85,2672,35,41,3369,7074,395,25,641,77995,3755,92,712,29383,4,7025,1434,6462,18,303,117,55,51,324,16,294,1524,4161,146075,1283,6,1401,518,1167,6297,412,2268,81,7918,9,11,5318,1019,17,267,59,55,1652,502,2605,7,8807,0,16,19,5825,83403,268,15,735,12,675,1402,2673,996,335,18841,8,591,6380,13271,8225,5660,12491,438,348,53,26732,4,43,114,12540,977,4427,33,174,31,3444,23,5516,840,31,667981,1128,426,49,584,27,13430,5,9,234,171,1349,1268,4103,1739,1,466,2207,10,800,15,196,822,23,136,1081,56,94,402,164,1791,5,15,12,4204,143,75,122,138,3751,16,7,80,32,1159,449,48,442,10613,30809,80,7707,18,8626,3233,546,104145,1700,14476,0,2283,204,12758,14,14,2571,137698,6433,654,93,862,16,238,426,168941,642,673,9,79,1572,27938,2154,16,74193,34809,184948,111,0,663,30425,2152287,20200415,96003,1.047,0.006
20200417,5251,35,19,465,6937,1459,88,2700,35,43,3489,7268,395,28,641,79494,4126,96,712,30619,4,7638,1482,6522,18,303,143,56,79,324,16,307,1658,4662,148084,1340,6,1409,539,1214,6875,422,2418,83,8379,9,11,5690,1069,17,287,76,63,1763,508,2783,7,9252,0,16,19,6302,83760,268,15,750,12,682,1546,2844,996,342,19022,8,732,7142,13980,8450,5878,13489,477,370,54,27078,4,43,114,13216,1049,5050,38,199,31,3480,24,5923,906,34,700062,1149,442,49,627,27,14352,5,9,246,171,1405,1304,4663,1754,1,489,2224,10,846,26,214,864,23,136,1117,56,147,407,177,1814,5,15,12,4779,143,75,122,143,4016,30,7,108,33,1201,480,52,493,10635,32814,116,8067,18,9787,3439,557,109769,1740,14595,0,2564,204,12982,14,14,2669,141397,6549,688,94,923,17,244,435,172434,649,696,9,79,1838,32008,2264,16,78546,36138,190839,117,0,668,33682,2240603,20200416,88316,1.041,-0.006
20200418,5305,39,24,493,7036,1512,98,2733,35,44,3681,7437,398,35,834,80868,4335,105,712,31766,4,8348,1513,6568,18,307,143,55,79,325,16,313,1751,5106,148086,1373,6,1422,548,1268,7497,426,2534,84,8742,9,11,5994,1180,17,307,76,63,1834,517,3034,7,9730,0,16,19,6302,83787,268,15,761,12,712,1615,3032,1017,350,19685,8,732,8274,14758,9022,6087,14420,518,388,55,27404,4,46,114,13822,1089,5992,38,202,31,3537,25,6248,933,35,732590,1239,457,49,639,33,15722,5,9,262,216,1490,1317,5008,1760,1,506,2235,10,878,30,235,864,23,137,1170,58,147,413,190,1832,5,15,12,4779,163,75,122,144,4210,31,7,108,66,1248,510,57,542,10653,34356,135,8418,18,10296,3439,565,115314,1773,14671,0,2685,227,13265,14,14,2758,143342,6606,801,94,986,17,254,455,175925,655,704,9,79,2144,36793,2378,22,82329,37183,191726,120,0,672,36658,2318346,20200417,77743,1.035,-0.006
20200419,5389,39,24,520,7078,1528,111,2765,35,47,3783,7580,420,52,1042,82211,4680,108,712,32838,4,8418,1539,6610,18,308,143,55,79,328,16,319,1915,5449,153011,1398,6,1431,562,1285,8261,427,2629,84,9287,9,11,6318,1266,17,327,91,65,1916,528,3158,7,10088,0,16,19,6781,83805,268,15,767,12,727,1676,3144,1017,367,20206,8,846,9362,15251,9468,6259,15628,579,394,55,27740,4,50,114,14385,1161,6588,39,206,32,3550,25,6575,996,39,758809,1298,472,51,648,33,17615,5,10,270,224,1565,1330,5448,1771,1,554,2235,10,894,35,257,879,23,138,1207,61,170,417,201,1871,5,20,12,4779,173,75,122,147,4273,31,7,109,66,1291,561,61,627,10661,35633,164,8746,19,10797,3792,576,121172,1881,14749,0,2855,256,13491,14,14,2839,145184,6746,847,94,1035,17,271,461,178972,660,713,10,81,2456,42853,2472,22,86306,38496,198674,121,0,673,38654,2400857,20200418,82511,1.036,0.001
20200420,5425,39,24,564,7156,1535,119,2792,54,57,3868,7711,422,69,1042,83505,4964,111,712,33588,4,9565,1574,6623,18,312,160,56,79,328,16,329,1995,5710,155393,1436,6,1440,584,1309,8772,431,2718,84,9593,9,11,6630,1410,18,332,99,65,1984,535,3300,7,10507,0,16,19,7265,83817,268,15,772,12,739,1852,3333,1163,377,20863,9,846,10484,15652,10128,6459,16325,622,402,60,27944,4,50,114,14777,1173,8014,39,208,33,3558,25,6760,1026,39,784708,1326,477,51,648,33,18539,5,10,281,246,1627,1335,6015,1773,1,568,2245,10,929,43,289,884,23,138,1225,67,254,425,218,1881,5,20,12,6264,223,75,122,147,4467,31,7,120,107,1339,598,65,665,10674,37658,237,8936,22,10797,3977,581,125856,1907,14795,0,3046,256,13713,15,14,2941,147065,6900,847,94,1087,17,304,462,181228,662,717,10,81,2948,47121,2548,24,90980,39983,200210,121,0,677,40743,2473256,20200419,72399,1.030,-0.005
20200421,5482,39,24,598,7191,1552,121,2811,54,57,4014,7891,425,83,1042,84802,5044,114,712,34317,4,10076,1602,6645,18,313,165,61,83,328,16,329,2080,6125,158168,1480,6,1445,609,1342,9501,443,2811,86,9856,9,11,6890,1508,18,350,101,66,2098,543,3465,7,10832,0,16,19,7755,83853,268,15,784,14,748,1995,3490,1163,412,21379,9,945,11631,16040,10398,6599,17837,688,408,65,28063,4,50,115,15322,1199,9125,42,208,34,3618,28,7135,1092,39,811865,1350,494,51,657,33,20080,5,10,296,258,1678,1344,6533,1778,1,590,2401,10,975,50,294,884,23,138,1231,68,254,428,225,1908,6,20,12,6723,223,75,122,150,4658,43,7,156,107,1401,604,70,665,10683,39402,286,9242,23,11135,4149,600,130172,1973,14873,0,3209,285,13942,15,14,3031,148291,7033,916,94,1137,18,310,476,183957,669,717,10,81,3382,52763,2614,31,95591,40956,204178,121,0,677,43079,2549557,20200420,76301,1.031,0.001
20200422,5532,39,25,609,7338,1559,123,2826,54,62,4129,8108,426,86,1154,85996,5300,116,712,35032,4,11155,1631,6652,18,315,186,63,84,329,16,335,2248,6592,155980,1518,6,1451,634,1368,10544,444,2910,88,10169,9,11,7144,1614,18,359,101,67,2168,549,3635,8,11296,0,16,19,8238,83868,268,15,790,14,761,2135,3659,1163,442,21982,9,974,12772,16671,10850,6710,19250,761,416,65,28268,4,50,115,16004,1244,10141,42,213,35,3654,28,7418,1176,41,840351,1370,510,59,662,33,21370,11,10,303,293,1716,1353,7141,1785,1,612,2408,10,1024,61,316,909,24,138,1259,73,284,435,237,1950,6,22,13,7281,233,75,122,153,4821,45,7,166,140,1473,630,74,873,10694,41663,286,9710,23,11512,4356,609,134638,2027,14925,0,3446,288,14498,15,15,3144,150648,7132,952,94,1189,23,330,488,187327,681,723,10,81,3772,57999,2778,31,98674,41889,208389,121,0,682,45757,2625687,20200421,76130,1.030,-0.001
20200423,5603,39,25,703,7401,1592,139,2839,54,72,4284,8271,427,108,1154,87026,5543,116,712,35921,5,11940,1677,6662,18,316,186,74,84,331,16,336,2399,7170,158303,1548,6,1456,663,1413,11633,445,3007,88,10511,9,11,7276,1716,18,377,101,70,2284,557,3953,8,11812,0,16,19,8756,83884,268,15,795,16,778,2289,3891,1334,479,22353,9,986,13930,17607,11183,6981,20914,862,425,72,28496,4,50,115,16755,1325,11178,42,213,36,3665,28,7775,1279,46,869170,1398,519,60,671,33,23077,11,11,320,309,1758,1366,7764,1789,1,631,2463,10,1097,64,384,918,24,138,1300,82,284,437,250,1981,7,22,13,8022,257,76,122,154,5166,48,7,167,174,1523,669,76,981,10708,43299,328,10096,23,12368,4561,616,139246,2217,15002,0,3568,311,14803,15,15,3435,153129,7187,1004,94,1235,33,368,501,189973,686,723,10,81,4186,62773,2926,31,101790,42797,213024,121,0,688,50036,2709188,20200422,83501,1.032,0.002
20200424,5691,39,25,807,7463,1605,144,2907,54,72,4395,8408,428,129,1279,88194,5749,117,712,36729,5,12723,1708,6677,18,319,200,75,214,331,16,340,2614,7647,159952,1592,6,1461,678,1421,12872,447,3127,90,10892,9,11,7483,1790,18,394,117,73,2443,563,4220,8,12306,0,16,19,9281,83899,270,15,804,16,784,2482,4092,1430,545,22797,9,999,15102,18184,22719,7192,21648,954,444,73,28677,4,52,115,17567,1360,12075,42,223,37,3695,29,8211,1351,65,905358,1410,591,61,681,40,24530,11,11,336,325,1804,1373,8525,1789,1,665,2490,10,1234,82,430,922,24,138,1326,88,299,441,274,2009,7,22,14,8773,288,77,122,176,5338,49,7,172,174,1596,703,84,1095,10718,44919,328,10417,24,12829,4881,629,144640,2518,15071,0,3758,318,15058,15,15,3607,154999,7273,1077,94,1285,33,420,513,192994,687,731,10,81,4689,68622,3110,36,104912,44293,202990,122,0,696,54043,2796514,20200423,87326,1.032,0.000
20200425,5742,39,25,866,7499,1635,146,2907,54,72,4475,8643,429,177,1279,89328,5926,122,712,37384,5,13328,1763,6694,18,320,200,75,258,331,16,342,2892,8125,161644,1617,6,1470,712,1486,13842,448,3256,96,11273,9,11,7779,1905,18,416,120,73,2443,596,4361,8,12858,0,16,19,9813,83909,270,15,810,16,804,2601,4319,1518,614,23392,9,1008,16299,18561,22719,7294,25331,996,456,78,28894,4,52,115,18177,1373,12693,42,228,37,3711,31,8607,1463,70,938154,1426,627,61,684,46,26283,11,12,343,370,1862,1388,9358,1790,1,665,2506,10,1247,82,473,939,24,138,1367,90,299,444,274,2016,7,22,14,9590,305,79,122,183,5538,49,7,176,213,1677,731,84,1182,10728,46371,390,10635,24,13231,5142,629,149569,2588,15148,0,3897,323,15298,15,18,3780,156513,7352,1077,94,1337,33,460,513,195351,693,738,10,81,4998,74588,3304,56,107773,45325,205905,123,0,704,59324,2881745,20200424,85231,1.030,-0.002
20200426,5780,39,26,950,7527,1643,146,2922,64,74,4576,8773,429,214,1550,90481,6135,123,712,38040,6,13915,1820,6714,18,321,200,79,258,332,16,342,3075,8617,162220,1645,6,1469,726,1516,14677,448,3382,98,11617,9,11,8042,1998,18,442,124,74,2500,606,4546,8,13331,0,16,19,10349,83912,270,15,817,19,812,2717,4534,1621,671,23864,9,1023,17522,19262,22719,7579,27517,996,486,80,29061,4,53,115,18640,1379,13624,43,228,38,3723,31,8882,1531,76,965785,1438,627,61,696,46,27890,11,13,355,389,1869,1396,10287,1792,1,682,2517,10,1300,93,500,949,24,138,1386,106,299,447,298,2030,7,22,14,10463,350,79,122,191,5779,52,7,176,237,1746,763,88,1273,10738,48033,436,11036,24,13441,5379,632,154037,2647,15225,0,4065,325,15443,15,18,3892,157770,7404,1150,94,1369,34,523,538,197675,695,738,10,82,5416,80949,3408,59,110130,46134,207634,124,0,707,63100,2955620,20200425,73875,1.026,-0.005
20200427,5820,39,27,1014,7599,1647,146,2931,64,76,4695,8896,429,226,1550,91472,6293,124,712,38440,6,14612,1847,6721,18,321,200,79,258,334,16,342,3288,9009,165963,1678,6,1472,736,1565,15529,450,3517,98,11902,9,11,8275,2049,18,459,124,74,2583,620,4793,8,13813,0,16,19,10839,83918,270,15,822,19,818,2835,4782,1705,736,24027,9,1035,18811,19648,23240,7777,28699,1163,497,80,29164,4,73,116,18926,1381,14423,43,228,38,3729,32,9096,1703,76,988197,1449,661,61,701,46,29451,11,13,363,408,1904,1402,11244,1792,1,695,2534,10,1363,93,530,967,24,138,1399,109,299,449,323,2039,7,22,15,11289,364,80,122,207,6021,52,7,211,275,1808,780,88,1337,10752,49616,480,11339,24,14153,5597,635,158348,2723,15274,0,4120,329,15555,15,18,4003,158758,7445,1164,95,1389,36,588,538,199414,697,743,10,82,5913,87147,3481,65,112261,46687,209465,128,0,710,67446,3024419,20200426,68799,1.023,-0.002
20200428,5851,39,27,1053,7660,1660,150,2938,64,76,4740,9049,429,250,1671,92584,6416,126,712,38612,34,15525,1928,6744,18,321,207,79,315,334,16,343,3440,9410,169053,1717,6,1474,750,1585,16752,458,3649,99,12218,9,11,8497,2131,18,471,141,74,2649,625,4996,8,14365,0,16,19,11380,83940,270,15,837,50,836,3027,5042,1705,823,24322,10,1072,20077,19877,24258,7958,31190,1240,511,80,29264,8,73,116,19621,1384,14951,43,239,38,3741,32,9511,1828,76,1012582,1344,702,61,709,52,31324,11,13,374,424,1939,1408,11921,1795,1,708,2566,10,1399,104,530,975,24,138,1421,114,299,449,345,2047,7,23,15,12208,364,80,122,212,6021,54,7,238,318,1867,790,95,1532,10761,51150,528,11616,24,13736,5949,638,162350,2811,15357,0,4252,329,15728,15,19,4127,159912,7504,1183,95,1437,36,619,553,201505,705,743,10,82,6462,93558,3638,71,114653,47334,210773,128,0,717,73235,3098142,20200427,73723,1.024,0.001
20200429,5945,39,27,1110,7710,1666,150,2947,64,76,4906,9206,429,278,1671,93657,6652,130,712,38998,34,16817,2003,6752,18,322,207,81,315,332,16,344,3740,9866,166543,1766,6,1476,766,1677,17799,463,3848,109,12640,9,11,8724,2274,18,491,141,78,2727,630,5350,8,14885,0,16,19,11929,83944,270,17,843,50,849,3138,5268,1832,882,24505,10,1077,21402,20253,24675,8212,33931,1351,517,80,29407,8,205,116,20302,1391,15641,43,239,38,3769,32,9771,1939,76,1039909,1375,738,61,713,52,33062,11,13,384,482,2002,1418,12564,1797,6,729,2576,10,1447,104,557,980,24,138,1442,114,480,451,377,2062,7,23,16,13181,396,80,122,225,6378,57,8,276,375,1932,799,97,1728,10765,52865,582,11978,24,13895,6207,641,166441,2921,15402,0,4321,331,15834,15,20,4285,161539,7579,1238,95,1467,36,649,563,203591,713,743,10,82,7103,99399,3771,91,117589,47859,212917,128,0,721,79685,3173579,20200428,75437,1.024,0.000
20200430,6002,39,27,1167,7738,1689,151,2954,64,81,4995,9356,429,468,2074,94640,6972,131,712,39512,35,18114,2085,6766,18,322,220,83,315,332,16,344,4024,10406,167299,1804,6,1479,773,1757,19224,465,4006,116,12877,9,11,9009,2348,18,572,141,82,2775,643,5647,8,16023,1,16,19,12481,83956,270,17,850,50,858,3402,5537,1832,933,25045,11,1089,22753,20612,24934,8488,36976,1495,539,81,29586,14,205,116,21092,1396,16169,43,266,38,3784,40,10118,2171,76,1069424,1385,771,61,719,73,34863,11,14,396,490,2039,1429,13409,1797,6,746,2591,10,1506,124,599,994,24,138,1465,121,480,453,395,2076,7,23,16,14027,422,81,122,243,6532,57,8,276,442,2066,806,106,1932,10774,54457,601,12240,24,14088,6507,645,172481,3040,15452,15,4423,333,15946,15,20,4428,163009,7682,1275,95,1501,37,663,569,205463,719,745,11,82,7667,106498,3897,100,120204,48519,213435,128,0,725,87187,3258207,20200429,84628,1.027,0.002
20200501,6071,39,30,1229,7783,1694,151,2960,90,85,5051,9509,429,491,2074,95646,7288,133,712,39989,45,19103,2153,6778,18,322,229,85,315,332,16,353,4377,10861,167305,1854,6,1485,782,1781,20739,467,4154,123,13105,9,11,9009,2447,18,604,152,82,2863,648,5951,8,17008,1,16,19,13038,83959,270,17,857,72,870,3597,5895,1832,1024,25351,11,1097,24097,20833,26336,8772,40459,1537,566,81,29705,16,257,116,21520,1403,17101,44,333,38,3802,40,10551,2335,79,1103461,1399,804,63,728,73,37257,11,14,411,508,2086,1434,14096,1798,7,756,2612,10,1555,136,644,998,25,138,1494,122,480,459,424,2085,7,23,16,14917,432,81,122,249,6720,59,8,276,533,2148,806,109,2170,10780,56343,601,12567,24,14305,7006,649,178685,3170,15531,15,4569,335,16101,15,20,4532,164077,7737,1333,95,1537,37,690,580,207428,725,745,12,82,8238,114431,3980,106,122392,49032,215216,132,0,729,92202,3346547,20200430,88340,1.027,0.000
20200502,6176,39,35,1470,7809,1699,151,2966,90,85,5176,9605,432,519,2169,96448,7578,133,712,40434,45,20084,2219,6799,18,322,229,88,315,332,16,353,4619,11411,168518,1894,6,1487,789,1839,22088,468,4295,123,13375,9,11,9362,2483,18,674,154,82,2942,652,6336,8,18435,3,16,19,13599,83959,270,17,864,72,871,3857,6193,2077,1115,25190,11,1112,25459,21176,27464,8928,42534,1586,582,83,29817,16,257,116,22082,1407,17548,44,370,39,3812,34,10843,2469,79,1132539,1406,1010,63,736,117,39699,15,14,435,544,2118,1439,14872,1798,10,769,2620,10,1594,155,688,1009,25,138,1506,152,480,460,446,2088,7,23,16,15828,463,81,122,255,7090,59,8,335,592,2273,823,119,2388,10793,57926,671,12732,24,14571,7285,652,183500,3284,15558,76,4729,345,16185,15,21,4681,164967,7755,1362,95,1611,38,705,580,209328,733,747,17,82,8790,124054,4052,108,124375,49517,216582,135,0,733,97100,3428565,20200501,82018,1.025,-0.003
20200503,6298,39,35,1594,7847,1700,155,2969,90,88,5254,9721,436,527,2169,97424,7954,135,712,40769,46,20941,2296,6822,18,322,229,89,315,332,16,353,4983,11913,168925,1932,6,1487,795,1857,23471,477,4474,124,13693,9,11,9464,2568,18,674,158,82,2998,655,6783,8,19663,3,16,19,14163,83964,271,18,872,72,879,3920,6465,2077,1182,25282,11,1112,27011,21506,29538,9223,45928,1586,589,83,29905,16,257,116,22317,1408,18205,44,396,39,3824,34,11192,2704,80,1158040,1410,1055,63,750,117,42505,15,15,465,563,2149,1439,15551,1799,10,795,2626,10,1618,166,703,1013,25,138,1511,165,480,461,490,2096,7,23,16,16705,469,82,122,259,7090,75,8,335,592,2386,851,124,2558,10801,60504,722,13163,24,14877,7668,662,187842,3383,15597,128,4903,357,16208,15,21,4783,165664,7781,1398,95,1649,39,718,582,210717,739,748,17,82,9455,134687,4121,112,126045,49906,217466,149,0,737,101826,3507586,20200502,79021,1.023,-0.001
20200504,6353,39,35,1681,7904,1703,161,2987,96,100,5327,9868,438,541,2719,98647,8235,140,712,40968,46,22049,2346,6847,18,323,236,97,315,332,16,362,5278,12331,169583,1984,6,1486,803,1926,24905,480,4648,126,14006,9,11,9557,2637,18,682,166,92,3035,657,7220,8,20643,3,16,19,14730,83966,271,18,874,85,896,4049,6813,2104,1271,25524,11,1116,28656,21772,31881,9485,47372,1710,593,83,29981,23,413,116,22721,1413,18778,44,415,40,3828,34,11587,2894,80,1180375,1419,1178,63,755,117,46437,15,15,490,580,2189,1439,16191,1799,12,830,2632,10,1652,178,730,1018,25,138,1518,175,480,465,555,2101,7,23,17,17489,471,82,122,261,7197,75,8,367,678,2507,855,137,2802,10804,61957,756,13512,24,15078,7973,672,191832,3533,15621,230,5053,357,16246,15,21,4887,166152,7819,1432,95,1668,41,751,582,211938,742,750,17,82,10143,145268,4248,116,127659,50267,218011,149,0,740,108620,3584163,20200503,76577,1.022,-0.001
20200505,6383,39,36,1802,7955,1711,161,2988,96,101,5412,10019,438,573,2719,99970,8480,145,712,41286,52,24073,2431,6875,18,324,236,98,315,332,16,371,5804,12697,170687,2060,6,1488,820,1946,26025,482,4838,128,14431,9,11,9677,2735,18,705,170,93,3065,670,7572,8,22016,3,16,19,15192,83968,271,18,878,85,896,4205,7201,2104,1329,25702,11,1120,30251,21983,31881,9684,51189,1811,604,89,30009,174,413,116,23216,1421,19410,44,431,41,3840,34,12071,3224,81,1204351,1423,1270,63,763,170,49400,15,16,535,612,2207,1445,17142,1799,22,843,2642,10,1704,199,763,1022,25,138,1526,186,480,471,587,2112,7,23,17,18350,473,82,122,261,7523,82,8,397,778,2619,856,138,2950,10806,63215,835,13837,24,15253,8613,688,196243,3720,15650,293,5219,361,16289,15,21,5020,167007,7896,1464,95,1685,41,771,589,213013,755,751,17,82,10929,155370,4363,119,129491,50509,219329,151,0,741,115455,3664715,20200504,80552,1.022,0.001
20200506,6428,39,36,1886,7996,1713,161,2989,96,101,5573,10136,439,617,3091,101650,8807,162,712,41518,58,24644,2480,6894,18,324,264,100,439,332,16,374,6289,13184,174224,2127,6,1489,832,1987,27634,484,4997,128,14740,9,11,9791,2903,18,797,178,93,3111,673,7808,8,23048,8,16,19,15738,83970,271,18,883,94,900,4422,7588,2265,1433,26182,12,1124,31938,22248,31881,10004,54817,1856,610,92,30060,174,475,116,23918,1429,20198,45,440,41,3851,34,12438,3392,81,1229331,1428,1461,64,770,170,52987,15,16,582,631,2233,1448,17972,1799,25,871,2663,10,1778,225,798,1025,25,139,1539,191,480,473,633,2119,7,23,17,19255,478,82,122,268,7731,99,8,397,852,2782,856,146,3145,10810,64694,873,14107,24,15253,8959,729,202359,3934,15684,379,5408,379,16310,15,21,5208,168162,7974,1516,95,1703,43,797,608,214457,761,751,17,82,11719,165929,4476,123,131744,50781,220325,158,0,750,126611,3756640,20200505,91925,1.025,0.003
20200507,6467,39,36,2081,8034,1720,176,2992,140,129,5673,10281,440,648,3091,103135,9095,191,712,41973,74,26435,2543,6913,18,324,264,101,439,332,16,375,6567,13691,174918,2204,6,1490,842,2027,29616,486,5182,135,15047,9,11,9848,2958,18,863,189,93,3150,684,8232,8,24581,8,16,19,16240,83975,288,18,889,94,909,4578,7981,2267,1492,26715,12,1133,33731,22385,30298,10343,58526,1927,615,92,30126,187,564,116,24623,1445,20939,45,462,41,3859,34,12776,3563,81,1257023,1433,1685,64,781,253,56351,15,16,607,650,2298,1449,18890,1801,25,895,2678,10,1829,231,832,1026,25,141,1572,218,480,494,695,2125,7,23,17,20168,488,82,122,271,7868,101,8,504,930,2884,861,153,3526,10822,66201,928,14499,24,15477,9456,736,207977,4199,15752,461,5548,381,16381,15,21,5371,169430,8031,1571,95,1729,43,824,622,215858,765,752,18,82,12425,177160,4605,153,133721,51420,221447,193,0,784,135773,3847509,20200506,90869,1.024,-0.001
20200508,6535,39,43,2266,8070,1725,177,3000,242,146,5738,10416,440,744,4012,104691,9376,194,712,42292,120,28736,2603,6918,18,324,274,101,439,332,16,375,7208,14195,176202,2279,6,1492,850,2070,31522,489,5369,145,15366,9,11,9943,3112,18,937,199,94,3178,694,8895,8,25972,8,16,19,16793,83976,288,18,891,143,928,4834,8476,2267,1551,27268,12,1135,35432,22541,28818,10463,61847,2009,623,92,30207,208,594,116,25265,1455,21707,47,563,42,3871,34,13112,3778,82,1283929,1436,1771,64,795,260,59695,15,16,621,668,2325,1450,20201,1801,34,906,2691,10,1872,257,900,1030,25,141,1586,230,509,508,742,2161,7,23,17,21101,490,83,122,273,8070,102,8,620,1111,3029,861,167,3912,10840,67674,928,14811,24,15575,10051,744,212629,4444,15774,522,5711,388,16436,15,21,5611,170588,8077,1602,95,1741,43,835,623,217185,773,752,20,82,13134,187859,4728,159,135569,52011,222857,193,0,796,146894,3940365,20200507,92856,1.024,0.000
20200509,6589,39,43,2437,8099,1733,178,3004,284,151,5880,10517,440,790,4263,106220,9882,210,712,42581,120,30334,2679,6939,18,324,274,116,439,332,16,375,7623,14710,176782,2422,6,1494,856,2090,33460,490,5558,153,15651,9,11,10032,3224,18,937,199,94,3213,702,9420,8,27219,11,16,19,17417,83990,288,18,892,143,930,4975,8964,2274,1634,27406,12,1189,37136,22760,29071,10610,65015,2042,626,92,30251,208,641,116,25921,1455,22460,47,689,42,3877,35,13645,4033,87,1309550,1444,1830,64,815,322,62808,15,16,649,692,2349,1454,21331,1801,34,931,2710,10,1921,291,967,1032,25,141,1622,236,509,522,784,2176,7,23,17,22052,490,84,122,280,8282,110,8,661,1164,3175,862,252,4151,10874,68918,997,15131,24,15663,10495,748,216525,4774,15833,612,5910,402,16454,15,21,5776,171324,8095,1667,96,1754,56,847,637,218268,780,754,20,82,13770,198676,4867,163,137115,52596,223578,193,0,809,156061,4025607,20200508,85242,1.022,-0.003
20200510,6656,39,45,2556,8105,1739,180,3009,319,182,5962,10627,440,835,4263,107603,10347,239,712,42826,120,32081,2767,6948,18,324,274,121,439,332,16,375,8688,15232,177094,2519,6,1497,868,2117,35022,496,5723,174,15996,9,11,10032,3399,18,991,199,104,3263,707,10015,8,28866,11,16,19,18198,84010,288,18,898,143,939,5090,9400,2579,1709,27581,12,1210,39048,22996,29559,10794,67307,2146,635,92,30305,208,726,116,26322,1457,23336,47,713,42,3886,36,14032,4402,91,1329260,1479,1972,64,821,322,67161,15,16,672,704,2418,1457,22520,1801,51,1002,2716,10,1965,307,1052,1032,25,141,1642,246,509,540,889,2187,7,23,17,22973,502,84,122,284,8448,110,8,661,1365,3313,870,267,4399,10909,70091,1054,15362,24,15777,11063,751,220449,4941,15871,612,6063,414,16477,15,21,6034,171879,8123,1700,96,1766,56,863,628,219070,792,755,20,82,14657,209688,4927,172,138657,53081,224350,193,0,845,162699,4103446,20200509,77839,1.019,-0.002
20200511,6726,39,45,2831,8132,1741,180,3015,319,209,5984,10711,440,897,4700,109286,10634,250,712,42987,156,34336,2818,6970,18,324,333,121,439,332,16,375,9286,15648,177547,2589,6,1497,872,2141,36327,503,5891,181,16326,9,11,10176,3573,18,1024,211,109,3284,711,10652,8,30063,11,16,19,18878,84011,288,18,901,143,946,5207,9746,2689,1886,27679,12,1227,41014,23135,29509,11086,68822,2146,638,93,30344,208,761,116,26670,1457,23822,47,724,42,3888,36,14265,4687,103,1347881,1485,2100,64,832,322,70768,15,16,700,712,2486,1460,23623,1801,56,1016,2726,10,1990,338,1114,1032,25,141,1664,260,509,562,958,2196,9,24,17,23906,505,84,122,285,8616,134,8,802,1526,3392,884,267,4641,10936,71264,1089,15588,24,15847,11613,760,224332,5236,15882,661,6281,422,16506,15,21,6278,172576,8176,1730,96,1783,57,869,628,219814,801,755,22,82,15691,221344,4995,175,139771,53449,227436,186,0,859,169594,4179757,20200510,76311,1.019,-0.001
20200512,6742,39,45,2964,8157,1746,180,3017,327,209,6003,10789,440,904,5127,110767,10900,261,712,43183,194,35298,2913,6980,18,324,333,129,439,332,16,375,10277,16023,178349,2693,6,1497,876,2158,38324,506,6067,199,16921,9,11,10243,3721,18,1102,211,113,3313,717,11350,8,31721,11,16,19,19661,84018,288,18,903,143,950,5279,10093,2689,1995,27913,12,1256,42925,23242,30419,11350,72059,2298,642,93,30380,208,820,116,27272,1465,24671,47,737,42,3894,36,14749,4963,104,1369376,1491,2080,64,854,357,74292,15,25,715,730,2519,1461,25149,1801,65,1037,2744,10,2023,338,1199,1032,25,141,1674,267,509,576,998,2207,11,24,17,24873,507,85,122,286,8783,217,9,863,1661,3538,919,441,4787,10962,72419,1170,15778,24,15968,12272,766,227741,5531,15961,729,6418,423,16529,15,21,6563,173171,8221,1857,96,1804,57,889,638,221216,804,758,22,82,16660,232243,5154,184,141475,53779,228030,186,0,870,178214,4262709,20200511,82952,1.020,0.001
20200513,6779,39,45,3148,8175,1751,181,3017,327,234,6054,10865,440,955,5408,112725,11196,263,712,43410,203,35788,3032,6989,18,324,333,139,522,332,16,375,11028,16425,178184,2758,6,1497,880,2181,40186,508,6253,219,17204,9,11,10295,4019,18,1169,213,113,3341,719,12074,8,34381,11,16,19,20386,84024,288,18,905,143,951,5417,10431,2800,2105,28132,12,1268,44830,23401,30486,11618,76306,2374,647,94,30413,220,836,116,27909,1469,25346,48,740,42,3904,37,15438,5226,104,1390406,1505,2255,64,860,372,78055,15,25,737,758,2612,1463,26539,1802,70,1044,2760,10,2069,387,1342,1032,25,141,1694,289,509,582,1037,2213,15,24,17,25825,509,85,122,287,8944,250,15,1004,1818,3718,919,446,4971,10991,73568,1219,16002,24,16049,12930,773,230985,5816,15997,801,6512,423,16548,15,21,6879,174098,8269,1912,96,1810,63,915,643,222104,815,760,23,82,17822,242271,5406,187,143114,53981,228691,212,1,878,190137,4347508,20200512,84799,1.020,0.000
20200514,6819,39,48,3372,8196,1758,181,3018,339,273,6145,10911,440,982,5530,114533,11320,272,712,43680,203,38799,3143,7019,18,324,391,160,583,332,16,375,11975,16847,178994,2879,6,1498,898,2218,42595,522,6442,238,17615,9,11,10374,4341,18,1242,215,113,3380,724,12739,8,37040,11,16,19,21084,84029,312,18,907,143,962,5571,10829,2954,2189,28319,12,1284,46869,23827,30502,11876,80604,2473,667,96,30463,235,913,116,28582,1477,26098,48,754,98,3915,37,16006,5639,115,1417774,1511,2318,64,876,399,81997,15,25,758,779,2645,1464,28272,1802,85,1082,2770,10,2100,408,1518,1032,25,141,1723,315,509,586,1112,2221,20,24,17,26772,509,85,122,287,9118,249,20,1104,1818,3860,944,654,5162,11018,74781,1284,16247,24,16120,13610,773,234440,6198,16058,907,6607,455,16579,15,21,7134,174478,8351,1971,96,1830,63,925,648,223096,830,761,23,82,18863,252245,5553,187,144749,54288,229540,230,1,886,203165,4445174,20200513,97666,1.022,0.003
20200515,6855,39,48,3577,8219,1766,182,3025,339,310,6228,10989,440,1031,5638,116635,11739,287,712,43880,236,38799,3193,7035,18,324,391,203,594,332,16,375,12860,17330,179630,2980,6,1498,916,2236,45032,532,6629,263,18016,9,11,10438,4625,18,1298,219,116,3417,732,13524,8,39542,11,16,19,21831,84038,314,18,910,301,970,5689,11228,3105,2310,28583,12,1309,49176,23956,31467,12091,84495,2473,671,96,30514,235,913,116,29207,1480,26891,50,759,98,3923,42,16496,6053,119,1442824,1523,2460,64,885,428,85784,15,25,781,806,2686,1465,29425,1802,106,1111,2810,10,2138,447,1643,1035,25,141,1740,326,509,596,1210,2222,21,24,17,27730,511,85,122,287,9268,267,29,1209,1964,4044,944,654,5450,11037,75959,1284,16437,24,16203,14216,780,238004,6583,16109,1118,6652,459,16589,15,22,7479,175233,8406,2017,96,1840,63,935,652,223885,843,761,23,82,20065,262843,5745,190,146457,54644,230183,238,1,891,220291,4542347,20200514,97173,1.022,-0.001
20200516,6872,39,48,3826,8237,1770,182,3025,339,358,6286,11056,440,1078,5735,118392,12110,306,712,44070,236,40151,3260,7044,18,324,391,227,594,332,16,376,13802,17858,179630,3138,6,1499,933,2267,47144,546,6821,298,18257,9,11,10496,5029,18,1455,223,117,3473,733,14355,8,41428,11,16,19,22627,84044,318,18,914,327,997,5850,11719,3105,2429,28810,12,1331,52016,24048,32763,12305,88541,2658,683,96,30572,235,969,116,29677,1493,27356,51,778,135,3930,42,17025,6402,129,1467820,1534,2565,65,889,474,90648,15,25,830,835,2738,1465,30972,1802,122,1117,2819,10,2175,462,1763,1037,25,141,1762,328,509,607,1265,2224,21,24,17,28681,517,86,122,289,9449,291,40,1320,2289,4283,944,679,5621,11050,77206,1357,16704,24,16237,14939,782,241461,6747,16201,1322,6741,504,16608,15,22,7805,175752,8455,2061,96,1862,65,960,653,224760,853,761,23,82,20995,272043,5934,202,148067,54989,230698,283,1,902,233511,4635420,20200515,93073,1.020,-0.001
20200517,6894,39,48,4088,8249,1774,184,3028,339,456,6347,11125,440,1094,5735,120198,12314,317,712,44195,290,42125,3404,7054,18,324,391,227,594,332,16,381,14850,18291,179693,3274,6,1499,946,2290,49219,553,7019,301,18529,9,11,10610,5186,18,1455,226,117,3509,734,15515,8,43781,11,16,19,23358,84054,320,18,916,327,1008,6157,12229,3105,2480,29036,12,1401,54752,24112,33182,12513,92273,2658,695,96,30587,235,990,116,30143,1494,28038,58,786,136,3945,44,17514,6664,137,1486757,1541,2646,65,904,503,95698,23,25,887,860,2753,1466,32604,1802,128,1138,2834,10,2211,505,1763,1037,25,141,1792,328,509,613,1338,2226,21,25,17,29650,520,88,122,292,9606,295,62,1320,2289,4472,955,753,5959,11065,78332,1421,16871,24,16285,15574,796,244995,6956,16242,1524,6870,541,16617,15,22,8068,176369,8475,2109,96,1872,70,981,654,225435,863,761,23,82,22268,281752,6060,203,149435,55280,230698,304,1,911,241080,4715594,20200516,80174,1.017,-0.003
20200518,6941,39,50,4263,8257,1784,191,3031,339,533,6380,11166,440,1106,5735,122492,12725,352,712,44341,290,43966,3554,7068,18,324,412,248,719,332,16,388,15691,18616,180051,3387,6,1499,948,2304,51633,558,7201,330,18885,9,11,10699,5379,18,1538,229,124,3535,737,16433,8,46059,11,16,19,24190,84063,324,18,917,327,1009,6751,12764,3529,2544,29209,12,1518,57345,24200,33582,12718,94933,2796,701,96,30597,246,1032,116,30377,1495,28343,58,788,140,3947,46,18010,7072,145,1508308,1547,2798,65,909,519,100328,42,25,912,874,2791,1466,33969,1802,130,1216,2836,11,2235,519,1912,1043,25,141,1817,328,509,629,1413,2228,21,25,17,30572,520,88,122,297,9726,375,81,1432,2591,4823,955,761,6175,11078,79411,1455,17036,24,16305,16295,796,247709,7184,16269,1729,6952,618,16643,15,22,8371,176551,8586,2119,97,1881,70,992,654,225886,866,761,24,82,23870,290678,6138,205,150593,55559,231606,322,1,931,255368,4803784,20200517,88190,1.019,0.001
20200519,6978,39,52,4481,8267,1791,193,3033,130,533,6399,11242,440,1143,6096,124603,13223,365,712,44449,290,45898,3611,7072,18,324,420,260,825,332,16,391,16764,18876,180933,3518,6,1503,949,2321,54346,569,7377,338,19268,9,11,10733,5671,18,1629,233,125,3556,738,17200,8,49579,11,16,19,25063,84063,324,18,918,366,1012,6751,13484,3529,2617,29432,12,1618,59854,24251,34151,12942,99483,2863,707,96,30618,251,1038,116,30799,1495,28794,58,829,140,3958,46,18496,7653,146,1528568,1562,2955,68,914,545,106475,42,254,963,901,2855,1467,35606,1802,167,1243,2840,11,2259,534,2133,1044,25,141,1839,335,509,649,1498,2232,21,25,17,31508,520,90,122,308,9867,402,131,1502,2728,5041,989,772,6401,11110,80493,1502,17191,24,16367,16935,796,250138,7532,16321,1936,7023,749,16659,15,22,8809,177778,8647,2153,97,1887,70,1027,655,226699,882,761,24,82,25121,299941,6340,208,151615,55791,232037,326,1,954,271885,4899424,20200518,95640,1.020,0.001
20200520,7009,39,52,4919,8281,1794,199,3034,130,596,6443,11315,440,1186,6269,126949,13477,389,712,44647,290,48091,3724,7081,18,324,420,264,890,332,16,398,17568,19230,181700,3631,6,1503,964,2338,56594,584,7542,340,19739,9,11,10833,6043,18,1731,238,125,3598,746,18003,8,53617,34,16,19,26004,84063,324,18,922,418,1016,6969,14229,3733,2714,29660,12,1828,62545,24315,34854,13221,104020,2863,713,97,30658,251,1089,116,31523,1496,29364,58,833,140,3971,48,19189,8145,156,1551853,1577,2955,69,920,565,112028,42,254,1029,931,2939,1468,37097,1803,184,1270,2850,11,2292,570,2265,1045,25,141,1858,349,509,672,1571,2234,21,25,18,32426,529,90,122,314,9977,427,141,1567,2728,5271,989,832,6677,11122,81575,1573,17387,24,16367,17687,809,249619,7888,16353,2140,7133,824,16667,15,22,9283,178473,8721,2231,97,1900,71,1028,656,227364,897,762,24,82,26738,308705,6553,217,152587,55983,232555,371,1,961,291579,4998665,20200519,99241,1.020,0.000
20200521,7059,39,58,5187,8309,1800,199,3037,135,734,6493,11380,440,1216,6269,129341,13657,399,712,44900,481,50694,3877,7095,18,324,469,160,903,332,16,423,18609,19706,181951,3749,6,1504,969,2350,59567,599,7728,354,20143,9,11,10919,6370,18,1835,240,127,3641,749,19137,8,57581,34,18,19,26898,84063,324,18,923,436,1025,7234,15003,4288,2812,29912,12,2047,65077,24391,35306,13434,108769,3067,721,97,30694,251,1109,116,32172,1502,29812,58,836,140,3980,51,20162,8676,162,1577147,1593,3204,71,924,588,118226,42,279,1109,947,2964,1468,38651,1803,197,1313,2853,11,2331,585,2512,1046,25,141,1898,356,509,684,1640,2237,21,29,18,33371,534,90,123,320,10116,457,173,1567,3138,5606,1003,866,7016,11142,82742,1594,17585,24,16424,18330,812,252246,8174,16404,2350,7211,882,16683,15,22,9931,179021,8754,2301,97,1908,72,1055,658,228006,903,762,24,82,28511,317554,6704,220,153548,56235,233037,405,1,1024,310087,5105027,20200520,106362,1.021,0.001
20200522,7137,39,60,5579,8332,1807,199,3037,135,812,6537,11428,441,1274,6486,131652,13989,433,712,45088,563,52437,3964,7099,18,324,469,175,960,332,16,423,19564,20148,182354,3855,6,1504,981,2372,62527,600,7918,363,20619,9,11,11024,6794,18,1945,249,127,3678,753,20125,8,61857,78,19,19,27892,84081,324,18,927,479,1030,7919,15786,4400,2909,30200,12,2270,67719,24506,35828,13597,111698,3067,723,97,30707,251,1114,116,32809,1503,30426,59,838,141,3981,51,20796,9216,164,1600937,1604,3477,72,937,611,124794,42,279,1161,969,3028,1468,40481,1803,209,1350,2874,11,2372,606,2743,1048,25,141,1921,362,509,700,1725,2243,21,30,18,34303,544,90,123,321,10267,516,200,1728,3378,5928,1004,920,7261,11165,83947,1594,17712,24,16513,19131,814,255544,8414,16436,2551,7332,944,16690,15,22,10649,179710,8813,2341,97,1916,82,1068,661,228658,911,762,25,82,30205,326448,6847,225,154500,56511,234824,448,2,1086,330890,5212899,20200521,107872,1.021,0.000
20200523,7185,39,61,5915,8346,1821,201,3040,135,865,6568,11487,441,1313,6617,133521,14422,494,712,45265,655,54601,4272,7114,18,324,487,198,960,332,16,423,20464,20580,182694,3982,6,1504,989,2391,65856,609,8113,373,20931,9,11,11092,7257,18,2025,255,127,3713,764,21343,8,65393,78,20,19,28704,84084,325,18,927,552,1046,7919,16513,4400,2976,30471,12,2270,70161,24582,36258,13777,115754,3176,728,100,30725,251,1114,116,33188,1504,31068,70,850,141,3990,56,21745,9998,168,1622612,1616,3477,75,943,648,131423,42,279,1192,1015,3115,1468,42213,1804,212,1365,2876,11,2408,621,3054,1048,25,141,1941,371,509,704,1819,2243,24,30,18,35244,550,92,124,325,10577,584,227,1934,3628,6302,1025,920,7526,11190,85151,1594,17857,24,16536,20177,814,258504,8802,16486,2738,7406,1010,16712,15,22,11353,179986,8890,2366,98,1931,82,1089,665,229327,918,762,25,82,32078,335882,6994,238,155686,56810,235290,488,2,1097,347398,5313184,20200522,100285,1.019,-0.002
20200524,7245,39,69,6263,8352,1823,201,3040,191,865,6579,11559,441,1371,6683,135701,14801,582,712,45437,655,56349,4469,7114,18,324,487,198,960,334,16,423,21302,20986,182709,4122,9,1504,998,2401,68620,610,8306,381,21326,9,11,11159,7770,18,2141,265,135,3741,769,22583,8,69102,87,21,19,29485,84095,325,18,935,604,1047,8531,17265,4890,3047,30623,12,2270,72560,24639,36756,14035,119959,3275,730,100,30736,251,1114,116,33459,1509,31616,86,862,141,3992,56,22271,10582,194,1643246,1623,3950,75,945,675,138536,42,279,1214,1030,3164,1468,43714,1804,222,1403,2878,11,2427,707,3424,1051,25,141,1978,380,509,708,1915,2244,24,35,18,36198,552,92,124,327,10926,603,237,1934,3820,6661,1032,920,7839,11206,86106,1594,18070,24,16550,21175,814,260916,9138,16503,2929,7433,1121,16717,15,22,12076,180328,8955,2376,98,1941,83,1141,665,229858,930,762,25,82,33610,344481,7093,250,156827,57092,235772,527,2,1114,363211,5409361,20200523,96177,1.018,-0.001
20200525,7417,39,70,6660,8364,1824,203,3042,191,958,6599,11586,441,1395,6808,137724,15073,655,712,45647,806,57705,4632,7126,18,324,487,222,1043,334,16,423,21967,21245,183067,4271,9,1504,1004,2406,71105,611,8503,386,21631,9,11,11193,7770,18,2297,265,137,3756,787,23615,8,73997,87,21,19,30307,84102,326,18,937,652,1049,8969,17967,4890,3130,30788,12,2468,74795,24698,37355,14319,123979,3275,731,100,30746,299,1178,116,33843,1511,31960,106,865,141,3993,56,22750,11173,209,1662302,1635,4189,75,951,687,144950,42,279,1286,1059,3189,1469,45465,1804,233,1433,2882,11,2433,735,3760,1051,25,141,1999,390,509,711,1983,2244,27,35,18,37144,556,92,124,336,11183,682,262,2135,3976,7113,1038,920,8068,11225,87119,1689,18283,24,16581,21981,832,262547,9171,16539,3100,7532,1177,16734,15,23,12628,180600,9002,2423,98,1947,101,1182,666,230158,951,763,25,82,35585,353427,7147,256,157814,57342,235400,542,2,1119,374898,5496417,20200524,87056,1.016,-0.002
20200526,7604,39,70,7136,8383,1834,206,3045,208,1174,6628,11627,441,1438,7117,139511,15264,701,712,45780,806,59151,4848,7139,18,324,487,253,1043,334,16,429,22575,21584,182847,4403,9,1504,1029,2416,74560,611,8697,391,22074,9,11,11227,8118,18,2403,266,139,3771,789,24264,8,77961,87,21,19,31086,84103,327,18,939,671,1053,8969,18756,5436,3161,31007,12,2468,76726,24735,37355,14669,129751,3275,732,100,30761,441,1178,116,34440,1513,32343,121,877,141,3995,56,23165,11831,213,1680913,1639,4401,77,952,700,150793,42,759,1348,1077,3290,1469,47207,1804,249,1468,2892,11,2443,754,3954,1051,25,141,2014,390,509,718,2042,2244,27,35,18,38059,564,92,124,339,11447,772,268,2238,3976,7402,1038,920,8344,11265,88090,1711,18429,24,16623,23003,832,266599,9366,16557,3266,7577,1211,16757,15,23,13228,181200,9050,2477,98,1963,101,1319,666,230555,956,763,25,82,36751,362342,7305,261,158762,57455,236259,586,2,1140,391222,5591072,20200525,94655,1.017,0.001
20200527,7619,39,71,7768,8401,1840,206,3054,210,1320,6692,11680,441,1457,7303,141591,15723,731,712,45970,994,61227,5135,7150,18,324,571,281,1043,334,16,434,23267,21905,183038,4568,9,1504,1050,2435,78023,612,8857,395,22473,9,11,11275,8373,18,2546,266,139,3793,803,25937,8,82289,87,22,19,31969,84106,327,18,939,702,1057,9304,19666,5436,3253,31292,12,2697,78541,24803,38103,15049,135905,3275,735,100,30776,443,1195,116,35088,1515,32876,121,884,148,4001,132,23851,12456,227,1699176,1647,4640,99,952,715,158086,42,759,1471,1116,3369,1471,48947,1805,256,1520,2903,12,2460,782,4145,1051,25,141,2039,390,509,720,2109,2244,28,35,18,38956,569,92,124,346,11728,886,292,2319,4346,7774,1047,1057,8733,11344,88989,1731,18594,24,16651,24104,845,268619,9692,16591,3424,7601,1245,16793,15,23,13933,181524,9086,2556,98,1974,101,1469,667,231139,984,763,25,82,38292,370680,7537,272,159797,57592,236259,612,2,1161,411821,5693866,20200526,102794,1.018,0.001
20200528,7629,39,74,8387,8411,1851,206,3065,210,1320,6743,11712,441,1513,7303,143849,16068,831,712,46152,994,64028,5457,7165,18,324,571,317,1043,334,16,446,24112,22382,186364,4759,9,1504,1076,2462,81400,616,8997,422,22825,9,11,11300,9009,18,2660,269,150,3816,811,27403,8,86943,87,22,19,32532,84106,327,18,941,755,1061,9576,20793,5436,3348,31596,12,2914,80185,24841,38471,15588,141779,3553,738,101,30796,458,1195,116,35727,1520,33249,122,900,161,4008,149,24538,13036,233,1721753,1656,4752,105,955,726,165386,42,759,1618,1194,3444,1473,50914,1805,278,1594,2906,12,2477,812,4348,1068,25,141,2077,390,509,728,2194,2245,31,35,25,39858,569,92,124,349,12131,1042,346,2431,4346,8216,1048,1057,8915,11402,89976,1828,18791,24,16598,24141,847,270508,10052,16628,3563,7643,1325,16872,15,23,14702,182196,9140,2641,98,1983,203,1530,670,231732,1000,763,25,82,40321,379051,7725,279,160979,57849,237906,656,2,1168,438238,5811747,20200527,117881,1.021,0.002
20200529,7732,39,81,8731,8422,1859,207,3076,224,1584,6776,11793,442,1591,7616,146668,16531,968,712,46328,994,66457,5873,7184,18,324,571,329,1306,335,16,446,25184,22811,186923,4989,9,1504,1099,2485,84627,616,9134,428,23155,9,11,11354,9820,18,2833,273,150,3841,816,29240,8,90638,87,23,19,33170,84123,328,18,942,874,1064,9932,22082,5436,3429,31946,12,2914,81766,24876,38571,16634,148285,3656,746,102,30828,463,1256,116,36476,1520,33860,122,917,179,4012,149,25216,13659,234,1746019,1662,4752,118,955,759,173491,42,759,1745,1226,3468,1473,52907,1805,283,1662,2909,12,2485,829,4607,1071,25,141,2129,405,509,730,2278,2245,31,35,26,40764,575,92,124,355,12531,1212,423,2613,4521,8676,1048,1057,9302,11441,90909,1828,18982,24,16673,25406,847,272607,10449,16655,3686,7714,1370,16987,15,23,15419,182922,9196,2750,98,2005,273,1558,671,232248,1022,764,25,82,42844,387623,7896,279,162120,58061,238564,698,2,1172,465166,5933210,20200528,121463,1.021,0.000
20200530,7762,39,84,9592,8437,1865,224,3077,224,1865,6826,11833,442,1672,7768,148950,16908,1063,712,46460,994,69496,6179,7192,18,324,571,413,1306,335,16,447,26192,23204,188752,5246,9,1504,1122,2494,87512,618,9267,433,23571,9,11,11381,10423,18,2966,280,152,3867,821,30967,8,94858,106,23,19,33896,84128,328,18,944,962,1065,10382,23449,5904,3535,32203,12,3194,83384,24929,38571,17224,155671,3706,757,102,30845,479,1256,117,37113,1521,34366,122,964,179,4016,174,25773,14525,244,1770165,1670,5094,130,956,759,181827,63,759,1888,1250,3546,1473,55262,1806,310,1722,2915,14,2499,852,4739,1076,25,141,2164,421,509,734,2395,2246,33,35,26,41658,581,92,125,359,13018,1401,483,2655,4800,8927,1064,1057,9855,11468,91681,1916,19133,24,16716,26734,847,274219,10793,16685,3807,7780,1459,17012,15,23,16214,183189,9230,2799,99,2025,279,1620,671,232664,1047,764,25,82,44608,396575,8098,283,163103,58186,239228,758,2,1191,498440,6062056,20200529,128846,1.022,0.001
20200531,7819,39,86,9982,8440,1869,224,3081,232,2124,6859,11869,442,1773,8070,151466,17285,1172,712,46645,994,72460,6439,7202,18,324,611,417,1306,335,16,448,27043,23672,189009,5494,9,1504,1137,2510,90664,618,9394,442,23786,9,11,11412,11437,18,3070,288,153,3876,823,32683,8,99688,106,24,19,34557,84146,328,18,944,1011,1066,10858,24985,5904,3645,32500,12,3354,85261,24990,39098,18086,164476,3706,783,102,30862,483,1256,117,37542,1521,34884,122,986,179,4018,178,26473,15205,254,1790172,1675,5202,156,958,778,190609,63,759,1962,1265,3623,1473,56910,1806,323,1748,2917,23,2513,861,5087,1077,26,141,2226,435,509,739,2517,2246,43,35,26,42556,586,92,125,370,13463,1572,530,2655,5026,9282,1064,1057,10162,11503,92479,1976,19257,24,16751,27219,847,276156,11398,16731,3930,7807,1510,17071,15,23,16851,183410,9268,2833,99,2045,284,1633,671,232997,1056,764,25,82,47153,405843,8251,285,163942,58381,239479,771,2,1220,514849,6169910,20200530,107854,1.018,-0.004
20200601,7857,39,86,10531,8446,1870,228,3082,243,2226,6885,11899,443,1829,8070,154445,17572,1257,712,46749,994,76398,6868,7221,18,324,611,457,1306,335,16,449,27762,24562,189348,5662,9,1504,1143,2524,93435,619,9513,443,24165,9,11,11430,12223,18,3195,296,153,3892,825,34357,8,105158,106,25,19,35192,84154,328,18,949,1069,1066,11308,26384,6397,3739,32700,12,3569,87142,25062,39098,18638,170039,3844,794,102,30871,484,1339,117,37814,1522,35292,123,995,185,4019,203,26940,15750,254,1811020,1678,5362,168,958,790,198370,63,759,2021,1315,3702,1473,58433,1806,354,1817,2918,44,2519,865,5336,1084,26,141,2315,458,509,746,2582,2246,43,38,26,43403,588,92,125,377,13837,1811,588,2655,5173,9492,1064,1089,10578,11541,93288,2023,19398,24,16787,29384,847,277736,11871,16733,4013,7833,1662,17169,15,23,17415,183594,9302,2951,99,2083,336,1643,671,233197,1084,765,25,82,49534,414328,8360,293,164769,58517,239638,826,2,1233,526447,6269790,20200531,99880,1.016,-0.002
20200602,7877,39,86,10991,8455,1870,232,3083,244,2226,6887,11934,443,1841,8297,157562,17752,1344,712,46852,994,80463,7387,7229,18,324,611,489,1306,335,18,451,28649,24895,188450,5935,9,1504,1164,2535,97326,620,9626,445,24395,9,11,11454,12799,18,3326,311,153,3921,826,35812,8,108686,132,25,19,35788,84161,328,18,952,1069,1071,11571,27536,6585,3836,32895,12,3779,89011,25066,40414,18997,170039,3886,796,102,30874,484,1339,117,38589,1522,35836,123,1013,185,4020,206,27549,16509,307,1831821,1682,5527,182,960,803,207191,63,1118,2093,1351,3760,1475,60259,1806,399,1845,2937,54,2538,896,5586,1086,26,141,2391,466,509,755,2653,2246,47,40,26,44255,590,92,125,384,14095,2099,668,2803,5310,10009,1064,1089,10819,11590,93960,2089,19517,24,16837,30593,881,279392,12311,16759,4100,7866,1819,17285,15,23,18319,183879,9364,3024,99,2092,358,1683,672,233515,1105,844,25,82,52445,423186,8548,294,165555,58615,239932,845,2,1242,555383,6382303,20200601,112513,1.018,0.002
20200603,7970,39,86,11638,8477,1880,233,3084,244,2507,6911,11971,443,1850,8548,160696,18040,1486,712,46939,994,85264,8168,7240,18,324,611,507,1306,335,18,457,29359,25385,192330,6260,9,1504,1184,2551,101238,622,9733,452,24687,9,11,11523,13537,18,3495,316,153,3931,828,37525,8,113628,132,25,19,36359,84160,328,18,958,1173,1079,12067,28615,6585,3932,33261,12,3935,91182,25111,40966,19748,178914,3933,800,102,30893,484,1339,117,40803,1525,36405,123,1070,185,4024,222,28233,17267,316,1851520,1684,5690,196,961,820,216824,63,1118,2216,1386,3843,1477,62160,1806,419,1871,2937,74,2560,909,5760,1087,26,141,2492,477,509,757,2705,2246,47,40,26,45116,591,92,125,397,14609,2300,745,2902,5499,10524,1142,1089,11166,11629,94641,2146,19669,24,16867,31935,884,281270,12815,16771,4191,7922,1952,17377,15,23,19268,184121,9438,3110,99,2107,369,1749,674,233836,1157,851,26,82,55140,431715,8795,295,166422,58685,240326,908,4,1256,584016,6513436,20200602,131133,1.021,0.003
20200604,8247,39,86,12245,8504,1890,236,3101,261,2640,6911,12011,443,1872,8885,164270,18319,1636,712,47148,994,89249,8840,7247,18,324,611,522,1306,335,18,464,29921,25981,189569,6522,9,1504,1197,2594,105680,622,9831,465,25048,9,11,11571,14316,18,3644,321,153,3954,832,40792,8,118292,132,25,19,37018,84171,328,19,958,1288,1082,12067,29767,6789,4021,33592,12,4054,93157,25142,40966,20382,183198,3991,801,102,30913,485,1339,117,41883,1526,36922,124,1086,186,4027,237,28818,18054,352,1872660,1687,5880,209,963,828,226713,63,1118,2340,1461,3939,1477,63741,1806,453,1899,2952,82,2585,914,6154,1087,26,141,2611,502,509,765,2781,2247,47,40,26,45981,591,92,125,410,15044,2634,784,2955,5714,11221,1142,1089,11516,11668,95269,2204,19907,24,16911,33466,885,283079,13296,16805,4289,8003,2087,17495,15,23,20197,184472,9494,3262,99,2119,393,1797,678,234013,1194,852,26,82,57563,440538,9018,300,167410,58767,240660,957,4,1306,614941,6636970,20200603,123534,1.019,-0.002
20200605,8266,39,86,12728,8522,1910,236,3102,261,2740,6941,12075,443,1883,9168,167156,18708,1805,712,47358,994,93983,9846,7252,19,324,635,557,1306,337,18,464,30644,26542,190180,6860,9,1504,1212,2606,110026,625,9935,485,25410,9,11,11667,15086,18,3764,334,153,3970,834,43434,8,122499,132,25,19,37642,84177,328,19,960,1451,1085,12312,31115,7392,4155,33969,12,4123,95748,25163,41575,20626,187400,4060,805,102,30936,499,1368,117,42939,1526,37183,124,1087,191,4032,265,29521,18969,354,1902632,1694,5971,239,966,836,236184,63,1118,2474,1485,4007,1479,65495,1806,469,1936,2967,90,2627,929,6485,1087,26,141,2790,536,509,784,2849,2247,48,40,26,46868,595,92,125,420,15463,2912,883,3101,5865,11817,1142,1089,11844,11719,95947,2204,20103,24,16958,36759,888,284734,13835,16843,4370,8071,2145,17562,15,23,21037,184924,9529,3431,99,2133,409,1801,680,234531,1228,852,26,82,60391,449256,9247,305,168340,58907,240978,975,4,1312,645771,6774904,20200604,137934,1.021,0.002
20200606,8303,39,88,13358,8531,1931,240,3104,261,3072,6964,12124,443,1901,9462,169425,19195,1934,712,47541,994,98943,11098,7259,19,324,683,593,1306,337,18,464,31131,27101,190759,7239,9,1504,1232,2606,113619,627,10050,487,25986,9,11,11741,16016,18,3878,345,154,3990,845,45973,8,127745,141,29,19,38268,84186,329,19,960,1570,1086,12511,32612,7599,4249,34351,12,4169,98869,25183,42728,21340,191758,4117,808,103,30956,499,1368,117,43887,1528,37527,125,1090,193,4035,279,30514,19551,409,1925765,1705,6155,256,970,836,246622,83,1118,2600,1523,4094,1484,67195,1806,482,1974,2980,100,2711,946,6792,1087,26,141,2915,542,509,795,2934,2247,48,40,26,47751,596,92,125,431,16004,3235,947,3101,6081,12364,1142,1089,12233,11776,96475,2289,20290,24,17000,36759,888,286294,14383,16898,4453,8151,2316,17752,15,23,22020,185450,9567,3557,99,2173,409,1814,680,234801,1263,852,26,82,63026,458102,9511,322,169218,59072,241310,1026,4,1320,672846,6901877,20200605,126973,1.019,-0.002
20200607,8322,39,91,13643,8547,1939,242,3112,261,3334,6981,12148,443,1903,9638,171789,19600,2020,712,47780,1317,103671,12366,7265,19,324,683,616,1306,337,18,472,31848,27599,191102,7553,9,1504,1246,2606,117103,629,10154,495,26561,9,11,11823,16882,18,4016,359,154,4008,845,48285,8,134150,141,29,19,38808,84191,331,19,964,1634,1088,12694,34079,7908,4328,34693,12,4207,101914,25201,43120,21895,196515,4117,809,103,30965,513,1368,117,44730,1528,37910,141,1135,193,4039,282,31186,20342,424,1943882,1714,6327,256,973,837,257486,83,1118,2767,1533,4331,1485,68790,1807,484,2007,2997,122,2727,969,7055,1087,26,141,3025,554,509,808,3015,2247,59,40,27,48630,598,92,126,439,16425,3448,1049,3101,6081,13130,1142,1089,12486,11814,97178,2334,20479,24,17039,38149,889,287621,14763,16902,4529,8224,2377,17863,15,23,22794,185750,9628,3739,99,2191,438,1835,680,234998,1318,852,26,82,65769,467073,9700,333,170132,59226,241550,1052,4,1331,691758,7015312,20200606,113435,1.016,-0.002
20200608,8329,39,92,13949,8561,1940,244,3119,288,3538,7001,12162,443,1916,9910,173832,20126,2156,712,47945,1604,108317,13481,7267,19,324,683,646,1306,337,18,473,32510,28077,191313,7876,9,1504,1263,2704,120102,630,10265,497,27160,9,11,11896,17486,18,4106,370,154,4014,845,50879,8,138846,141,31,19,39376,84195,332,19,970,1850,1088,12859,35444,8060,4427,34885,12,4278,105283,25207,43378,22474,199696,4216,812,103,30972,513,1389,117,45133,1530,38296,144,1145,194,4040,287,32033,20917,433,1961428,1720,6450,332,973,839,265928,83,1118,2872,1547,4440,1485,70158,1807,496,2032,3049,128,2810,1001,7502,1087,26,141,3152,567,509,831,3104,2247,59,42,27,49453,599,92,126,451,16854,3762,1104,3101,6242,13325,1263,1200,12801,11852,97779,2368,20604,24,17060,40847,890,288834,15417,16968,4609,8302,2473,18032,15,23,23620,186109,9697,3881,99,2200,443,1857,687,235278,1342,852,28,82,68504,476043,9807,340,171121,59348,241717,1094,4,1350,707412,7119002,20200607,103690,1.015,-0.002
20200609,8336,39,96,14644,8576,1947,246,3121,305,3662,7025,12201,443,1942,10201,175927,20415,2336,712,48109,1604,113702,14268,7274,20,324,728,657,1306,337,18,481,33140,28479,191523,8191,9,1504,1299,2728,124301,632,10382,501,27560,9,11,11965,18198,18,4259,383,156,4017,846,52991,8,142759,141,31,19,39904,84198,332,19,972,1850,1089,13074,36829,8312,4516,35306,12,4331,108571,25215,43917,22992,203736,4258,818,103,30988,514,1389,117,45924,1531,38514,146,1187,194,4046,314,33076,21459,453,1979489,1727,6935,359,974,844,276146,83,1464,2989,1586,4520,1486,71879,1807,524,2055,3058,137,2889,1025,7866,1087,26,141,3239,585,509,845,3191,2247,59,42,27,50265,605,92,126,463,17233,4086,1162,3247,6427,13675,1263,1200,13464,11902,98241,2416,20749,24,17111,40847,891,290581,15731,16979,4690,8437,2632,18180,15,23,24761,186506,9751,3995,99,2205,455,1859,688,235561,1375,852,28,82,71675,484630,10025,371,172114,59437,241966,1138,4,1368,739503,7242313,20200608,123311,1.017,0.003
20200610,8338,41,113,15281,8594,1958,248,3125,305,3796,7040,12216,443,1962,10201,177938,20808,2506,712,48294,1604,113702,15414,7285,20,324,728,665,1306,337,18,485,33823,29015,192068,8530,9,1504,1341,2775,129184,635,10484,522,27842,9,11,12031,18887,18,4390,397,156,4027,847,55421,8,148456,162,31,19,40507,84209,332,19,974,1888,1092,13319,38284,8681,4640,35600,12,4373,112288,25231,44440,23732,208823,4258,827,103,31011,611,1389,117,46814,1533,38965,152,1202,194,4049,320,34316,22142,472,2000464,1733,7360,378,974,846,276583,83,1464,3094,1667,4623,1488,73595,1807,560,2093,3068,144,2993,1062,8221,1087,26,141,3364,615,509,863,3274,2249,59,48,27,51066,605,96,126,476,17889,4364,1283,3375,6582,14103,1298,1200,13873,11947,98720,2452,20945,24,17146,42206,891,291588,16200,17005,4763,8508,2738,18355,15,23,25987,186522,9824,4181,99,2211,455,1869,691,235763,1461,852,28,82,74865,493023,10321,398,173036,59569,242280,1162,4,1388,772416,7360239,20200609,117926,1.016,-0.001
