Fecha,Irán_INI,Pakistan_INI,Francia_INI,México_INI,South Africa_INI,Chile_INI,China_INI,Saudi Arabia_INI,Perú_INI,Estados Unidos_INI,India_INI,Reino Unido_INI,Alemania_INI,Italia_INI,Bangladesh_INI,Rusia_INI,Turquía_INI,España_INI,Brasil_INI,Irán Diario,Francia Diario,México Diario,Chile Diario,China Diario,Perú Diario,Estados Unidos Diario,India Diario,Reino Unido Diario,Alemania Diario,Italia Diario,Rusia Diario,Turquía Diario,España Diario,Brasil Diario,Pakistán Diario,Arabia Saudita Diario,Sudáfrica Diario,Bangladesh Diario,Irán,Francia,México,Chile,China,Perú,Estados Unidos,India,Reino Unido,Alemania,Italia,Rusia,Turquía,España,Brasil,Pakistán,Arabia Saudita,Sudáfrica,Bangladesh
20200122,0,0,0,0,0,0,28,0,0,0,0,0,0,0,0,0,0,0,0,0,0,0,0,0,0,0,0,0,0,0,0,0,0,0,0,0,0,0,,,,,,,,,,,,,,,,,,,
20200123,0,0,0,0,0,0,30,0,0,0,0,0,0,0,0,0,0,0,0,0,0,0,0,2,0,0,0,0,0,0,0,0,0,0,0,0,0,0,,,,,,,,,,,,,,,,,,,
20200124,0,0,0,0,0,0,36,0,0,0,0,0,0,0,0,0,0,0,0,0,0,0,0,6,0,0,0,0,0,0,0,0,0,0,0,0,0,0,,,,,,,,,,,,,,,,,,,
20200125,0,0,0,0,0,0,39,0,0,0,0,0,0,0,0,0,0,0,0,0,0,0,0,3,0,0,0,0,0,0,0,0,0,0,0,0,0,0,,,,,,,,,,,,,,,,,,,
20200126,0,0,0,0,0,0,49,0,0,0,0,0,0,0,0,0,0,0,0,0,0,0,0,10,0,0,0,0,0,0,0,0,0,0,0,0,0,0,,,,,,,,,,,,,,,,,,,
20200127,0,0,0,0,0,0,58,0,0,0,0,0,0,0,0,0,0,0,0,0,0,0,0,9,0,0,0,0,0,0,0,0,0,0,0,0,0,0,,,,,,,,,,,,,,,,,,,
20200128,0,0,0,0,0,0,101,0,0,0,0,0,0,0,0,0,0,0,0,0,0,0,0,43,0,0,0,0,0,0,0,0,0,0,0,0,0,0,,,,,,,,,,,,,,,,,,,
20200129,0,0,0,0,0,0,120,0,0,0,0,0,0,0,0,0,0,0,0,0,0,0,0,19,0,0,0,0,0,0,0,0,0,0,0,0,0,0,,,,,,,,,,,,,,,,,,,
20200130,0,0,0,0,0,0,135,0,0,0,0,0,0,0,0,0,0,0,0,0,0,0,0,15,0,0,0,0,0,0,0,0,0,0,0,0,0,0,,,,,,,,,,,,,,,,,,,
20200131,0,0,0,0,0,0,214,0,0,0,0,0,0,0,0,0,0,0,0,0,0,0,0,79,0,0,0,0,0,0,0,0,0,0,0,0,0,0,,,,,,,,,,,,,,,,,,,
20200201,0,0,0,0,0,0,275,0,0,0,0,0,0,0,0,0,0,0,0,0,0,0,0,61,0,0,0,0,0,0,0,0,0,0,0,0,0,0,,,,,,,,,,,,,,,,,,,
20200202,0,0,0,0,0,0,463,0,0,0,0,0,0,0,0,0,0,0,0,0,0,0,0,188,0,0,0,0,0,0,0,0,0,0,0,0,0,0,,,,,,,,,,,,,,,,,,,
20200203,0,0,0,0,0,0,614,0,0,0,0,0,0,0,0,0,0,0,0,0,0,0,0,151,0,0,0,0,0,0,0,0,0,0,0,0,0,0,,,,,,,,,,,,,,,,,,,
20200204,0,0,0,0,0,0,843,0,0,0,0,0,0,0,0,0,0,0,0,0,0,0,0,229,0,0,0,0,0,0,0,0,0,0,0,0,0,0,0,0,0,0,58,0,0,0,0,0,0,0,0,0,0,0,0,0,0
20200205,0,0,0,0,0,0,1115,0,0,0,0,0,0,0,0,0,0,0,0,0,0,0,0,272,0,0,0,0,0,0,0,0,0,0,0,0,0,0,0,0,0,0,78,0,0,0,0,0,0,0,0,0,0,0,0,0,0
20200206,0,0,0,0,0,0,1477,0,0,0,0,0,0,0,0,0,0,0,0,0,0,0,0,362,0,0,0,0,0,0,0,0,0,0,0,0,0,0,0,0,0,0,103,0,0,0,0,0,0,0,0,0,0,0,0,0,0
20200207,0,0,0,0,0,0,1999,0,0,0,0,0,0,0,0,0,0,0,0,0,0,0,0,522,0,0,0,0,0,0,0,0,0,0,0,0,0,0,0,0,0,0,140,0,0,0,0,0,0,0,0,0,0,0,0,0,0
20200208,0,0,0,0,0,0,2596,0,0,0,0,0,0,0,0,0,0,0,0,0,0,0,0,597,0,0,0,0,0,0,0,0,0,0,0,0,0,0,0,0,0,0,183,0,0,0,0,0,0,0,0,0,0,0,0,0,0
20200209,0,0,0,0,0,0,3219,0,0,3,0,0,0,0,0,0,0,0,0,0,0,0,0,623,0,3,0,0,0,0,0,0,0,0,0,0,0,0,0,0,0,0,226,0,0,0,0,0,0,0,0,0,0,0,0,0,0
20200210,0,0,0,0,0,0,3918,0,0,3,0,0,0,0,0,0,0,0,0,0,0,0,0,699,0,0,0,0,0,0,0,0,0,0,0,0,0,0,0,0,0,0,276,0,0,0,0,0,0,0,0,0,0,0,0,0,0
20200211,0,0,0,0,0,0,4636,0,0,3,0,0,0,0,0,0,0,0,0,0,0,0,0,718,0,0,0,0,0,0,0,0,0,0,0,0,0,0,0,0,0,0,324,0,0,0,0,0,0,0,0,0,0,0,0,0,0
20200212,0,0,2,0,0,0,5082,0,0,3,0,1,0,0,0,2,0,0,0,0,2,0,0,446,0,0,0,1,0,0,2,0,0,0,0,0,0,0,0,0,0,0,354,0,0,0,0,0,0,0,0,0,0,0,0,0,0
20200213,0,0,2,0,0,0,6217,0,0,3,0,1,1,0,0,2,0,0,0,0,0,0,0,1135,0,0,0,0,1,0,0,0,0,0,0,0,0,0,0,0,0,0,434,0,0,0,0,0,0,0,0,0,0,0,0,0,0
20200214,0,0,2,0,0,0,7977,0,0,3,0,1,1,0,0,2,0,0,0,0,0,0,0,1760,0,0,0,0,0,0,0,0,0,0,0,0,0,0,0,0,0,0,555,0,0,0,0,0,0,0,0,0,0,0,0,0,0
20200215,0,0,4,0,0,0,9298,0,0,3,0,1,1,0,0,2,0,2,0,0,2,0,0,1321,0,0,0,0,0,0,0,0,2,0,0,0,0,0,0,0,0,0,645,0,0,0,0,0,0,0,0,0,0,0,0,0,0
20200216,0,0,4,0,0,0,10755,0,0,3,3,8,1,0,0,2,0,2,0,0,0,0,0,1457,0,0,3,7,0,0,0,0,0,0,0,0,0,0,0,0,0,0,735,0,0,0,1,0,0,0,0,0,0,0,0,0,0
20200217,0,0,4,0,0,0,12462,0,0,3,3,8,1,0,0,2,0,2,0,0,0,0,0,1707,0,0,0,0,0,0,0,0,0,0,0,0,0,0,0,0,0,0,846,0,0,0,1,0,0,0,0,0,0,0,0,0,0
20200218,0,0,4,0,0,0,14206,0,0,3,3,8,12,0,0,2,0,2,0,0,0,0,0,1744,0,0,0,0,11,0,0,0,0,0,0,0,0,0,0,0,0,0,955,0,0,0,1,1,0,0,0,0,0,0,0,0,0
20200219,0,0,4,0,0,0,15962,0,0,3,3,8,12,0,0,2,0,2,0,0,0,0,0,1756,0,0,0,0,0,0,0,0,0,0,0,0,0,0,0,0,0,0,1061,0,0,0,1,1,0,0,0,0,0,0,0,0,0
20200220,0,0,4,0,0,0,18014,0,0,3,3,8,12,0,0,2,0,2,0,0,0,0,0,2052,0,0,0,0,0,0,0,0,0,0,0,0,0,0,0,0,0,0,1181,0,0,0,1,1,0,0,0,0,0,0,0,0,0
20200221,0,0,4,0,0,0,18704,0,0,5,3,8,14,0,0,2,0,2,0,0,0,0,0,690,0,2,0,0,2,0,0,0,0,0,0,0,0,0,0,0,0,0,1193,0,0,0,1,1,0,0,0,0,0,0,0,0,0
20200222,0,0,4,0,0,0,22699,0,0,5,3,8,14,1,0,2,0,2,0,0,0,0,0,3995,0,0,0,0,0,1,0,0,0,0,0,0,0,0,0,0,0,0,1436,0,0,0,1,1,0,0,0,0,0,0,0,0,0
20200223,0,0,4,0,0,0,23187,0,0,5,3,8,14,2,0,2,0,2,0,0,0,0,0,488,0,0,0,0,0,1,0,0,0,0,0,0,0,0,0,0,0,0,1426,0,0,0,1,1,0,0,0,0,0,0,0,0,0
20200224,0,0,4,0,0,0,25015,0,0,5,3,8,14,1,0,2,0,2,0,0,0,0,0,1828,0,0,0,0,0,-1,0,0,0,0,0,0,0,0,0,0,0,0,1507,0,0,0,1,1,0,0,0,0,0,0,0,0,0
20200225,0,0,11,0,0,0,27676,0,0,6,3,8,14,1,0,2,0,2,0,0,7,0,0,2661,0,1,0,0,0,0,0,0,0,0,0,0,0,0,0,1,0,0,1646,0,0,0,1,1,0,0,0,0,0,0,0,0,0
20200226,49,0,11,0,0,0,30084,0,0,6,3,8,15,3,0,2,0,2,0,49,0,0,0,2408,0,0,0,0,1,2,0,0,0,0,0,0,0,0,4,1,0,0,1786,0,0,0,1,1,0,0,0,0,0,0,0,0,0
20200227,49,0,11,0,0,0,32930,0,0,6,3,8,16,45,0,2,0,2,0,0,0,0,0,2846,0,0,0,0,1,42,0,0,0,0,0,0,0,0,4,1,0,0,1908,0,0,0,1,1,3,0,0,0,0,0,0,0,0
20200228,73,0,11,0,0,0,36329,0,0,7,3,8,16,46,0,2,0,2,0,24,0,0,0,3399,0,1,0,0,0,1,0,0,0,0,0,0,0,0,5,1,0,0,2025,0,0,0,1,1,3,0,0,0,0,0,0,0,0
20200229,123,0,12,0,0,0,39320,0,0,7,3,8,16,46,0,2,0,2,0,50,1,0,0,2991,0,0,0,0,0,0,0,0,0,0,0,0,0,0,9,1,0,0,2144,0,0,0,1,1,3,0,0,0,0,0,0,0,0
20200301,175,0,12,0,0,0,42162,0,0,7,3,8,16,83,0,2,0,2,0,52,0,0,0,2842,0,0,0,0,0,37,0,0,0,0,0,0,0,0,13,1,0,0,2243,0,0,0,0,1,6,0,0,0,0,0,0,0,0
20200302,291,0,12,0,0,0,44854,0,0,7,3,8,16,149,0,2,0,2,0,116,0,0,0,2692,0,0,0,0,0,66,0,0,0,0,0,0,0,0,21,1,0,0,2314,0,0,0,0,1,11,0,0,0,0,0,0,0,0
20200303,291,0,12,1,0,0,47450,0,0,7,3,8,16,160,0,2,0,2,0,0,0,1,0,2596,0,0,0,0,0,11,0,0,0,0,0,0,0,0,21,1,0,0,2375,0,0,0,0,0,11,0,0,0,0,0,0,0,0
20200304,552,0,12,1,0,0,50001,0,0,7,3,8,16,276,0,2,0,2,0,261,0,0,0,2551,0,0,0,0,0,116,0,0,0,0,0,0,0,0,39,1,0,0,2431,0,0,0,0,0,20,0,0,0,0,0,0,0,0
20200305,739,0,12,1,0,0,52292,0,0,7,3,8,16,414,0,2,0,2,0,187,0,0,0,2291,0,0,0,0,0,138,0,0,0,0,0,0,0,0,53,1,0,0,2448,0,0,0,0,0,30,0,0,0,0,0,0,0,0
20200306,913,0,12,1,0,0,53944,0,0,7,3,8,17,523,0,2,0,2,0,174,0,0,0,1652,0,0,0,0,1,109,0,0,0,0,0,0,0,0,65,1,0,0,2517,0,0,0,0,0,37,0,0,0,0,0,0,0,0
20200307,1669,1,12,1,0,0,55539,0,0,7,3,18,18,589,0,2,0,30,0,756,0,0,0,1595,0,0,0,10,1,66,0,0,28,0,1,0,0,0,119,1,0,0,2346,0,0,0,1,0,42,0,0,2,0,0,0,0,0
20200308,2134,1,12,1,0,0,57388,0,0,7,3,18,18,622,0,3,0,30,0,465,0,0,0,1849,0,0,0,0,0,33,1,0,0,0,0,0,0,0,152,1,0,0,2443,0,0,0,1,0,44,0,0,2,0,0,0,0,0
20200309,2394,1,12,1,0,0,58804,0,0,7,3,18,18,724,0,3,0,32,0,260,0,0,0,1416,0,0,0,0,0,102,0,0,2,0,0,0,0,0,171,1,0,0,2414,0,0,0,1,0,52,0,0,2,0,0,0,0,0
20200310,2731,2,12,4,0,0,60181,1,0,8,4,19,18,724,0,3,0,32,0,337,0,3,0,1377,0,1,1,1,0,0,0,0,0,0,1,1,0,0,195,0,0,0,2322,0,0,0,1,0,52,0,0,2,0,0,0,0,0
20200311,2959,2,12,4,0,0,61644,1,0,8,4,19,25,1045,0,3,0,183,0,228,0,0,0,1463,0,0,0,0,7,321,0,0,151,0,0,0,0,0,208,0,0,0,2254,0,0,0,1,1,74,0,0,13,0,0,0,0,0
20200312,2959,2,12,4,0,0,62901,1,0,12,4,19,25,1045,0,3,0,183,0,0,0,0,0,1257,0,4,0,0,0,0,0,0,0,0,0,0,0,0,208,0,0,0,2141,0,0,0,1,1,71,0,0,13,0,0,0,0,0
20200313,2959,2,12,4,0,0,64196,1,0,12,4,19,46,1439,0,3,0,193,0,0,0,0,0,1295,0,0,0,0,21,394,0,0,10,0,0,0,0,0,206,0,0,0,1991,0,0,0,1,2,100,0,0,14,0,0,0,0,0
20200314,2959,2,12,4,0,0,65660,1,0,12,4,19,46,1966,0,8,0,517,0,0,0,0,0,1464,0,0,0,0,0,527,5,0,324,0,0,0,0,0,203,0,0,0,1881,0,0,0,1,2,137,0,0,37,0,0,0,0,0
20200315,4590,2,12,4,0,0,67017,1,0,12,13,19,46,2335,0,8,0,517,0,1631,0,0,0,1357,0,0,9,0,0,369,0,0,0,0,0,0,0,0,315,0,0,0,1775,0,0,1,1,2,161,0,0,37,0,0,0,0,0
20200316,4590,2,12,4,0,0,67910,2,0,17,13,21,67,2749,2,8,0,530,1,0,0,0,0,893,0,5,0,2,21,414,0,0,13,1,0,1,0,2,307,0,0,0,1647,0,1,1,1,4,186,0,0,38,0,0,0,0,0
20200317,5389,2,12,4,0,0,68798,6,1,17,14,53,67,2941,3,8,0,1028,2,799,0,0,0,888,1,0,1,32,0,192,0,0,498,1,0,4,0,1,364,0,0,0,1525,0,1,1,3,4,199,0,0,73,0,0,0,0,0
20200318,5389,13,12,4,0,0,69755,6,1,105,14,67,105,4025,3,8,0,1081,2,0,0,0,0,957,0,88,0,14,38,1084,0,0,53,0,11,0,0,0,346,0,0,0,1411,0,7,1,4,6,268,0,0,77,0,1,0,0,0
20200319,5710,13,12,4,0,0,70535,6,1,121,15,67,113,4440,3,9,0,1107,2,321,0,0,0,780,0,16,1,0,8,415,1,0,26,0,0,0,0,0,355,0,0,0,1303,0,8,1,4,7,288,1,0,79,0,1,0,0,0
20200320,6745,13,12,4,0,6,71266,8,1,147,20,67,180,4440,3,9,0,1588,2,1035,0,0,6,731,0,26,5,0,67,0,0,0,481,0,0,2,0,0,417,0,0,0,1237,0,10,1,4,12,280,1,0,113,0,1,1,0,0
20200321,7635,5,12,4,0,6,71857,16,1,176,23,67,233,6072,3,12,0,2125,2,890,0,0,0,591,0,29,3,0,53,1632,3,0,537,0,-8,8,0,0,426,0,0,0,1166,0,12,1,4,15,392,1,0,150,0,0,1,0,0
20200322,7931,5,2206,4,0,8,72362,16,1,178,27,67,266,7024,3,16,0,2575,2,296,2194,0,2,505,0,2,4,0,33,952,4,0,450,0,0,0,0,0,414,157,0,1,1070,0,12,2,4,18,457,1,0,182,0,0,1,0,0
20200323,7931,18,2206,4,0,8,72814,16,1,178,27,67,266,7024,3,16,0,2575,2,0,0,0,0,452,0,0,0,0,0,0,0,0,0,0,13,0,0,0,396,157,0,1,1001,0,12,2,4,18,450,1,0,182,0,1,1,0,0
20200324,8913,21,3250,4,4,17,73280,28,1,348,40,140,3243,8326,5,22,0,3794,2,982,1044,0,9,466,0,170,13,73,2977,1302,6,0,1219,0,3,12,4,2,442,231,0,1,936,0,24,3,9,230,543,1,0,269,0,1,2,0,0
20200325,9625,21,3907,4,12,22,73773,29,1,361,43,140,3547,9362,7,29,26,5367,2,712,657,0,5,493,0,13,3,0,304,1036,7,26,1573,0,0,1,8,2,476,278,0,2,866,0,25,3,9,252,594,2,2,370,0,1,2,1,1
20200326,10457,23,4955,4,12,22,74181,33,14,681,45,150,5673,10361,11,38,26,7015,6,832,1048,0,0,408,13,320,2,10,2126,999,9,0,1648,4,2,4,0,4,536,353,0,2,806,1,48,3,9,403,665,3,2,488,0,2,2,1,1
20200327,11133,29,5707,4,31,43,74720,35,16,869,73,151,6658,10950,11,45,42,9357,6,676,752,0,21,539,2,188,28,1,985,589,7,16,2342,0,6,2,19,0,584,407,0,3,752,1,61,5,9,472,679,3,3,655,0,2,2,2,1
20200328,11679,29,5724,4,31,61,75100,37,16,1072,84,151,8481,12384,15,49,70,12285,6,546,17,0,18,380,0,203,11,0,1823,1434,4,28,2928,0,0,2,0,4,623,408,0,4,674,1,76,6,9,603,744,3,5,841,0,2,3,2,1
20200329,12391,76,7226,4,31,75,75582,66,16,2665,95,151,9211,13030,15,64,105,14709,6,712,1502,0,14,482,0,1593,11,0,730,646,15,35,2424,0,47,29,0,0,557,515,0,5,612,1,190,6,9,655,764,4,8,1014,0,5,5,2,1
20200330,13911,76,7964,35,31,156,75923,115,53,5644,102,171,13500,14620,19,66,162,16780,120,1520,738,31,81,341,37,2979,7,20,4289,1590,2,57,2071,114,0,49,0,4,666,568,2,11,572,4,402,6,11,960,848,4,12,1161,9,5,8,2,1
20200331,14656,94,9513,35,31,156,76206,165,394,7024,123,179,16100,15729,25,121,243,19259,127,745,1549,0,0,283,341,1380,21,8,2600,1109,55,81,2479,7,18,50,0,6,662,679,2,11,529,28,501,8,9,1145,913,8,17,1302,9,7,11,2,2
20200401,15473,125,11053,35,50,234,76405,264,394,8474,148,179,18700,16847,25,190,333,22647,127,817,1540,0,78,199,0,1450,25,0,2600,1118,69,90,3388,0,31,99,19,0,720,789,2,17,475,28,598,10,8,1328,916,13,24,1540,9,8,18,4,2
20200402,16711,126,12548,35,50,335,76565,328,537,9001,191,192,22440,18278,25,235,415,26743,127,1238,1495,0,101,160,143,527,43,13,3740,1431,45,82,4096,0,1,64,0,0,786,895,2,24,431,38,634,13,9,1595,988,16,30,1831,9,8,23,4,2
20200403,17935,131,14135,633,95,427,76760,351,537,9707,192,208,24575,19758,26,281,484,30513,127,1224,1587,598,92,195,0,706,1,16,2135,1480,46,69,3770,0,5,23,45,1,799,1009,45,30,392,38,683,12,10,1743,1094,19,35,2066,9,8,25,7,2
20200404,19736,211,15572,633,95,528,76946,420,914,14652,229,215,26400,20996,30,333,786,34219,127,1801,1437,0,101,186,377,4945,37,7,1825,1238,52,302,3706,0,80,69,0,4,864,1111,45,37,364,65,1034,15,11,1869,1066,23,56,2292,9,15,29,7,2
20200405,19736,259,16349,633,95,618,77207,488,989,17448,229,229,28700,21815,33,355,1042,38080,127,0,777,0,90,261,75,2796,0,14,2300,819,22,256,3861,0,48,68,0,3,843,1010,45,44,346,71,1234,14,12,2031,1057,24,74,2536,9,18,34,7,2
20200406,24236,429,17428,633,95,728,77310,551,997,19581,375,287,28700,22837,33,406,1326,40437,127,4500,1079,0,110,103,8,2133,146,58,0,1022,51,284,2357,0,170,63,0,0,1165,1087,45,51,321,71,1386,25,16,2031,1130,28,95,2704,9,29,38,7,2
20200407,27039,467,19523,633,95,898,77410,615,1301,21763,421,325,36081,24392,33,494,1582,43208,127,2803,2095,0,170,100,304,2182,46,38,7381,1555,88,256,2771,0,38,64,0,0,1295,1162,45,63,295,93,1530,27,13,2346,1148,34,113,2815,9,32,42,7,2
20200408,29812,572,21452,633,95,1115,77567,631,1333,23559,506,345,46300,26491,33,580,1846,48021,127,2773,1929,0,217,157,32,1796,85,20,10219,2099,86,264,4813,0,105,16,0,0,1442,1253,45,78,271,95,1657,33,15,3054,1224,39,130,3047,9,39,43,6,2
20200409,32309,727,23413,633,95,1274,77679,666,1438,25410,620,359,52407,28470,33,698,2142,52165,173,2497,1961,0,159,112,105,1851,114,14,6107,1979,118,296,4144,46,155,35,0,0,1561,1318,45,89,250,102,1766,41,15,3338,1294,47,151,3225,12,50,45,6,2
20200410,35465,762,25195,633,410,1571,77791,685,1569,28790,774,588,53913,30455,33,795,2423,55668,173,3156,1782,0,297,112,131,3380,154,229,1506,1985,97,281,3503,0,35,19,315,0,1738,1392,45,109,219,111,1994,50,31,3375,1393,54,170,3308,12,52,46,27,2
20200411,41947,1028,26663,633,410,1864,77877,720,1739,31270,969,622,57400,32534,36,1045,2965,59109,173,6482,1468,0,293,86,170,2480,195,34,3487,2079,250,542,3441,0,266,35,0,3,2162,1496,45,129,198,123,2157,63,34,3494,1439,71,207,3345,12,71,49,27,2
20200412,43894,1095,27469,1772,410,2059,77956,761,1798,32988,1080,626,60300,34211,39,1291,3446,62391,173,1947,806,1139,195,79,59,1718,111,4,2900,1677,246,481,3282,0,67,41,0,3,2250,1446,126,142,170,127,2166,70,34,3649,1513,88,239,3406,12,73,50,27,2
20200413,45983,1378,28001,1843,410,2367,78039,805,2642,43482,1181,304,64300,35435,42,1470,3957,64727,173,2089,532,71,308,83,844,10494,101,-322,4000,1224,179,511,2336,0,283,44,0,3,2291,1431,129,158,151,185,2703,77,10,3629,1487,100,271,3425,4,93,49,27,2
20200414,48129,1446,28805,1964,410,2646,78200,889,2869,47763,1359,323,68200,37130,42,1694,4799,67504,3046,2146,804,121,279,161,227,4281,178,19,3900,1695,224,842,2777,2873,68,84,0,0,2391,1378,138,178,142,177,2910,88,10,3721,1529,112,325,3446,209,97,52,27,1
20200415,49933,1645,30955,2125,410,2937,78311,931,3108,52096,1432,368,72600,38092,49,1986,5674,70853,14026,1804,2150,161,291,111,239,4333,73,45,4400,962,292,875,3349,10980,199,42,0,7,2461,1422,149,193,136,194,3116,92,14,3850,1518,128,382,3443,993,109,48,26,2
20200416,52229,1765,32812,2125,903,3299,78401,990,6120,54703,1768,375,77000,40164,49,2304,7089,74797,14026,2296,1857,0,362,90,3012,2607,336,7,4400,2072,318,1415,3944,0,120,59,493,0,2537,1447,149,212,131,399,3264,113,13,3897,1563,148,477,3432,993,117,47,61,2
20200417,54064,1832,34420,2125,903,3621,77552,1049,6541,58545,2041,394,83114,42727,58,2590,8631,74797,14026,1835,1608,0,322,-849,421,3842,273,19,6114,2563,286,1542,0,0,67,59,0,9,2581,1449,107,228,57,429,3488,132,13,4181,1641,165,582,3163,993,122,50,58,2
20200418,55987,1868,35983,2125,903,4035,77614,1329,6684,64840,2463,414,85400,44927,66,3057,10453,74797,14026,1923,1563,0,414,62,143,6295,422,20,2286,2200,467,1822,0,0,36,280,0,8,2589,1458,107,251,48,412,3585,160,14,4214,1709,195,691,2898,993,118,65,58,3
20200419,57023,1970,36578,2627,903,4338,77690,1398,6811,70337,2854,436,88000,47055,75,3291,11976,77357,22130,1036,595,502,303,76,127,5497,391,22,2600,2128,234,1523,2560,8104,102,69,0,9,2663,1445,142,266,35,416,3778,188,15,4236,1803,210,781,2806,1572,122,65,58,3
20200420,59273,2073,37409,2627,1055,4676,77745,1490,6968,72329,3273,446,91500,48877,85,3446,13430,80587,22130,2250,831,0,338,55,157,1992,419,10,3500,1822,155,1454,3230,0,103,92,152,10,2503,1427,142,282,31,427,3768,207,11,4486,1860,217,865,2868,1572,117,67,69,4
20200421,60965,2156,39181,2627,1055,4969,77799,1640,6982,75204,3975,638,95200,51600,87,3873,14918,82514,22991,1692,1772,0,293,54,14,2875,702,192,3700,2723,427,1488,1927,861,83,150,0,2,2423,1404,142,291,28,406,3817,254,22,4223,1943,241,953,2808,1633,121,73,69,4
20200422,63113,2527,40657,2627,1055,5386,77861,1812,7027,77366,4370,683,99400,54543,92,4420,16477,85915,25318,2148,1476,0,417,62,45,2162,395,45,4200,2943,547,1559,3401,2327,371,172,0,5,2379,1372,142,305,21,407,3843,276,24,3793,2004,274,1045,2707,1799,140,84,69,4
20200423,64843,2755,42088,2627,1473,5804,77983,1925,7422,80203,5012,712,103300,57576,108,4891,18491,89250,26573,1730,1431,0,418,122,395,2837,642,29,3900,3033,471,2014,3335,1255,228,113,418,16,2324,1334,142,324,22,427,3914,314,25,3635,2079,300,1168,2649,1886,145,90,98,5
20200424,66599,2866,43493,2627,1473,6327,78109,2049,7496,99079,5498,724,109800,60498,112,5568,21737,92355,27655,1756,1405,0,523,126,74,18876,486,12,6500,2922,677,3246,3105,1082,111,124,0,4,2224,1307,142,340,23,423,5021,337,10,3992,2146,341,1380,2621,1963,150,97,76,6
20200425,68193,2936,44594,7149,1473,6746,78175,2215,7797,100372,5939,774,109800,63120,113,6250,25582,95708,29160,1594,1101,4522,419,66,301,1293,441,50,0,2622,682,3845,3353,1505,70,166,0,1,1875,1281,465,349,21,433,4936,355,11,3743,2185,372,1616,2614,2071,136,107,76,6
20200426,69657,3029,44903,8354,1473,7024,78277,2357,8088,106988,6523,778,112000,64928,122,6767,29140,98372,30152,1464,309,1205,278,102,291,6616,584,4,2200,1808,517,3558,2664,992,93,142,0,9,1840,1245,470,355,23,449,5286,389,11,3693,2194,391,1835,2570,2141,138,114,76,6
20200427,70933,3233,45513,9086,1473,7327,78374,2531,8425,111424,7137,807,114500,66624,131,7346,33791,100875,31142,1276,610,732,303,97,337,4436,614,29,2500,1696,579,4651,2503,990,204,174,0,9,1782,1251,517,354,24,413,4853,425,36,3586,2228,420,2131,2582,2212,133,123,76,6
20200428,72439,3425,46886,11423,2073,7710,78422,2784,9179,115936,7747,813,117400,68941,139,8456,38809,102548,32544,1506,1373,2337,383,48,754,4512,610,6,2900,2317,1110,5018,1673,1402,192,253,600,8,1736,1292,676,362,16,451,4870,456,35,3514,2272,483,2429,2503,2107,141,135,119,7
20200429,73791,4315,48228,11423,2073,8057,78474,2953,10037,120720,8437,857,120400,71252,150,10286,44040,108947,34132,1352,1342,0,347,52,858,4784,690,44,3000,2311,1830,5231,6399,1588,890,169,0,11,1704,1234,664,366,12,495,4902,500,35,3414,2369,593,2740,2721,1436,191,144,119,7
20200430,75103,4715,49476,11423,2073,8580,78523,3163,10405,153947,9068,859,123500,75945,160,11619,48886,112050,35935,1312,1248,0,523,49,368,33227,631,2,3100,4693,1333,4846,3103,1803,400,210,0,10,1634,1190,664,377,9,306,7089,521,35,3321,2556,665,2986,2661,1565,211,155,84,8
20200501,76318,4817,50212,12377,2382,9018,78573,3555,11129,164015,10007,892,126900,78249,174,13220,53808,112050,38039,1215,736,954,438,50,724,10068,939,33,3400,2304,1601,4922,0,2104,102,392,309,14,1590,1128,732,386,73,328,7534,569,36,3128,2537,759,3227,2661,1715,213,179,106,8
20200502,77350,5114,50663,12377,2549,9572,78586,3765,12434,175382,10819,896,129000,79914,177,15013,58259,117248,40937,1032,451,0,554,13,1305,11367,812,4,2100,1665,1793,4451,5198,2898,297,210,167,3,1526,1049,732,396,69,411,7896,597,34,3114,2499,854,3415,3032,1922,232,174,118,8
20200503,78422,5635,50885,13447,2549,10041,78684,4134,13550,180152,11775,901,130600,81654,1063,16639,63151,118902,42991,1072,222,1070,469,98,1116,4770,956,5,1600,1740,1626,4892,1654,2054,521,369,0,886,1529,1022,773,407,71,481,7844,637,33,3043,2471,953,3655,2968,1490,262,195,118,71
20200504,79379,5801,51476,13447,2746,10415,78792,4476,14427,187180,12847,910,132700,82879,1209,18095,68166,121343,45815,957,591,0,374,108,877,7028,1072,9,2100,1225,1456,5015,2441,2824,166,342,197,146,1436,1005,773,410,75,533,8204,684,33,2943,2429,1046,3910,2911,1692,266,213,121,80
20200505,80475,6464,52842,16810,2746,10710,78870,5431,15413,189791,14142,926,135100,85231,1403,19865,73285,123486,48221,1096,1366,3363,295,78,986,2611,1295,16,2400,2352,1770,5119,2143,2406,663,955,0,194,1394,976,1013,410,77,602,8185,726,21,2850,2402,1142,4169,2927,1802,308,271,121,94
20200506,81587,6464,54079,17781,3153,11189,78929,6783,17527,189910,15331,934,139900,93245,1403,21327,78202,126002,51370,1112,1237,971,479,59,2114,119,1189,8,4800,8014,1462,4917,2516,3149,0,1352,407,0,1320,959,1082,415,76,750,8039,783,18,2893,2764,1208,4409,2863,1861,281,355,150,94
20200507,82744,7530,55191,17781,3153,11664,78977,7798,18388,195036,16776,970,141700,96276,1910,23803,82984,128511,55350,1157,1112,0,475,48,861,5126,1445,36,1800,3031,2476,4782,2509,3980,1066,1015,0,507,1279,936,1082,419,71,783,8202,840,18,2743,2764,1351,4607,2804,2056,341,420,120,129
20200508,83837,7809,55892,20314,3153,12160,78993,9120,19012,198993,17887,997,141700,99023,2101,26608,86396,131148,59297,1093,701,2533,496,16,624,3957,1111,27,0,2747,2805,3412,2637,3947,279,1322,0,191,1231,886,1263,417,63,823,7137,885,20,2279,2752,1503,4619,2771,2260,353,505,120,142
20200509,85064,8063,56148,21824,3983,12667,79127,10144,20246,212534,19301,1001,143300,103031,2414,31916,89480,133952,61685,1227,256,1510,507,134,1234,13541,1414,4,1600,4008,5308,3084,2804,2388,254,1024,830,313,1205,825,1048,423,68,889,8012,954,16,2393,2851,1833,4564,2732,2323,366,566,179,164
20200510,86143,8555,56327,21824,4173,13112,79167,11457,21349,216169,20969,1002,144400,105186,2650,34306,92691,136166,64957,1079,179,0,445,40,1103,3635,1668,1,1100,2155,2390,3211,2214,3272,492,1313,190,236,1178,816,962,435,64,947,7799,1032,16,2314,2876,1967,4539,2700,2486,395,650,193,181
20200511,87422,8812,56835,23100,4357,13605,79198,12737,22406,232733,22549,1015,145617,106587,2902,39801,95780,137139,67384,1279,508,1276,493,31,1057,16564,1580,13,1217,1401,5495,3089,973,2427,257,1280,184,252,1178,809,1001,448,59,999,8665,1101,15,2223,2855,2318,4428,2590,2589,399,729,206,198
20200512,88357,8899,57898,25935,4357,14125,79222,15257,23324,230287,24420,1023,147200,109039,3147,43512,98889,138980,72597,935,1063,2835,520,24,918,-2446,1871,8,1583,2452,3711,3109,1841,5213,87,2520,0,245,1137,787,1037,458,57,1010,8168,1191,15,2129,2864,2504,4291,2602,2861,391,891,163,215
20200513,89428,9695,58786,26990,4745,14865,79246,17622,24324,243430,26400,1032,148700,112541,3361,48003,101715,140823,78424,1071,888,1055,740,24,1000,13143,1980,9,1500,3502,4491,2826,1843,5827,796,2365,388,214,1117,754,1112,486,55,1021,8765,1283,13,2021,2949,2694,4120,2277,3164,384,1048,191,229
20200514,90539,10880,59719,28475,5676,15655,79261,19051,25151,246414,27969,1043,150300,115288,3361,53530,104030,143374,79479,1111,933,1485,790,15,827,2984,1569,11,1600,2747,5527,2315,2551,1055,1185,1429,931,0,1103,732,1218,505,53,1053,6605,1350,13,1914,2810,2994,3939,2237,3110,440,1135,257,229
20200515,91836,10880,60562,30451,6083,16614,79281,21869,27147,250747,30258,1047,151597,120205,3882,58226,106133,144783,84970,1297,843,1976,959,20,1996,4333,2289,4,1297,4917,4696,2103,1409,5491,0,2818,407,521,1108,739,1291,543,51,1144,6195,1447,11,1764,2997,3215,3738,2338,3352,433,1308,264,265
20200516,93147,11341,60562,31848,6478,18014,79293,23666,28272,268376,34224,1058,152600,122810,4117,63166,108137,146446,89672,1311,0,1397,1400,12,1125,17629,3966,11,1003,2605,4940,2004,1663,4702,461,1797,395,235,1128,707,1391,603,51,1131,6642,1672,12,1686,3064,3440,3563,2086,3481,445,1422,281,281
20200517,94464,11922,61327,33329,7006,19213,79306,25722,28621,272265,36795,1058,154011,125176,4373,67373,109962,146446,94122,1317,765,1481,1199,13,349,3889,2571,0,1411,2366,4207,1825,0,4450,581,2056,528,256,1146,746,1420,655,44,1077,6580,1787,11,1672,3109,3624,3344,1967,3652,449,1542,318,236
20200518,95661,12489,61843,35388,7298,20165,79310,28748,30306,283178,39233,1090,155041,127326,4585,70209,111577,150376,100459,1197,516,2059,952,4,1685,10913,2438,32,1030,2150,2836,1615,3930,6337,567,3026,292,212,1163,741,1567,696,37,1134,6857,1885,13,1596,3175,3722,3101,2074,3903,478,1734,325,241
20200519,97173,13101,62678,37325,7960,21507,79310,31634,36524,289392,42309,1099,155681,129401,4993,76130,112895,150376,106794,1512,835,1937,1342,0,6218,6214,3076,9,640,2075,5921,1318,0,6335,612,2886,662,408,1193,703,1465,771,31,1508,7114,2012,12,1470,3155,4019,2829,1921,4184,474,1872,372,256
20200520,98808,14155,63472,38419,8950,22504,79310,33478,41968,294312,45422,1116,156966,132282,5207,85392,113987,150376,116683,1635,794,1094,997,0,5444,4920,3113,17,1285,2881,9262,1092,0,9889,1054,1844,990,214,1230,671,1474,808,27,1746,7457,2149,13,1219,2788,4576,2556,1741,4665,549,1907,414,272
20200521,100564,15201,63976,40152,8950,23992,79310,36040,43587,298418,48553,1134,158087,134560,5602,92681,114990,150376,125960,1756,504,1733,1488,0,1619,4106,3131,18,1121,2278,7289,1003,0,9277,1046,2562,0,395,1273,628,1598,881,24,1800,7384,2270,12,1171,2735,4920,2286,1562,5044,548,2017,414,264
20200522,102276,16653,64327,42191,10104,25342,79332,39003,44848,350135,51824,1142,159064,136720,6190,99825,116111,150376,135430,1712,351,2039,1350,22,1261,51717,3271,8,977,2160,7144,1121,0,9470,1452,2963,1154,588,1317,603,1563,942,24,1845,10796,2424,10,1240,2693,5230,2123,1373,5438,632,2135,497,292
20200523,104072,17198,64665,44424,10104,26546,79335,41236,47915,361239,54385,1149,159716,138840,6486,107936,117602,150376,142587,1796,338,2233,1204,3,3067,11104,2561,7,652,2120,8111,1491,0,7157,545,2233,0,296,1358,608,1614,991,15,1976,10622,2506,11,1173,2558,5430,2009,1173,5779,653,2221,437,291
20200524,105801,17482,64735,46979,11100,28148,79343,43520,49795,366736,57692,1151,160281,140479,6901,113299,118694,150376,149911,1729,70,2555,1602,8,1880,5497,3307,2,565,1639,5363,1092,0,7324,284,2284,996,415,1404,601,1797,1074,13,2032,10755,2623,11,1134,2521,5642,1857,1015,6068,638,2290,495,304
20200525,107713,18314,65317,49452,11917,29302,79352,45668,50949,379157,60706,1161,161199,141981,7334,118798,120015,150376,153833,1912,582,2473,1154,9,1154,12421,3014,10,918,1502,5499,1321,0,3922,832,2148,817,433,1449,606,1882,1121,11,2039,10459,2726,10,1113,2528,5643,1731,946,6175,679,2352,540,317
20200526,109437,19142,65997,51708,12741,30915,79358,48450,52906,384902,64277,1161,161967,144658,7579,131129,121507,150376,158593,1724,680,2256,1613,6,1957,5745,3571,0,768,2677,12331,1492,0,4760,828,2782,824,245,1506,579,1841,1199,10,2113,11044,2847,10,1055,2544,6258,1616,814,6143,732,2371,599,317
20200527,111176,20231,66702,53834,13451,33540,79367,51022,56169,391508,67749,1166,162820,147101,7925,142208,122793,150376,166647,1739,705,2126,2625,9,3263,6606,3472,5,853,2443,11079,1286,0,8054,1089,2572,710,346,1553,565,1917,1334,9,2275,10577,2954,10,1009,2469,6729,1506,682,6302,753,2386,622,326
20200528,112988,22305,67309,56041,14370,36115,79371,54553,59442,399991,70920,1167,163360,150604,8425,150993,124369,150376,177604,1812,607,2207,2575,4,3273,8483,3171,1,540,3503,8785,1576,0,10957,2074,3531,919,500,1604,542,1969,1461,8,2449,10970,3068,9,933,2523,6962,1453,500,7009,816,2536,621,362
20200529,114931,24131,67921,59003,15093,38598,79382,57013,62791,406446,82627,1172,164245,152844,9015,159257,125963,150376,189476,1943,612,2962,2483,11,3349,6455,11707,5,885,2240,8264,1594,0,11872,1826,2460,723,590,1650,526,2039,1570,7,2546,11121,3741,9,903,2331,7217,1416,400,7465,947,2510,644,367
20200530,116827,25271,68386,61247,16116,40431,79386,58883,66447,416461,86936,1187,164908,155633,9375,167469,126984,150376,200892,1896,465,2244,1833,4,3656,10015,4309,15,663,2789,8212,1021,0,11416,1140,1870,1023,360,1691,559,2100,1601,7,2727,10578,3765,9,879,2345,7450,1346,281,7944,995,2516,688,376
20200531,118848,26083,68473,63772,16809,42727,79389,62442,67208,444758,91852,1190,165352,157507,9781,171883,127973,150376,206555,2021,87,2525,2296,3,761,28297,4916,3,444,1874,4414,989,0,5663,812,3559,693,406,1742,510,2175,1680,6,2756,12321,3933,9,810,2309,7465,1287,281,8031,1012,2623,700,386
20200601,121004,27110,68558,66965,17291,44946,79398,64306,68507,458231,95754,1221,165632,158355,10597,175514,128947,150376,211080,2156,85,3193,2219,9,1299,13473,3902,31,280,848,3631,974,0,4525,1027,1864,482,816,1810,480,2256,1770,6,2729,12504,4037,9,757,2216,7522,1241,0,7902,1044,2540,714,429
20200602,123077,28923,68930,69749,18313,86173,79400,65790,69257,463868,100285,1224,166609,160092,11120,186602,129921,150376,223638,2073,372,2784,41227,2,750,5637,4531,3,977,1737,11088,974,0,12558,1813,1484,1022,523,1850,447,2316,4619,6,2338,12463,4141,9,781,2192,7891,1216,0,8346,1130,2440,740,438
20200603,125206,30128,69573,72680,19682,90748,79404,68159,72319,479258,104071,1212,167453,160938,11590,195559,130852,150376,238617,2129,643,2931,4575,4,3062,15390,3786,-12,844,846,8957,931,0,14979,1205,2369,1369,470,1886,436,2447,4875,7,2168,13210,4189,7,749,2047,7869,1205,0,8710,1141,2477,767,456
20200604,127485,31198,70094,74758,21311,95631,79415,68965,76228,485002,108450,1219,167909,161895,12161,204197,131778,150376,254963,2279,521,2078,4883,11,3909,5744,4379,7,456,957,8638,926,0,16346,1070,806,1629,571,1923,437,2472,5117,8,2332,13327,4278,6,702,1953,7965,1199,0,9215,1143,2352,883,469
20200605,129741,32581,70622,77841,23088,99358,79420,70616,79214,491706,113233,1228,168480,163781,12804,212237,133400,150376,266940,2256,528,3083,3727,5,2986,6704,4783,9,571,1886,8040,1622,0,11977,1383,1651,1777,643,1962,450,2546,5287,6,2455,10112,4386,6,673,1933,8029,1235,0,9394,1138,2258,927,472
20200606,132038,33465,70924,80830,24258,103817,79424,71791,82731,500849,118695,1230,168958,165078,13325,220935,135322,150376,277149,2297,302,2989,4459,4,3517,9143,5462,2,478,1297,8698,1922,0,10209,884,1175,1170,521,1998,447,2600,5519,6,2487,9972,4594,6,660,1874,8071,1266,0,9612,1162,2183,1011,489
20200607,134349,34355,70961,83775,24364,108150,79434,72817,86219,506367,123848,1239,169224,165837,13903,226272,137969,150376,283952,2311,37,2945,4333,10,3488,5518,5153,9,266,759,5337,2647,0,6803,890,1026,106,578,2039,445,2628,5714,7,2602,9974,4725,6,639,1811,8070,1377,0,9574,1205,2093,947,500
20200608,136360,35018,71182,87633,26099,112248,79444,74524,89556,518522,129095,1255,169556,166584,14560,230226,141380,150376,378257,2011,221,3858,4098,10,3337,12155,5247,16,332,747,3954,3411,0,94305,663,1707,1735,657,2046,419,2727,5925,7,2758,9955,4885,7,597,1757,7959,1526,0,16030,1193,2061,1013,516
20200609,138457,36308,71626,90748,29006,117361,79451,76339,92929,524855,134670,1257,170129,168646,15337,241917,144598,150376,396737,2097,444,3115,5113,7,3373,6333,5575,2,573,2062,11691,3218,0,18480,1290,1815,2907,777,2073,402,2789,6175,7,2859,9997,5028,7,583,1713,7913,1649,0,17010,1226,1992,1162,554
20200610,140590,36308,71952,93930,31505,121780,79456,77954,98031,533504,135206,1269,170630,169939,15900,252295,146839,150376,413916,2133,326,3182,4419,5,5102,8649,536,12,501,1293,10378,2241,0,17179,0,1615,2499,563,2101,375,2864,6303,6,2990,10143,4818,7,558,1631,7863,1718,0,17662,1148,1924,1290,570
20200611,142663,40247,72269,97198,33252,126444,79464,80019,102429,540292,147195,1278,170961,171338,16747,260649,147860,150376,429965,2073,317,3268,4664,8,4398,6788,11989,9,331,1399,8354,1021,0,16049,3939,2065,1747,847,2120,354,2940,6452,7,3071,10022,5448,8,543,1481,7833,1678,0,18026,1282,1819,1349,594
20200612,144649,40247,72695,100876,35006,131358,79472,81029,107133,547386,154330,1282,171535,173085,17249,268862,149102,150376,445123,1986,426,3678,4914,8,4704,7094,7135,4,574,1747,8213,1242,0,15158,0,1010,1754,502,2123,341,2991,6626,6,3167,10067,5122,8,521,1446,7829,1653,0,18261,1151,1715,1422,588
20200613,146748,50056,72931,104078,36850,137296,79475,82548,111724,556606,162379,1283,171970,174865,17828,274128,150087,150376,459436,2099,236,3202,5938,3,4591,9220,8049,1,435,1780,5266,985,0,14313,9809,1519,1844,579,2137,325,3059,6919,6,3234,10010,5389,7,504,1374,7619,1650,0,18467,1770,1690,1481,604
20200614,148674,53721,72982,107298,38531,143704,79482,84720,115579,561816,169798,1283,172089,176370,18730,279536,151417,150376,469141,1926,51,3220,6408,7,3855,5210,7419,0,119,1505,5408,1330,0,9705,3665,2172,1681,902,2130,322,3109,7213,7,3455,8361,5568,7,481,1347,7690,1675,0,18756,1974,1591,1552,639
20200615,150590,56390,73168,112292,39867,148792,79489,87890,119409,576334,180013,1284,172692,177010,18731,284021,152364,150376,477709,1916,186,4994,5088,7,3830,14518,10215,1,603,640,4485,947,0,8568,2669,3170,1336,1,2113,329,3238,7418,7,3636,8436,6019,5,504,1333,7751,1673,0,19045,2091,1685,1613,581
20200616,152675,58437,73459,115394,42063,156232,79493,89540,125205,583503,186935,1293,172842,178526,36264,293780,153379,150376,490005,2085,291,3102,7440,4,5796,7169,6922,9,150,1516,9759,1015,0,12296,2047,1650,2196,17533,2114,324,3260,5004,7,3996,8545,6189,5,445,1317,7656,1676,0,19026,2108,1696,1696,1796
20200617,154812,59215,73791,118504,44331,181931,79510,91662,128622,592191,194325,1304,173599,179455,38189,303800,154640,150376,521046,2137,332,3110,25699,17,3417,8688,7390,11,757,929,10020,1261,0,31041,778,2122,2268,1925,2115,301,3273,6513,8,4022,8067,6447,7,439,1323,7732,1699,0,20174,2078,1679,1761,1900
20200618,156991,61383,74011,122180,44920,186441,79515,93915,131190,599115,204711,1313,173847,180544,40164,313409,156022,150376,534580,2179,220,3676,4510,5,2568,6924,10386,9,248,1089,9609,1382,0,13534,2168,2253,589,1975,2108,280,3387,6486,7,3926,8151,6876,7,424,1332,7801,1732,0,19973,2156,1782,1686,2000
20200619,159192,63504,74241,126438,47825,191491,79515,95764,135520,606715,213831,1319,173972,181907,42945,323851,157516,150376,551631,2201,230,4258,5050,0,4330,7600,9120,6,125,1363,10442,1494,0,17051,2121,1849,2905,2781,2104,259,3471,6581,7,4022,8215,7186,7,392,1295,7972,1723,0,20335,2209,1796,1767,2153
20200620,161384,67892,74436,130854,50326,196609,79534,98917,143017,617460,227728,1319,174609,182453,43993,334024,158828,150376,576779,2192,195,4416,5118,19,7497,10745,13897,0,637,546,10173,1312,0,25148,4388,3153,2501,1048,2096,251,3573,6628,8,4306,8329,7788,6,404,1241,8078,1679,0,21402,2459,1938,1862,2191
20200621,163591,71458,74496,134495,51608,200569,79535,101130,141967,622133,237196,1319,174740,182893,45077,339142,160240,150376,588118,2207,60,3641,3960,1,-1050,4673,9468,0,131,440,5118,1412,0,11339,3566,2213,1282,1084,2089,253,3623,6601,7,3982,8269,8096,6,394,1218,8062,1591,0,21726,2650,2022,1946,2227
20200622,166427,73471,74736,139383,53444,205397,79547,105175,145320,640198,248190,1322,175143,183426,46755,343847,161533,150376,601736,2836,240,4888,4828,12,3353,18065,10994,3,403,533,4705,1293,0,13618,2013,4045,1836,1678,2148,254,3696,6654,7,3983,8691,8507,5,399,1203,8116,1440,0,15963,2747,2189,1953,2300
20200623,169160,77754,74995,143646,55045,210570,79555,109885,148437,647548,258685,1330,175825,184585,47635,355847,162848,150376,627963,2733,259,4263,5173,8,3117,7350,10495,8,682,1159,12000,1315,0,26227,4283,4710,1601,880,2193,241,3778,6658,7,3965,8764,8858,5,407,1139,8138,1304,0,16516,2960,2396,1860,2307
20200624,172096,81307,75251,148487,56874,215093,79562,112797,151589,656161,271697,1345,176422,186111,49666,368222,164234,150376,660469,2936,256,4841,4523,7,3152,8613,13012,15,597,1526,12375,1386,0,32506,3553,2912,1829,2031,2250,236,3897,6665,8,3826,8761,9749,5,414,1155,8281,1243,0,17611,3214,2489,1812,2412
20200625,175103,84168,75475,152362,59974,219327,79572,117882,151225,663562,285637,1361,176764,186725,51495,374557,165706,150376,679524,3007,224,3875,4234,10,-364,7401,13940,16,342,614,6335,1472,0,19055,2861,5085,3100,1829,2317,229,3940,6635,8,3485,8805,9889,6,415,1099,8136,1275,0,17826,3137,2705,1909,2482
20200626,177852,86906,75773,156827,64111,223431,79580,120471,159806,670809,295881,1363,177149,187615,53133,383524,167198,150376,702399,2749,298,4465,4104,8,8581,7247,10244,2,385,890,8967,1492,0,22875,2738,2589,4137,1638,2372,220,3997,6577,8,3762,8816,10111,6,401,1038,8190,1293,0,18377,3333,2817,2079,2563
20200627,180661,92624,75773,160721,67094,228055,79591,122128,164024,679308,309713,1364,177518,188584,54318,392703,169182,150376,727715,2809,0,3894,4624,11,4218,8499,13832,1,369,969,9179,1984,0,25316,5718,1657,2983,1185,2422,203,4046,6483,8,3736,8764,10524,6,396,980,8470,1364,0,19163,3041,2827,2160,2606
20200628,183310,95407,75774,164646,68925,232210,79609,124755,167998,685164,321723,1364,177657,188891,55727,398436,170595,150376,746018,2649,1,3925,4155,18,3974,5856,12010,0,139,307,5733,1413,0,18303,2783,2627,1831,1409,2474,199,4096,6322,9,3744,8811,10852,6,398,894,8493,1370,0,19777,2978,2860,2171,2643
20200629,186180,98503,76124,170147,70614,236154,79619,127118,171159,705203,334822,1368,177770,189196,57780,402778,171809,150376,757811,2870,350,5501,3944,10,3161,20039,13099,4,113,305,4342,1214,0,11793,3096,2363,1689,2053,2542,211,4133,6240,9,3696,9205,11058,6,363,870,8483,1389,0,20007,3008,2802,2196,2789
20200630,188758,100802,76399,174538,73543,241229,79632,130766,174535,720631,347912,1370,178100,190248,59624,411973,173111,150376,788318,2578,275,4391,5075,13,3376,15428,13090,2,330,1052,9195,1302,0,30507,2299,3648,2929,1844,2577,210,4225,6071,10,3524,9795,11498,6,376,837,8442,1409,0,21308,3026,2945,2249,1669
20200701,191487,104694,76674,178526,76025,245443,79650,132760,178245,729994,359860,1372,179100,190717,62108,422235,175422,150376,817642,2729,275,3988,4214,18,3710,9363,11948,2,1000,469,10262,2311,0,29324,3892,1994,2482,2484,2620,206,4287,4537,10,3545,9843,11824,5,393,804,8460,1484,0,21185,3249,2936,2264,1709
20200702,194098,113623,76927,183757,81999,249247,79665,137669,182097,781970,379892,1373,179800,191083,66442,428276,176965,150376,957692,2611,253,5231,3804,15,3852,51976,20032,1,700,366,6041,1543,0,140050,8929,4909,5974,4334,2651,208,4398,4486,11,3636,13061,12513,4,425,753,8205,1496,0,30222,3731,3125,2649,1877
20200703,196446,113623,77185,189345,86298,253343,79680,140614,185852,790404,394227,1375,180300,191467,68048,437155,178278,150376,984615,2348,258,5588,4096,15,3755,8434,14335,2,500,384,8879,1313,0,26923,0,2945,4299,1606,2661,210,4493,4418,12,3595,13121,12885,4,452,683,8093,1483,0,30927,3580,3204,2748,1793
20200704,198949,125094,77185,195724,91227,257451,79706,143256,189621,894325,409083,1375,181000,191944,70721,446127,179492,150376,990731,2503,0,6379,4108,26,3769,103921,14856,0,700,477,8972,1214,0,6116,11471,2642,4929,2673,2683,196,4634,4346,12,3329,19776,12954,4,457,678,8007,1476,0,29568,4086,3167,2922,1909
20200705,201330,131649,77185,199914,93315,261039,79718,145236,193957,906763,424433,1375,181719,192108,72625,449995,180680,150376,1029045,2381,0,4190,3588,12,4336,12438,15350,0,719,164,3868,1188,0,38314,6555,1980,2088,1904,2696,192,4673,4319,13,3714,20331,13374,4,499,658,7918,1460,0,31495,4299,3150,2979,1968
20200706,204083,134957,77444,204826,97848,264378,79725,149634,197619,924148,439934,1375,182160,192241,76149,453570,182995,150376,1062542,2753,259,4912,3339,7,3662,17385,15501,0,441,133,3575,2315,0,33497,3308,4398,4533,3524,2690,193,4675,4213,13,3736,20282,13696,4,501,630,7837,1533,0,32915,4392,3176,3172,2100
20200707,207000,140965,77780,209437,102299,268251,79754,154839,200938,936476,456831,1375,182661,192815,78102,463103,185292,150376,1107012,2917,336,4611,3873,29,3319,12328,16897,0,501,574,9533,2297,0,44470,6008,5205,4451,1953,2703,199,4699,4120,14,3750,20638,14153,3,488,588,7661,1603,0,34218,4515,3211,3375,2176
20200708,209463,145311,77780,214316,106842,271741,79802,158050,204748,953462,476378,1378,183153,193640,80838,471718,187511,150376,1139844,2463,0,4879,3490,48,3810,16986,19547,3,492,825,8615,2219,0,32832,4346,3211,4543,2736,2669,181,4702,4046,17,3797,21236,14620,2,481,538,7393,1663,0,34241,4572,3232,3569,2227
20200709,212176,149092,78295,219628,113061,274922,79802,161096,207802,969111,495513,1378,183728,193978,84544,480494,190390,150376,1171447,2713,515,5312,3181,0,3054,15649,19135,0,575,338,8776,2879,0,31603,3781,3046,6219,3706,2648,201,4805,3971,16,4041,21825,14991,1,497,518,7567,1763,0,35137,4637,3087,3792,2361
