Fecha Entrada,Malaysia,Eritrea,Angola,Bolivia,Norway,Estonia,Burma,Thailand,Benin,Haiti,Finland,Denmark,Taiwan,Maldives,Ghana,Iran,Dominican Republic,Ethiopia,Diamond Princess,Netherlands,South Sudan,Pakistan,Iraq,Australia,Belize,Montenegro,Congo Brazzaville,Uganda,Equatorial Guinea,Mauritius,Dominica,West Bank and Gaza,Kuwait,Ukraine,Francia,Azerbaijan,Western Sahara,New Zealand,Albania,Bosnia and Herzegovina,Muertes México,Malta,Algeria,Togo,Poland,MS Zaandam,Seychelles,Serbia,Oman,Fiji,Congo Kinshasa,Liberia,Guyana,Hungary,Uruguay,South Africa,Papua New Guinea,Chile,Comoros,Namibia,Laos,United Arab Emirates,China,Vietnam,Saint Lucia,Cyprus,Central African Republic,Latvia,Kazakhstan,Egypt,Cameroon,Senegal,Portugal,Holy See,Djibouti,Saudi Arabia,Ireland,Ecuador,Philippines,Peru,Guinea,Georgia,Bahamas,Switzerland,Sao Tome and Principe,Guinea-Bissau,Trinidad and Tobago,Sweden,Slovakia,Singapore,Syria,Paraguay,Mongolia,Luxembourg,Zimbabwe,Indonesia,Afghanistan,Mozambique,Estados Unidos,Lithuania,Honduras,Libya,Niger,Chad,India,Burundi,Nicaragua,Kenya,Mali,Uzbekistan,Slovenia,Qatar,Iceland,Yemen,Kyrgyzstan,Greece,Suriname,Bulgaria,Sierra Leone,Guatemala,Tunisia,Antigua and Barbuda,Brunei,North Macedonia,Cabo Verde,Tanzania,Jordan,El Salvador,Croatia,Bhutan,Botswana,Saint Vincent and the Grenadines,Belarus,Jamaica,Barbados,Cambodia,Rwanda,Panama,Nepal,Mauritania,Gabon,Sudan,Armenia,Kosovo,Zambia,Nigeria,South Korea,Canada,Somalia,Romania,Timor-Leste,Japan,Colombia,Burkina Faso,Reino Unido,Bahrain,Austria,Tajikistan,Morocco,Venezuela,Israel,Saint Kitts and Nevis,Grenada,Argentina,Alemania,Czechia,Cote dIvoire,Monaco,Cuba,Malawi,Sri Lanka,San Marino,Italia,Costa Rica,Andorra,Gambia,Liechtenstein,Bangladesh,Russia,Moldova,Eswatini,Turkey,Belgium,España,Madagascar,Lesotho,Lebanon,Brazil,Muertes,Fecha,Nuevas Muertes,Velocidad Muertes,Diferencia Velocidad
20200122,0,0,0,0,0,0,0,0,0,0,0,0,0,0,0,0,0,0,0,0,0,0,0,0,0,0,0,0,0,0,0,0,0,0,0,0,0,0,0,0,0,0,0,0,0,0,0,0,0,0,0,0,0,0,0,0,0,0,0,0,0,0,17,0,0,0,0,0,0,0,0,0,0,0,0,0,0,0,0,0,0,0,0,0,0,0,0,0,0,0,0,0,0,0,0,0,0,0,0,0,0,0,0,0,0,0,0,0,0,0,0,0,0,0,0,0,0,0,0,0,0,0,0,0,0,0,0,0,0,0,0,0,0,0,0,0,0,0,0,0,0,0,0,0,0,0,0,0,0,0,0,0,0,0,0,0,0,0,0,0,0,0,0,0,0,0,0,0,0,0,0,0,0,0,0,0,0,0,0,0,0,0,0,0,0,0,0,0,17,20200121,17,1.000,1.000
20200123,0,0,0,0,0,0,0,0,0,0,0,0,0,0,0,0,0,0,0,0,0,0,0,0,0,0,0,0,0,0,0,0,0,0,0,0,0,0,0,0,0,0,0,0,0,0,0,0,0,0,0,0,0,0,0,0,0,0,0,0,0,0,18,0,0,0,0,0,0,0,0,0,0,0,0,0,0,0,0,0,0,0,0,0,0,0,0,0,0,0,0,0,0,0,0,0,0,0,0,0,0,0,0,0,0,0,0,0,0,0,0,0,0,0,0,0,0,0,0,0,0,0,0,0,0,0,0,0,0,0,0,0,0,0,0,0,0,0,0,0,0,0,0,0,0,0,0,0,0,0,0,0,0,0,0,0,0,0,0,0,0,0,0,0,0,0,0,0,0,0,0,0,0,0,0,0,0,0,0,0,0,0,0,0,0,0,0,0,18,20200122,1,1.059,0.059
20200124,0,0,0,0,0,0,0,0,0,0,0,0,0,0,0,0,0,0,0,0,0,0,0,0,0,0,0,0,0,0,0,0,0,0,0,0,0,0,0,0,0,0,0,0,0,0,0,0,0,0,0,0,0,0,0,0,0,0,0,0,0,0,26,0,0,0,0,0,0,0,0,0,0,0,0,0,0,0,0,0,0,0,0,0,0,0,0,0,0,0,0,0,0,0,0,0,0,0,0,0,0,0,0,0,0,0,0,0,0,0,0,0,0,0,0,0,0,0,0,0,0,0,0,0,0,0,0,0,0,0,0,0,0,0,0,0,0,0,0,0,0,0,0,0,0,0,0,0,0,0,0,0,0,0,0,0,0,0,0,0,0,0,0,0,0,0,0,0,0,0,0,0,0,0,0,0,0,0,0,0,0,0,0,0,0,0,0,0,26,20200123,8,1.444,0.386
20200125,0,0,0,0,0,0,0,0,0,0,0,0,0,0,0,0,0,0,0,0,0,0,0,0,0,0,0,0,0,0,0,0,0,0,0,0,0,0,0,0,0,0,0,0,0,0,0,0,0,0,0,0,0,0,0,0,0,0,0,0,0,0,42,0,0,0,0,0,0,0,0,0,0,0,0,0,0,0,0,0,0,0,0,0,0,0,0,0,0,0,0,0,0,0,0,0,0,0,0,0,0,0,0,0,0,0,0,0,0,0,0,0,0,0,0,0,0,0,0,0,0,0,0,0,0,0,0,0,0,0,0,0,0,0,0,0,0,0,0,0,0,0,0,0,0,0,0,0,0,0,0,0,0,0,0,0,0,0,0,0,0,0,0,0,0,0,0,0,0,0,0,0,0,0,0,0,0,0,0,0,0,0,0,0,0,0,0,0,42,20200124,16,1.615,0.171
20200126,0,0,0,0,0,0,0,0,0,0,0,0,0,0,0,0,0,0,0,0,0,0,0,0,0,0,0,0,0,0,0,0,0,0,0,0,0,0,0,0,0,0,0,0,0,0,0,0,0,0,0,0,0,0,0,0,0,0,0,0,0,0,56,0,0,0,0,0,0,0,0,0,0,0,0,0,0,0,0,0,0,0,0,0,0,0,0,0,0,0,0,0,0,0,0,0,0,0,0,0,0,0,0,0,0,0,0,0,0,0,0,0,0,0,0,0,0,0,0,0,0,0,0,0,0,0,0,0,0,0,0,0,0,0,0,0,0,0,0,0,0,0,0,0,0,0,0,0,0,0,0,0,0,0,0,0,0,0,0,0,0,0,0,0,0,0,0,0,0,0,0,0,0,0,0,0,0,0,0,0,0,0,0,0,0,0,0,0,56,20200125,14,1.333,-0.282
20200127,0,0,0,0,0,0,0,0,0,0,0,0,0,0,0,0,0,0,0,0,0,0,0,0,0,0,0,0,0,0,0,0,0,0,0,0,0,0,0,0,0,0,0,0,0,0,0,0,0,0,0,0,0,0,0,0,0,0,0,0,0,0,82,0,0,0,0,0,0,0,0,0,0,0,0,0,0,0,0,0,0,0,0,0,0,0,0,0,0,0,0,0,0,0,0,0,0,0,0,0,0,0,0,0,0,0,0,0,0,0,0,0,0,0,0,0,0,0,0,0,0,0,0,0,0,0,0,0,0,0,0,0,0,0,0,0,0,0,0,0,0,0,0,0,0,0,0,0,0,0,0,0,0,0,0,0,0,0,0,0,0,0,0,0,0,0,0,0,0,0,0,0,0,0,0,0,0,0,0,0,0,0,0,0,0,0,0,0,82,20200126,26,1.464,0.131
20200128,0,0,0,0,0,0,0,0,0,0,0,0,0,0,0,0,0,0,0,0,0,0,0,0,0,0,0,0,0,0,0,0,0,0,0,0,0,0,0,0,0,0,0,0,0,0,0,0,0,0,0,0,0,0,0,0,0,0,0,0,0,0,131,0,0,0,0,0,0,0,0,0,0,0,0,0,0,0,0,0,0,0,0,0,0,0,0,0,0,0,0,0,0,0,0,0,0,0,0,0,0,0,0,0,0,0,0,0,0,0,0,0,0,0,0,0,0,0,0,0,0,0,0,0,0,0,0,0,0,0,0,0,0,0,0,0,0,0,0,0,0,0,0,0,0,0,0,0,0,0,0,0,0,0,0,0,0,0,0,0,0,0,0,0,0,0,0,0,0,0,0,0,0,0,0,0,0,0,0,0,0,0,0,0,0,0,0,0,131,20200127,49,1.598,0.133
20200129,0,0,0,0,0,0,0,0,0,0,0,0,0,0,0,0,0,0,0,0,0,0,0,0,0,0,0,0,0,0,0,0,0,0,0,0,0,0,0,0,0,0,0,0,0,0,0,0,0,0,0,0,0,0,0,0,0,0,0,0,0,0,133,0,0,0,0,0,0,0,0,0,0,0,0,0,0,0,0,0,0,0,0,0,0,0,0,0,0,0,0,0,0,0,0,0,0,0,0,0,0,0,0,0,0,0,0,0,0,0,0,0,0,0,0,0,0,0,0,0,0,0,0,0,0,0,0,0,0,0,0,0,0,0,0,0,0,0,0,0,0,0,0,0,0,0,0,0,0,0,0,0,0,0,0,0,0,0,0,0,0,0,0,0,0,0,0,0,0,0,0,0,0,0,0,0,0,0,0,0,0,0,0,0,0,0,0,0,133,20200128,2,1.015,-0.582
20200130,0,0,0,0,0,0,0,0,0,0,0,0,0,0,0,0,0,0,0,0,0,0,0,0,0,0,0,0,0,0,0,0,0,0,0,0,0,0,0,0,0,0,0,0,0,0,0,0,0,0,0,0,0,0,0,0,0,0,0,0,0,0,171,0,0,0,0,0,0,0,0,0,0,0,0,0,0,0,0,0,0,0,0,0,0,0,0,0,0,0,0,0,0,0,0,0,0,0,0,0,0,0,0,0,0,0,0,0,0,0,0,0,0,0,0,0,0,0,0,0,0,0,0,0,0,0,0,0,0,0,0,0,0,0,0,0,0,0,0,0,0,0,0,0,0,0,0,0,0,0,0,0,0,0,0,0,0,0,0,0,0,0,0,0,0,0,0,0,0,0,0,0,0,0,0,0,0,0,0,0,0,0,0,0,0,0,0,0,171,20200129,38,1.286,0.270
20200131,0,0,0,0,0,0,0,0,0,0,0,0,0,0,0,0,0,0,0,0,0,0,0,0,0,0,0,0,0,0,0,0,0,0,0,0,0,0,0,0,0,0,0,0,0,0,0,0,0,0,0,0,0,0,0,0,0,0,0,0,0,0,213,0,0,0,0,0,0,0,0,0,0,0,0,0,0,0,0,0,0,0,0,0,0,0,0,0,0,0,0,0,0,0,0,0,0,0,0,0,0,0,0,0,0,0,0,0,0,0,0,0,0,0,0,0,0,0,0,0,0,0,0,0,0,0,0,0,0,0,0,0,0,0,0,0,0,0,0,0,0,0,0,0,0,0,0,0,0,0,0,0,0,0,0,0,0,0,0,0,0,0,0,0,0,0,0,0,0,0,0,0,0,0,0,0,0,0,0,0,0,0,0,0,0,0,0,0,213,20200130,42,1.246,-0.040
20200201,0,0,0,0,0,0,0,0,0,0,0,0,0,0,0,0,0,0,0,0,0,0,0,0,0,0,0,0,0,0,0,0,0,0,0,0,0,0,0,0,0,0,0,0,0,0,0,0,0,0,0,0,0,0,0,0,0,0,0,0,0,0,259,0,0,0,0,0,0,0,0,0,0,0,0,0,0,0,0,0,0,0,0,0,0,0,0,0,0,0,0,0,0,0,0,0,0,0,0,0,0,0,0,0,0,0,0,0,0,0,0,0,0,0,0,0,0,0,0,0,0,0,0,0,0,0,0,0,0,0,0,0,0,0,0,0,0,0,0,0,0,0,0,0,0,0,0,0,0,0,0,0,0,0,0,0,0,0,0,0,0,0,0,0,0,0,0,0,0,0,0,0,0,0,0,0,0,0,0,0,0,0,0,0,0,0,0,0,259,20200131,46,1.216,-0.030
20200202,0,0,0,0,0,0,0,0,0,0,0,0,0,0,0,0,0,0,0,0,0,0,0,0,0,0,0,0,0,0,0,0,0,0,0,0,0,0,0,0,0,0,0,0,0,0,0,0,0,0,0,0,0,0,0,0,0,0,0,0,0,0,361,0,0,0,0,0,0,0,0,0,0,0,0,0,0,0,1,0,0,0,0,0,0,0,0,0,0,0,0,0,0,0,0,0,0,0,0,0,0,0,0,0,0,0,0,0,0,0,0,0,0,0,0,0,0,0,0,0,0,0,0,0,0,0,0,0,0,0,0,0,0,0,0,0,0,0,0,0,0,0,0,0,0,0,0,0,0,0,0,0,0,0,0,0,0,0,0,0,0,0,0,0,0,0,0,0,0,0,0,0,0,0,0,0,0,0,0,0,0,0,0,0,0,0,0,0,362,20200201,103,1.398,0.182
20200203,0,0,0,0,0,0,0,0,0,0,0,0,0,0,0,0,0,0,0,0,0,0,0,0,0,0,0,0,0,0,0,0,0,0,0,0,0,0,0,0,0,0,0,0,0,0,0,0,0,0,0,0,0,0,0,0,0,0,0,0,0,0,425,0,0,0,0,0,0,0,0,0,0,0,0,0,0,0,1,0,0,0,0,0,0,0,0,0,0,0,0,0,0,0,0,0,0,0,0,0,0,0,0,0,0,0,0,0,0,0,0,0,0,0,0,0,0,0,0,0,0,0,0,0,0,0,0,0,0,0,0,0,0,0,0,0,0,0,0,0,0,0,0,0,0,0,0,0,0,0,0,0,0,0,0,0,0,0,0,0,0,0,0,0,0,0,0,0,0,0,0,0,0,0,0,0,0,0,0,0,0,0,0,0,0,0,0,0,426,20200202,64,1.177,-0.221
20200204,0,0,0,0,0,0,0,0,0,0,0,0,0,0,0,0,0,0,0,0,0,0,0,0,0,0,0,0,0,0,0,0,0,0,0,0,0,0,0,0,0,0,0,0,0,0,0,0,0,0,0,0,0,0,0,0,0,0,0,0,0,0,491,0,0,0,0,0,0,0,0,0,0,0,0,0,0,0,1,0,0,0,0,0,0,0,0,0,0,0,0,0,0,0,0,0,0,0,0,0,0,0,0,0,0,0,0,0,0,0,0,0,0,0,0,0,0,0,0,0,0,0,0,0,0,0,0,0,0,0,0,0,0,0,0,0,0,0,0,0,0,0,0,0,0,0,0,0,0,0,0,0,0,0,0,0,0,0,0,0,0,0,0,0,0,0,0,0,0,0,0,0,0,0,0,0,0,0,0,0,0,0,0,0,0,0,0,0,492,20200203,66,1.155,-0.022
20200205,0,0,0,0,0,0,0,0,0,0,0,0,0,0,0,0,0,0,0,0,0,0,0,0,0,0,0,0,0,0,0,0,0,0,0,0,0,0,0,0,0,0,0,0,0,0,0,0,0,0,0,0,0,0,0,0,0,0,0,0,0,0,563,0,0,0,0,0,0,0,0,0,0,0,0,0,0,0,1,0,0,0,0,0,0,0,0,0,0,0,0,0,0,0,0,0,0,0,0,0,0,0,0,0,0,0,0,0,0,0,0,0,0,0,0,0,0,0,0,0,0,0,0,0,0,0,0,0,0,0,0,0,0,0,0,0,0,0,0,0,0,0,0,0,0,0,0,0,0,0,0,0,0,0,0,0,0,0,0,0,0,0,0,0,0,0,0,0,0,0,0,0,0,0,0,0,0,0,0,0,0,0,0,0,0,0,0,0,564,20200204,72,1.146,-0.009
20200206,0,0,0,0,0,0,0,0,0,0,0,0,0,0,0,0,0,0,0,0,0,0,0,0,0,0,0,0,0,0,0,0,0,0,0,0,0,0,0,0,0,0,0,0,0,0,0,0,0,0,0,0,0,0,0,0,0,0,0,0,0,0,633,0,0,0,0,0,0,0,0,0,0,0,0,0,0,0,1,0,0,0,0,0,0,0,0,0,0,0,0,0,0,0,0,0,0,0,0,0,0,0,0,0,0,0,0,0,0,0,0,0,0,0,0,0,0,0,0,0,0,0,0,0,0,0,0,0,0,0,0,0,0,0,0,0,0,0,0,0,0,0,0,0,0,0,0,0,0,0,0,0,0,0,0,0,0,0,0,0,0,0,0,0,0,0,0,0,0,0,0,0,0,0,0,0,0,0,0,0,0,0,0,0,0,0,0,0,634,20200205,70,1.124,-0.022
20200207,0,0,0,0,0,0,0,0,0,0,0,0,0,0,0,0,0,0,0,0,0,0,0,0,0,0,0,0,0,0,0,0,0,0,0,0,0,0,0,0,0,0,0,0,0,0,0,0,0,0,0,0,0,0,0,0,0,0,0,0,0,0,718,0,0,0,0,0,0,0,0,0,0,0,0,0,0,0,1,0,0,0,0,0,0,0,0,0,0,0,0,0,0,0,0,0,0,0,0,0,0,0,0,0,0,0,0,0,0,0,0,0,0,0,0,0,0,0,0,0,0,0,0,0,0,0,0,0,0,0,0,0,0,0,0,0,0,0,0,0,0,0,0,0,0,0,0,0,0,0,0,0,0,0,0,0,0,0,0,0,0,0,0,0,0,0,0,0,0,0,0,0,0,0,0,0,0,0,0,0,0,0,0,0,0,0,0,0,719,20200206,85,1.134,0.010
20200208,0,0,0,0,0,0,0,0,0,0,0,0,0,0,0,0,0,0,0,0,0,0,0,0,0,0,0,0,0,0,0,0,0,0,0,0,0,0,0,0,0,0,0,0,0,0,0,0,0,0,0,0,0,0,0,0,0,0,0,0,0,0,805,0,0,0,0,0,0,0,0,0,0,0,0,0,0,0,1,0,0,0,0,0,0,0,0,0,0,0,0,0,0,0,0,0,0,0,0,0,0,0,0,0,0,0,0,0,0,0,0,0,0,0,0,0,0,0,0,0,0,0,0,0,0,0,0,0,0,0,0,0,0,0,0,0,0,0,0,0,0,0,0,0,0,0,0,0,0,0,0,0,0,0,0,0,0,0,0,0,0,0,0,0,0,0,0,0,0,0,0,0,0,0,0,0,0,0,0,0,0,0,0,0,0,0,0,0,806,20200207,87,1.121,-0.013
20200209,0,0,0,0,0,0,0,0,0,0,0,0,0,0,0,0,0,0,0,0,0,0,0,0,0,0,0,0,0,0,0,0,0,0,0,0,0,0,0,0,0,0,0,0,0,0,0,0,0,0,0,0,0,0,0,0,0,0,0,0,0,0,905,0,0,0,0,0,0,0,0,0,0,0,0,0,0,0,1,0,0,0,0,0,0,0,0,0,0,0,0,0,0,0,0,0,0,0,0,0,0,0,0,0,0,0,0,0,0,0,0,0,0,0,0,0,0,0,0,0,0,0,0,0,0,0,0,0,0,0,0,0,0,0,0,0,0,0,0,0,0,0,0,0,0,0,0,0,0,0,0,0,0,0,0,0,0,0,0,0,0,0,0,0,0,0,0,0,0,0,0,0,0,0,0,0,0,0,0,0,0,0,0,0,0,0,0,0,906,20200208,100,1.124,0.003
20200210,0,0,0,0,0,0,0,0,0,0,0,0,0,0,0,0,0,0,0,0,0,0,0,0,0,0,0,0,0,0,0,0,0,0,0,0,0,0,0,0,0,0,0,0,0,0,0,0,0,0,0,0,0,0,0,0,0,0,0,0,0,0,1012,0,0,0,0,0,0,0,0,0,0,0,0,0,0,0,1,0,0,0,0,0,0,0,0,0,0,0,0,0,0,0,0,0,0,0,0,0,0,0,0,0,0,0,0,0,0,0,0,0,0,0,0,0,0,0,0,0,0,0,0,0,0,0,0,0,0,0,0,0,0,0,0,0,0,0,0,0,0,0,0,0,0,0,0,0,0,0,0,0,0,0,0,0,0,0,0,0,0,0,0,0,0,0,0,0,0,0,0,0,0,0,0,0,0,0,0,0,0,0,0,0,0,0,0,0,1013,20200209,107,1.118,-0.006
20200211,0,0,0,0,0,0,0,0,0,0,0,0,0,0,0,0,0,0,0,0,0,0,0,0,0,0,0,0,0,0,0,0,0,0,0,0,0,0,0,0,0,0,0,0,0,0,0,0,0,0,0,0,0,0,0,0,0,0,0,0,0,0,1112,0,0,0,0,0,0,0,0,0,0,0,0,0,0,0,1,0,0,0,0,0,0,0,0,0,0,0,0,0,0,0,0,0,0,0,0,0,0,0,0,0,0,0,0,0,0,0,0,0,0,0,0,0,0,0,0,0,0,0,0,0,0,0,0,0,0,0,0,0,0,0,0,0,0,0,0,0,0,0,0,0,0,0,0,0,0,0,0,0,0,0,0,0,0,0,0,0,0,0,0,0,0,0,0,0,0,0,0,0,0,0,0,0,0,0,0,0,0,0,0,0,0,0,0,0,1113,20200210,100,1.099,-0.019
20200212,0,0,0,0,0,0,0,0,0,0,0,0,0,0,0,0,0,0,0,0,0,0,0,0,0,0,0,0,0,0,0,0,0,0,0,0,0,0,0,0,0,0,0,0,0,0,0,0,0,0,0,0,0,0,0,0,0,0,0,0,0,0,1117,0,0,0,0,0,0,0,0,0,0,0,0,0,0,0,1,0,0,0,0,0,0,0,0,0,0,0,0,0,0,0,0,0,0,0,0,0,0,0,0,0,0,0,0,0,0,0,0,0,0,0,0,0,0,0,0,0,0,0,0,0,0,0,0,0,0,0,0,0,0,0,0,0,0,0,0,0,0,0,0,0,0,0,0,0,0,0,0,0,0,0,0,0,0,0,0,0,0,0,0,0,0,0,0,0,0,0,0,0,0,0,0,0,0,0,0,0,0,0,0,0,0,0,0,0,1118,20200211,5,1.004,-0.094
20200213,0,0,0,0,0,0,0,0,0,0,0,0,0,0,0,0,0,0,0,0,0,0,0,0,0,0,0,0,0,0,0,0,0,0,0,0,0,0,0,0,0,0,0,0,0,0,0,0,0,0,0,0,0,0,0,0,0,0,0,0,0,0,1369,0,0,0,0,0,0,0,0,0,0,0,0,0,0,0,1,0,0,0,0,0,0,0,0,0,0,0,0,0,0,0,0,0,0,0,0,0,0,0,0,0,0,0,0,0,0,0,0,0,0,0,0,0,0,0,0,0,0,0,0,0,0,0,0,0,0,0,0,0,0,0,0,0,0,0,0,0,0,0,0,0,0,0,0,0,0,0,0,1,0,0,0,0,0,0,0,0,0,0,0,0,0,0,0,0,0,0,0,0,0,0,0,0,0,0,0,0,0,0,0,0,0,0,0,0,1371,20200212,253,1.226,0.222
20200214,0,0,0,0,0,0,0,0,0,0,0,0,0,0,0,0,0,0,0,0,0,0,0,0,0,0,0,0,0,0,0,0,0,0,0,0,0,0,0,0,0,0,0,0,0,0,0,0,0,0,0,0,0,0,0,0,0,0,0,0,0,0,1521,0,0,0,0,0,0,0,0,0,0,0,0,0,0,0,1,0,0,0,0,0,0,0,0,0,0,0,0,0,0,0,0,0,0,0,0,0,0,0,0,0,0,0,0,0,0,0,0,0,0,0,0,0,0,0,0,0,0,0,0,0,0,0,0,0,0,0,0,0,0,0,0,0,0,0,0,0,0,0,0,0,0,0,0,0,0,0,0,1,0,0,0,0,0,0,0,0,0,0,0,0,0,0,0,0,0,0,0,0,0,0,0,0,0,0,0,0,0,0,0,0,0,0,0,0,1523,20200213,152,1.111,-0.115
20200215,0,0,0,0,0,0,0,0,0,0,0,0,0,0,0,0,0,0,0,0,0,0,0,0,0,0,0,0,0,0,0,0,0,0,1,0,0,0,0,0,0,0,0,0,0,0,0,0,0,0,0,0,0,0,0,0,0,0,0,0,0,0,1663,0,0,0,0,0,0,0,0,0,0,0,0,0,0,0,1,0,0,0,0,0,0,0,0,0,0,0,0,0,0,0,0,0,0,0,0,0,0,0,0,0,0,0,0,0,0,0,0,0,0,0,0,0,0,0,0,0,0,0,0,0,0,0,0,0,0,0,0,0,0,0,0,0,0,0,0,0,0,0,0,0,0,0,0,0,0,0,0,1,0,0,0,0,0,0,0,0,0,0,0,0,0,0,0,0,0,0,0,0,0,0,0,0,0,0,0,0,0,0,0,0,0,0,0,0,1666,20200214,143,1.094,-0.017
20200216,0,0,0,0,0,0,0,0,0,0,0,0,1,0,0,0,0,0,0,0,0,0,0,0,0,0,0,0,0,0,0,0,0,0,1,0,0,0,0,0,0,0,0,0,0,0,0,0,0,0,0,0,0,0,0,0,0,0,0,0,0,0,1766,0,0,0,0,0,0,0,0,0,0,0,0,0,0,0,1,0,0,0,0,0,0,0,0,0,0,0,0,0,0,0,0,0,0,0,0,0,0,0,0,0,0,0,0,0,0,0,0,0,0,0,0,0,0,0,0,0,0,0,0,0,0,0,0,0,0,0,0,0,0,0,0,0,0,0,0,0,0,0,0,0,0,0,0,0,0,0,0,1,0,0,0,0,0,0,0,0,0,0,0,0,0,0,0,0,0,0,0,0,0,0,0,0,0,0,0,0,0,0,0,0,0,0,0,0,1770,20200215,104,1.062,-0.031
20200217,0,0,0,0,0,0,0,0,0,0,0,0,1,0,0,0,0,0,0,0,0,0,0,0,0,0,0,0,0,0,0,0,0,0,1,0,0,0,0,0,0,0,0,0,0,0,0,0,0,0,0,0,0,0,0,0,0,0,0,0,0,0,1864,0,0,0,0,0,0,0,0,0,0,0,0,0,0,0,1,0,0,0,0,0,0,0,0,0,0,0,0,0,0,0,0,0,0,0,0,0,0,0,0,0,0,0,0,0,0,0,0,0,0,0,0,0,0,0,0,0,0,0,0,0,0,0,0,0,0,0,0,0,0,0,0,0,0,0,0,0,0,0,0,0,0,0,0,0,0,0,0,1,0,0,0,0,0,0,0,0,0,0,0,0,0,0,0,0,0,0,0,0,0,0,0,0,0,0,0,0,0,0,0,0,0,0,0,0,1868,20200216,98,1.055,-0.007
20200218,0,0,0,0,0,0,0,0,0,0,0,0,1,0,0,0,0,0,0,0,0,0,0,0,0,0,0,0,0,0,0,0,0,0,1,0,0,0,0,0,0,0,0,0,0,0,0,0,0,0,0,0,0,0,0,0,0,0,0,0,0,0,2003,0,0,0,0,0,0,0,0,0,0,0,0,0,0,0,1,0,0,0,0,0,0,0,0,0,0,0,0,0,0,0,0,0,0,0,0,0,0,0,0,0,0,0,0,0,0,0,0,0,0,0,0,0,0,0,0,0,0,0,0,0,0,0,0,0,0,0,0,0,0,0,0,0,0,0,0,0,0,0,0,0,0,0,0,0,0,0,0,1,0,0,0,0,0,0,0,0,0,0,0,0,0,0,0,0,0,0,0,0,0,0,0,0,0,0,0,0,0,0,0,0,0,0,0,0,2007,20200217,139,1.074,0.019
20200219,0,0,0,0,0,0,0,0,0,0,0,0,1,0,0,2,0,0,0,0,0,0,0,0,0,0,0,0,0,0,0,0,0,0,1,0,0,0,0,0,0,0,0,0,0,0,0,0,0,0,0,0,0,0,0,0,0,0,0,0,0,0,2116,0,0,0,0,0,0,0,0,0,0,0,0,0,0,0,1,0,0,0,0,0,0,0,0,0,0,0,0,0,0,0,0,0,0,0,0,0,0,0,0,0,0,0,0,0,0,0,0,0,0,0,0,0,0,0,0,0,0,0,0,0,0,0,0,0,0,0,0,0,0,0,0,0,0,0,0,0,0,0,0,0,0,0,0,0,0,0,0,1,0,0,0,0,0,0,0,0,0,0,0,0,0,0,0,0,0,0,0,0,0,0,0,0,0,0,0,0,0,0,0,0,0,0,0,0,2122,20200218,115,1.057,-0.017
20200220,0,0,0,0,0,0,0,0,0,0,0,0,1,0,0,2,0,0,2,0,0,0,0,0,0,0,0,0,0,0,0,0,0,0,1,0,0,0,0,0,0,0,0,0,0,0,0,0,0,0,0,0,0,0,0,0,0,0,0,0,0,0,2238,0,0,0,0,0,0,0,0,0,0,0,0,0,0,0,1,0,0,0,0,0,0,0,0,0,0,0,0,0,0,0,0,0,0,0,0,0,0,0,0,0,0,0,0,0,0,0,0,0,0,0,0,0,0,0,0,0,0,0,0,0,0,0,0,0,0,0,0,0,0,0,0,0,0,0,0,0,0,0,0,0,0,0,1,0,0,0,0,1,0,0,0,0,0,0,0,0,0,0,0,0,0,0,0,0,0,0,0,0,0,0,0,0,0,0,0,0,0,0,0,0,0,0,0,0,2247,20200219,125,1.059,0.002
20200221,0,0,0,0,0,0,0,0,0,0,0,0,1,0,0,4,0,0,2,0,0,0,0,0,0,0,0,0,0,0,0,0,0,0,1,0,0,0,0,0,0,0,0,0,0,0,0,0,0,0,0,0,0,0,0,0,0,0,0,0,0,0,2238,0,0,0,0,0,0,0,0,0,0,0,0,0,0,0,1,0,0,0,0,0,0,0,0,0,0,0,0,0,0,0,0,0,0,0,0,0,0,0,0,0,0,0,0,0,0,0,0,0,0,0,0,0,0,0,0,0,0,0,0,0,0,0,0,0,0,0,0,0,0,0,0,0,0,0,0,0,0,0,0,0,0,0,2,0,0,0,0,1,0,0,0,0,0,0,0,0,0,0,0,0,0,0,0,0,0,0,0,0,1,0,0,0,0,0,0,0,0,0,0,0,0,0,0,0,2251,20200220,4,1.002,-0.057
20200222,0,0,0,0,0,0,0,0,0,0,0,0,1,0,0,5,0,0,2,0,0,0,0,0,0,0,0,0,0,0,0,0,0,0,1,0,0,0,0,0,0,0,0,0,0,0,0,0,0,0,0,0,0,0,0,0,0,0,0,0,0,0,2443,0,0,0,0,0,0,0,0,0,0,0,0,0,0,0,1,0,0,0,0,0,0,0,0,0,0,0,0,0,0,0,0,0,0,0,0,0,0,0,0,0,0,0,0,0,0,0,0,0,0,0,0,0,0,0,0,0,0,0,0,0,0,0,0,0,0,0,0,0,0,0,0,0,0,0,0,0,0,0,0,0,0,0,2,0,0,0,0,1,0,0,0,0,0,0,0,0,0,0,0,0,0,0,0,0,0,0,0,0,2,0,0,0,0,0,0,0,0,0,0,0,0,0,0,0,2458,20200221,207,1.092,0.090
20200223,0,0,0,0,0,0,0,0,0,0,0,0,1,0,0,8,0,0,3,0,0,0,0,0,0,0,0,0,0,0,0,0,0,0,1,0,0,0,0,0,0,0,0,0,0,0,0,0,0,0,0,0,0,0,0,0,0,0,0,0,0,0,2445,0,0,0,0,0,0,0,0,0,0,0,0,0,0,0,1,0,0,0,0,0,0,0,0,0,0,0,0,0,0,0,0,0,0,0,0,0,0,0,0,0,0,0,0,0,0,0,0,0,0,0,0,0,0,0,0,0,0,0,0,0,0,0,0,0,0,0,0,0,0,0,0,0,0,0,0,0,0,0,0,0,0,0,6,0,0,0,0,1,0,0,0,0,0,0,0,0,0,0,0,0,0,0,0,0,0,0,0,0,3,0,0,0,0,0,0,0,0,0,0,0,0,0,0,0,2469,20200222,11,1.004,-0.087
20200224,0,0,0,0,0,0,0,0,0,0,0,0,1,0,0,12,0,0,3,0,0,0,0,0,0,0,0,0,0,0,0,0,0,0,1,0,0,0,0,0,0,0,0,0,0,0,0,0,0,0,0,0,0,0,0,0,0,0,0,0,0,0,2595,0,0,0,0,0,0,0,0,0,0,0,0,0,0,0,1,0,0,0,0,0,0,0,0,0,0,0,0,0,0,0,0,0,0,0,0,0,0,0,0,0,0,0,0,0,0,0,0,0,0,0,0,0,0,0,0,0,0,0,0,0,0,0,0,0,0,0,0,0,0,0,0,0,0,0,0,0,0,0,0,0,0,0,8,0,0,0,0,1,0,0,0,0,0,0,0,0,0,0,0,0,0,0,0,0,0,0,0,0,7,0,0,0,0,0,0,0,0,0,0,0,0,0,0,0,2629,20200223,160,1.065,0.060
20200225,0,0,0,0,0,0,0,0,0,0,0,0,1,0,0,16,0,0,3,0,0,0,0,0,0,0,0,0,0,0,0,0,0,0,1,0,0,0,0,0,0,0,0,0,0,0,0,0,0,0,0,0,0,0,0,0,0,0,0,0,0,0,2665,0,0,0,0,0,0,0,0,0,0,0,0,0,0,0,1,0,0,0,0,0,0,0,0,0,0,0,0,0,0,0,0,0,0,0,0,0,0,0,0,0,0,0,0,0,0,0,0,0,0,0,0,0,0,0,0,0,0,0,0,0,0,0,0,0,0,0,0,0,0,0,0,0,0,0,0,0,0,0,0,0,0,0,10,0,0,0,0,1,0,0,0,0,0,0,0,0,0,0,0,0,0,0,0,0,0,0,0,0,10,0,0,0,0,0,0,0,0,0,0,0,0,0,0,0,2708,20200224,79,1.030,-0.035
20200226,0,0,0,0,0,0,0,0,0,0,0,0,1,0,0,19,0,0,4,0,0,0,0,0,0,0,0,0,0,0,0,0,0,0,2,0,0,0,0,0,0,0,0,0,0,0,0,0,0,0,0,0,0,0,0,0,0,0,0,0,0,0,2717,0,0,0,0,0,0,0,0,0,0,0,0,0,0,0,1,0,0,0,0,0,0,0,0,0,0,0,0,0,0,0,0,0,0,0,0,0,0,0,0,0,0,0,0,0,0,0,0,0,0,0,0,0,0,0,0,0,0,0,0,0,0,0,0,0,0,0,0,0,0,0,0,0,0,0,0,0,0,0,0,0,0,0,12,0,0,0,0,2,0,0,0,0,0,0,0,0,0,0,0,0,0,0,0,0,0,0,0,0,12,0,0,0,0,0,0,0,0,0,0,0,0,0,0,0,2770,20200225,62,1.023,-0.007
20200227,0,0,0,0,0,0,0,0,0,0,0,0,1,0,0,26,0,0,4,0,0,0,0,0,0,0,0,0,0,0,0,0,0,0,2,0,0,0,0,0,0,0,0,0,0,0,0,0,0,0,0,0,0,0,0,0,0,0,0,0,0,0,2746,0,0,0,0,0,0,0,0,0,0,0,0,0,0,0,1,0,0,0,0,0,0,0,0,0,0,0,0,0,0,0,0,0,0,0,0,0,0,0,0,0,0,0,0,0,0,0,0,0,0,0,0,0,0,0,0,0,0,0,0,0,0,0,0,0,0,0,0,0,0,0,0,0,0,0,0,0,0,0,0,0,0,0,13,0,0,0,0,4,0,0,0,0,0,0,0,0,0,0,0,0,0,0,0,0,0,0,0,0,17,0,0,0,0,0,0,0,0,0,0,0,0,0,0,0,2814,20200226,44,1.016,-0.007
20200228,0,0,0,0,0,0,0,0,0,0,0,0,1,0,0,34,0,0,6,0,0,0,0,0,0,0,0,0,0,0,0,0,0,0,2,0,0,0,0,0,0,0,0,0,0,0,0,0,0,0,0,0,0,0,0,0,0,0,0,0,0,0,2790,0,0,0,0,0,0,0,0,0,0,0,0,0,0,0,1,0,0,0,0,0,0,0,0,0,0,0,0,0,0,0,0,0,0,0,0,0,0,0,0,0,0,0,0,0,0,0,0,0,0,0,0,0,0,0,0,0,0,0,0,0,0,0,0,0,0,0,0,0,0,0,0,0,0,0,0,0,0,0,0,0,0,0,13,0,0,0,0,4,0,0,0,0,0,0,0,0,0,0,0,0,0,0,0,0,0,0,0,0,21,0,0,0,0,0,0,0,0,0,0,0,0,0,0,0,2872,20200227,58,1.021,0.005
20200229,0,0,0,0,0,0,0,0,0,0,0,0,1,0,0,43,0,0,6,0,0,0,0,0,0,0,0,0,0,0,0,0,0,0,2,0,0,0,0,0,0,0,0,0,0,0,0,0,0,0,0,0,0,0,0,0,0,0,0,0,0,0,2837,0,0,0,0,0,0,0,0,0,0,0,0,0,0,0,1,0,0,0,0,0,0,0,0,0,0,0,0,0,0,0,0,0,0,0,1,0,0,0,0,0,0,0,0,0,0,0,0,0,0,0,0,0,0,0,0,0,0,0,0,0,0,0,0,0,0,0,0,0,0,0,0,0,0,0,0,0,0,0,0,0,0,0,16,0,0,0,0,5,0,0,0,0,0,0,0,0,0,0,0,0,0,0,0,0,0,0,0,0,29,0,0,0,0,0,0,0,0,0,0,0,0,0,0,0,2941,20200228,69,1.024,0.003
20200301,0,0,0,0,0,0,0,1,0,0,0,0,1,0,0,54,0,0,6,0,0,0,0,1,0,0,0,0,0,0,0,0,0,0,2,0,0,0,0,0,0,0,0,0,0,0,0,0,0,0,0,0,0,0,0,0,0,0,0,0,0,0,2872,0,0,0,0,0,0,0,0,0,0,0,0,0,0,0,1,0,0,0,0,0,0,0,0,0,0,0,0,0,0,0,0,0,0,0,1,0,0,0,0,0,0,0,0,0,0,0,0,0,0,0,0,0,0,0,0,0,0,0,0,0,0,0,0,0,0,0,0,0,0,0,0,0,0,0,0,0,0,0,0,0,0,0,17,0,0,0,0,6,0,0,0,0,0,0,0,0,0,0,0,0,0,0,0,0,0,0,0,0,34,0,0,0,0,0,0,0,0,0,0,0,0,0,0,0,2996,20200229,55,1.019,-0.005
20200302,0,0,0,0,0,0,0,1,0,0,0,0,1,0,0,66,0,0,6,0,0,0,0,1,0,0,0,0,0,0,0,0,0,0,3,0,0,0,0,0,0,0,0,0,0,0,0,0,0,0,0,0,0,0,0,0,0,0,0,0,0,0,2914,0,0,0,0,0,0,0,0,0,0,0,0,0,0,0,1,0,0,0,0,0,0,0,0,0,0,0,0,0,0,0,0,0,0,0,6,0,0,0,0,0,0,0,0,0,0,0,0,0,0,0,0,0,0,0,0,0,0,0,0,0,0,0,0,0,0,0,0,0,0,0,0,0,0,0,0,0,0,0,0,0,0,0,28,0,0,0,0,6,0,0,0,0,0,0,0,0,0,0,0,0,0,0,0,0,0,0,0,0,52,0,0,0,0,0,0,0,0,0,0,0,0,0,0,0,3085,20200301,89,1.030,0.011
20200303,0,0,0,0,0,0,0,1,0,0,0,0,1,0,0,77,0,0,6,0,0,0,0,1,0,0,0,0,0,0,0,0,0,0,4,0,0,0,0,0,0,0,0,0,0,0,0,0,0,0,0,0,0,0,0,0,0,0,0,0,0,0,2947,0,0,0,0,0,0,0,0,0,0,0,0,0,0,0,1,0,0,0,0,0,0,0,0,0,0,0,0,0,0,0,0,0,0,0,7,0,0,0,0,0,0,0,0,0,0,0,0,0,0,0,0,0,0,0,0,0,0,0,0,0,0,0,0,0,0,0,0,0,0,0,0,0,0,0,0,0,0,0,0,0,0,0,28,0,0,0,0,6,0,0,0,0,0,0,0,0,0,0,0,0,0,0,0,0,0,0,0,1,79,0,0,0,0,0,0,0,0,0,0,1,0,0,0,0,3160,20200302,75,1.024,-0.005
20200304,0,0,0,0,0,0,0,1,0,0,0,0,1,0,0,92,0,0,6,0,0,0,2,2,0,0,0,0,0,0,0,0,0,0,4,0,0,0,0,0,0,0,0,0,0,0,0,0,0,0,0,0,0,0,0,0,0,0,0,0,0,0,2983,0,0,0,0,0,0,0,0,0,0,0,0,0,0,0,1,0,0,0,0,0,0,0,0,0,0,0,0,0,0,0,0,0,0,0,11,0,0,0,0,0,0,0,0,0,0,0,0,0,0,0,0,0,0,0,0,0,0,0,0,0,0,0,0,0,0,0,0,0,0,0,0,0,0,0,0,0,0,0,0,0,0,0,35,0,0,0,0,6,0,0,0,0,0,0,0,0,0,0,0,0,0,0,0,0,0,0,0,1,107,0,0,0,0,0,0,0,0,0,0,2,0,0,0,0,3254,20200303,94,1.030,0.005
20200305,0,0,0,0,0,0,0,1,0,0,0,0,1,0,0,107,0,0,6,0,0,0,2,2,0,0,0,0,0,0,0,0,0,0,6,0,0,0,0,0,0,0,0,0,0,0,0,0,0,0,0,0,0,0,0,0,0,0,0,0,0,0,3015,0,0,0,0,0,0,0,0,0,0,0,0,0,0,0,1,0,0,0,0,1,0,0,0,0,0,0,0,0,0,0,0,0,0,0,12,0,0,0,0,0,0,0,0,0,0,0,0,0,0,0,0,0,0,0,0,0,0,0,0,0,0,0,0,0,0,0,0,0,0,0,0,0,0,0,0,0,0,0,0,0,0,0,35,0,0,0,0,6,0,0,0,0,0,0,0,0,0,0,0,0,0,0,0,0,0,0,0,1,148,0,0,0,0,0,0,0,0,0,0,3,0,0,0,0,3347,20200304,93,1.029,-0.001
20200306,0,0,0,0,0,0,0,1,0,0,0,0,1,0,0,124,0,0,6,1,0,0,3,2,0,0,0,0,0,0,0,0,0,0,9,0,0,0,0,0,0,0,0,0,0,0,0,0,0,0,0,0,0,0,0,0,0,0,0,0,0,0,3044,0,0,0,0,0,0,0,0,0,0,0,0,0,0,0,1,0,0,0,0,1,0,0,0,0,0,0,0,0,0,0,0,0,0,0,14,0,0,0,0,0,0,0,0,0,0,0,0,0,0,0,0,0,0,0,0,0,0,0,0,0,0,0,0,0,0,0,0,0,0,0,0,0,0,0,0,0,0,0,0,0,0,0,42,0,0,0,0,6,0,0,1,0,0,0,0,0,0,0,0,0,0,0,0,0,0,0,0,1,197,0,0,0,0,0,0,0,0,0,0,5,0,0,0,0,3459,20200305,112,1.033,0.005
20200307,0,0,0,0,0,0,0,1,0,0,0,0,1,0,0,145,0,0,6,1,0,0,4,2,0,0,0,0,0,0,0,0,0,0,11,0,0,0,0,0,0,0,0,0,0,0,0,0,0,0,0,0,0,0,0,0,0,0,0,0,0,0,3072,0,0,0,0,0,0,0,0,0,0,0,0,0,0,0,1,0,0,0,0,1,0,0,0,0,0,0,0,0,0,0,0,0,0,0,17,0,0,0,0,0,0,0,0,0,0,0,0,0,0,0,0,0,0,0,0,0,0,0,0,0,0,0,0,0,0,0,0,0,0,0,0,0,0,0,0,0,0,0,0,0,0,0,44,0,0,0,0,6,0,0,2,0,0,0,0,0,0,0,0,0,0,0,0,0,0,0,0,1,233,0,0,0,0,0,0,0,0,0,0,10,0,0,0,0,3558,20200306,99,1.029,-0.005
20200308,0,0,0,0,0,0,0,1,0,0,0,0,1,0,0,194,0,0,6,3,0,0,6,3,0,0,0,0,0,0,0,0,0,0,19,0,0,0,0,0,0,0,0,0,0,0,0,0,0,0,0,0,0,0,0,0,0,0,0,0,0,0,3100,0,0,0,0,0,0,1,0,0,0,0,0,0,0,0,1,0,0,0,0,2,0,0,0,0,0,0,0,0,0,0,0,0,0,0,21,0,0,0,0,0,0,0,0,0,0,0,0,0,0,0,0,0,0,0,0,0,0,0,0,0,0,0,0,0,0,0,0,0,0,0,0,0,0,0,0,0,0,0,0,0,0,0,50,0,0,0,0,6,0,0,2,0,0,0,0,0,0,0,0,1,0,0,0,0,0,0,0,1,366,0,0,0,0,0,0,0,0,0,0,17,0,0,0,0,3801,20200307,243,1.068,0.040
20200309,0,0,0,0,0,0,0,1,0,0,0,0,1,0,0,237,0,0,6,3,0,0,6,3,0,0,0,0,0,0,0,0,0,0,19,0,0,0,0,0,0,0,0,0,0,0,0,0,0,0,0,0,0,0,0,0,0,0,0,0,0,0,3123,0,0,0,0,0,0,1,0,0,0,0,0,0,0,0,1,0,0,0,0,2,0,0,0,0,0,0,0,0,0,0,0,0,0,0,22,0,0,0,0,0,0,0,0,0,0,0,0,0,0,0,0,0,0,0,0,0,0,0,0,0,0,0,0,0,0,0,0,0,0,0,0,0,0,0,0,0,0,0,0,0,0,0,53,1,0,0,0,10,0,0,3,0,0,0,0,0,0,0,0,1,2,0,0,0,0,0,0,1,463,0,0,0,0,0,0,0,0,0,0,28,0,0,0,0,3987,20200308,186,1.049,-0.019
20200310,0,0,0,0,0,0,0,1,0,0,0,0,1,0,0,291,0,0,6,4,0,0,7,3,0,0,0,0,0,0,0,0,0,0,33,0,0,0,0,0,0,0,0,0,0,0,0,0,0,0,0,0,0,0,0,0,0,0,0,0,0,0,3139,0,0,0,0,0,0,1,0,0,0,0,0,0,0,0,1,0,0,0,0,3,0,0,0,0,0,0,0,0,0,0,0,0,0,0,28,0,0,0,0,0,0,0,0,0,0,0,0,0,0,0,0,0,0,0,0,0,0,0,0,0,0,0,0,0,0,0,0,0,0,0,0,0,0,0,0,0,0,0,0,0,0,0,54,1,0,0,0,10,0,0,7,0,0,0,1,0,0,0,0,1,2,0,0,0,0,0,0,2,631,0,0,0,0,0,0,0,0,0,0,35,0,0,1,0,4263,20200309,276,1.069,0.020
20200311,0,0,0,0,0,0,0,1,0,0,0,0,1,0,0,354,0,0,7,5,0,0,7,3,0,0,0,0,0,0,0,0,0,0,48,0,0,0,1,0,0,0,0,0,0,0,0,0,0,0,0,0,0,0,0,0,0,0,0,0,0,0,3161,0,0,0,0,0,0,1,0,0,0,0,0,0,1,0,1,0,0,0,0,4,0,0,0,1,0,0,0,0,0,0,0,1,0,0,36,0,0,0,0,0,1,0,0,0,0,0,0,0,0,0,0,1,0,1,0,0,0,0,0,0,0,0,0,0,0,0,0,0,0,0,0,0,0,1,0,0,0,0,0,0,0,0,60,1,0,0,0,15,0,0,7,0,0,0,1,0,0,0,0,1,3,0,0,0,0,0,0,2,827,0,0,0,0,0,0,0,0,0,3,54,0,0,3,0,4614,20200310,351,1.082,0.013
20200312,0,0,0,0,0,0,0,1,0,0,0,0,1,0,0,429,0,0,7,5,0,0,8,3,0,0,0,0,0,0,0,0,0,0,48,0,0,0,1,0,0,0,1,0,1,0,0,0,0,0,0,0,1,0,0,0,0,0,0,0,0,0,3172,0,0,0,0,0,0,1,0,0,0,0,0,0,1,0,2,0,0,0,0,4,0,0,0,1,0,0,0,0,0,0,0,1,0,0,42,0,0,0,0,0,1,0,0,0,0,0,0,0,0,0,0,1,0,1,0,0,0,0,0,0,0,0,0,0,0,0,0,0,0,0,0,0,0,1,0,0,0,0,0,0,0,0,66,1,0,0,0,16,0,0,9,0,1,0,1,0,0,0,0,1,3,0,0,0,0,0,0,3,1016,0,0,0,0,0,0,0,0,0,3,55,0,0,3,0,4912,20200311,298,1.065,-0.018
20200313,0,0,0,0,0,0,0,1,0,0,0,0,1,0,0,514,0,0,7,10,0,0,9,3,0,0,0,0,0,0,0,0,0,1,79,1,0,0,1,0,0,0,2,0,2,0,0,0,0,0,0,0,1,0,0,0,0,0,0,0,0,0,3180,0,0,0,0,0,0,2,0,0,0,0,0,0,1,0,5,0,0,0,0,11,0,0,0,1,0,0,0,0,0,0,0,4,0,0,50,0,0,0,0,0,2,0,0,0,0,0,0,0,0,0,0,1,0,1,0,0,0,0,0,0,0,0,0,0,0,0,0,0,0,0,0,0,0,1,0,0,0,1,0,0,0,0,66,1,0,0,0,19,0,0,10,0,1,0,1,0,0,0,0,2,7,0,0,0,0,0,0,5,1266,0,0,0,0,0,0,0,0,0,3,133,0,0,3,0,5409,20200312,497,1.101,0.037
20200314,0,0,0,0,3,0,0,1,0,0,0,1,1,0,0,611,0,0,7,12,0,0,10,3,0,0,0,0,0,0,0,0,0,1,91,1,0,0,1,0,0,0,3,0,3,0,0,0,0,0,0,0,1,0,0,0,0,0,0,0,0,0,3193,0,0,0,0,0,0,2,0,0,0,0,0,0,2,2,8,0,0,0,0,13,0,0,0,2,0,0,0,0,0,1,0,5,0,0,60,0,0,0,0,0,2,0,0,0,0,0,1,0,0,0,0,3,0,2,0,0,0,0,0,0,0,0,0,0,0,0,0,0,0,0,0,0,0,1,0,0,0,1,0,0,0,0,72,1,0,0,0,22,0,0,28,0,1,0,1,0,0,0,0,2,9,0,0,0,0,0,0,5,1441,0,0,0,0,0,0,0,0,0,4,195,0,0,3,0,5832,20200313,423,1.078,-0.023
20200315,0,0,0,0,3,0,0,1,0,0,0,2,1,0,0,724,0,0,7,20,0,0,10,3,0,0,0,0,0,0,0,0,0,1,91,1,0,0,1,0,0,0,4,0,3,0,0,0,0,0,0,0,1,1,0,0,0,0,0,0,0,0,3203,0,0,0,0,0,0,2,0,0,0,0,0,0,2,2,11,0,0,0,0,14,0,0,0,3,0,0,0,0,0,1,0,5,0,0,74,0,0,0,0,0,2,0,0,0,0,0,1,0,5,0,0,4,0,2,0,0,0,0,0,0,0,0,0,0,0,0,0,0,0,0,0,0,0,1,0,0,0,1,0,0,0,0,75,1,0,0,0,22,0,0,43,0,1,0,1,0,0,0,0,2,11,0,0,0,0,0,0,5,1809,0,0,0,0,0,0,0,0,0,4,289,0,0,3,0,6473,20200314,641,1.110,0.032
20200316,0,0,0,0,3,0,0,1,0,0,0,3,1,0,0,853,0,0,7,24,0,0,10,3,0,0,0,0,0,0,0,0,0,1,149,1,0,0,1,0,0,0,4,0,4,0,0,0,0,0,0,0,1,1,0,0,0,0,0,0,0,0,3217,0,0,0,0,0,0,2,0,0,0,0,0,0,2,2,12,0,0,0,0,14,0,0,0,6,0,0,0,0,0,1,0,5,0,0,100,0,0,0,0,0,2,0,0,0,0,0,1,0,0,0,0,4,0,2,0,1,0,0,0,0,0,0,0,0,0,0,0,0,0,0,0,0,0,1,0,0,0,1,0,0,0,0,75,4,0,0,0,27,0,0,66,1,3,0,1,0,0,0,0,2,17,0,0,0,0,0,0,7,2158,0,0,0,0,0,0,0,0,0,5,342,0,0,3,0,7151,20200315,678,1.105,-0.005
20200317,2,0,0,0,3,0,0,1,0,0,0,4,1,0,0,988,1,0,7,43,0,0,11,5,0,0,0,0,0,0,0,0,0,2,149,1,0,0,1,0,0,0,4,0,5,0,0,0,0,0,0,0,1,1,0,0,0,0,0,0,0,0,3230,0,0,0,0,0,0,4,0,0,1,0,0,0,2,2,12,0,0,0,0,27,0,0,0,7,0,0,0,0,0,1,0,5,0,0,134,0,0,0,0,0,3,0,0,0,0,0,1,0,1,0,0,5,0,2,0,1,0,0,0,0,0,0,0,0,0,0,0,0,0,0,0,0,0,1,0,0,0,1,0,0,0,0,81,5,0,0,0,29,0,0,82,1,3,0,2,0,0,0,0,2,24,0,0,0,0,0,0,7,2503,0,0,0,0,0,0,0,0,1,10,533,0,0,3,1,7957,20200316,806,1.113,0.008
20200318,2,0,0,0,6,0,0,1,0,0,0,4,1,0,0,1135,1,0,7,58,0,0,12,6,0,0,0,0,0,0,0,0,0,2,149,1,0,0,2,0,0,0,7,0,5,0,0,0,0,0,0,0,1,1,0,0,0,0,0,0,0,0,3241,0,0,0,0,0,0,6,0,0,2,0,0,0,2,2,19,0,0,0,0,28,0,0,0,10,1,0,0,0,0,2,0,19,0,0,165,0,0,0,0,0,3,0,0,0,0,0,1,0,1,0,0,5,0,2,0,1,0,0,0,0,0,0,0,0,0,0,0,0,0,0,0,0,0,1,0,0,0,1,0,0,0,0,84,8,0,0,0,29,0,1,116,1,4,0,2,0,0,0,0,2,28,0,0,0,1,0,0,11,2978,0,0,0,0,1,0,1,0,1,14,623,0,0,3,3,8824,20200317,867,1.109,-0.004
20200319,2,0,0,0,7,0,0,1,0,0,0,6,1,0,0,1284,2,0,7,77,0,2,13,6,0,0,0,0,0,0,0,0,0,2,244,1,0,0,2,0,1,0,9,0,5,0,0,0,0,0,0,0,1,1,0,0,0,0,0,0,0,0,3249,0,0,0,0,0,0,6,0,0,3,0,0,0,3,3,17,0,0,0,0,41,0,0,0,11,1,0,0,0,0,4,0,25,0,0,259,0,0,0,0,0,4,0,0,0,0,0,1,0,1,0,0,6,0,3,0,1,1,0,0,0,0,0,0,0,1,0,0,0,0,1,0,0,0,1,0,0,0,1,0,0,0,0,91,9,0,0,0,29,0,1,159,1,6,0,2,0,0,0,0,3,44,0,0,0,1,0,0,11,3405,1,0,0,0,1,1,1,0,3,21,830,0,0,4,6,9947,20200318,1123,1.127,0.018
20200320,3,0,0,0,7,0,0,1,0,0,0,9,2,0,0,1433,2,0,7,107,0,3,17,7,0,0,0,0,0,0,0,0,0,3,451,1,0,0,2,0,2,0,11,0,5,0,0,1,0,0,0,0,1,3,0,0,0,0,0,0,0,2,3253,0,0,0,0,0,3,8,0,0,6,0,0,0,3,5,18,3,0,0,0,54,0,0,0,16,1,0,0,0,0,4,0,32,0,0,350,0,0,0,0,0,5,0,0,0,0,0,1,0,0,0,0,6,0,3,0,1,1,0,0,0,0,0,0,0,1,0,0,0,0,1,0,0,0,1,0,0,1,1,0,0,0,0,94,12,0,0,0,33,0,1,195,1,6,0,3,0,0,0,0,3,67,0,0,0,1,0,0,14,4032,1,0,0,0,1,1,1,0,4,37,1043,0,0,4,11,11423,20200319,1476,1.148,0.021
20200321,4,0,0,0,7,0,0,1,0,0,1,13,2,0,1,1556,2,0,8,137,0,3,17,7,0,0,0,0,0,1,0,0,0,3,563,1,0,0,2,1,2,0,15,0,5,0,0,1,0,0,1,0,1,4,0,0,0,0,0,0,0,2,3259,0,0,0,0,0,0,10,0,0,12,0,0,0,3,7,19,5,0,0,0,75,0,0,0,20,1,2,0,1,0,8,0,38,0,0,442,1,0,0,0,0,4,0,0,0,0,0,1,0,1,0,0,13,0,3,0,1,1,0,0,0,0,0,0,0,1,0,0,0,0,1,0,0,0,1,0,0,1,1,0,0,0,0,102,19,0,0,0,35,0,2,251,1,8,0,3,0,1,0,0,4,84,0,0,0,1,0,0,20,4825,2,0,0,0,2,1,1,0,9,67,1375,0,0,4,15,13125,20200320,1702,1.149,0.001
20200322,10,0,0,0,7,0,0,1,0,0,1,13,2,0,1,1685,3,0,8,180,0,5,20,7,0,0,0,0,0,2,0,0,0,3,676,1,0,0,2,1,3,0,17,0,7,0,0,2,0,0,1,0,1,6,0,0,0,1,0,0,0,2,3274,0,0,1,0,0,0,14,0,0,14,0,0,0,4,14,25,5,0,0,0,98,0,0,0,21,0,2,0,1,0,8,0,48,1,0,587,1,0,0,0,0,7,0,0,0,0,0,2,0,1,0,0,15,0,3,0,1,3,0,0,1,0,0,0,0,1,0,0,0,0,1,0,0,0,3,0,0,1,1,0,0,0,0,111,21,0,3,0,41,2,4,286,2,16,0,4,0,1,0,0,4,94,1,0,0,1,0,0,20,5476,2,1,0,0,2,1,1,0,30,75,1772,0,0,4,25,14826,20200321,1701,1.130,-0.019
20200323,14,0,0,0,10,0,0,1,0,0,1,24,2,0,2,1812,3,0,8,214,0,6,23,7,0,1,0,0,0,2,0,0,0,3,862,1,0,0,4,1,4,0,17,0,8,0,0,3,0,0,1,0,1,7,0,0,0,2,0,0,0,2,3274,0,0,1,0,0,0,19,0,0,23,0,0,0,6,18,33,5,0,0,0,120,0,0,0,25,0,2,0,1,0,8,1,49,1,0,786,1,0,0,0,0,10,0,0,0,0,0,3,0,1,0,0,17,0,3,0,1,3,0,0,2,0,0,0,0,1,0,0,0,0,1,0,0,0,6,0,0,1,1,0,0,0,1,111,25,0,7,0,42,3,4,360,2,21,0,4,0,1,0,0,4,123,1,0,0,1,0,0,20,6077,2,1,1,0,3,1,1,0,37,88,2311,0,0,4,34,16759,20200322,1933,1.130,0.001
20200324,16,0,0,0,12,0,0,4,0,0,1,32,2,0,2,1934,6,0,10,277,0,7,27,8,0,1,0,0,0,2,0,0,0,3,1102,1,0,0,5,3,5,0,19,0,10,0,0,3,0,0,2,0,1,9,0,0,0,2,0,0,0,2,3281,0,0,3,0,0,0,20,0,0,33,0,0,1,7,27,35,7,0,0,0,122,0,0,0,36,0,2,0,2,0,8,1,55,1,0,1011,2,0,0,0,0,10,0,0,0,0,0,4,0,2,0,0,20,0,3,0,1,4,0,0,2,1,0,0,0,1,0,0,0,0,1,0,0,0,6,0,0,1,1,0,0,0,1,120,26,0,11,0,43,3,4,509,3,28,0,5,0,3,0,0,6,157,3,0,0,1,0,0,21,6820,2,1,1,0,4,1,1,0,44,122,2808,0,0,4,46,19017,20200323,2258,1.135,0.004
20200325,20,0,0,0,14,1,0,4,0,0,3,34,2,0,4,2077,10,0,10,357,0,8,29,8,0,1,0,0,0,2,0,0,0,5,1333,2,0,0,5,3,6,0,21,0,14,0,0,4,0,0,2,0,1,10,0,0,0,3,0,0,0,2,3285,0,0,3,0,0,0,21,1,0,43,0,0,2,9,28,38,9,0,0,0,153,0,0,1,62,0,2,0,3,0,8,1,58,2,0,1320,4,0,0,1,0,12,0,0,0,0,0,5,0,2,0,0,22,0,3,0,1,5,0,0,3,1,0,0,0,1,0,0,0,0,1,0,0,0,8,0,0,1,1,0,0,0,1,126,30,0,17,0,45,4,4,695,4,30,0,6,0,5,0,0,8,206,6,0,0,1,0,0,21,7503,2,1,1,0,5,3,1,0,59,178,3647,0,0,6,59,21789,20200324,2772,1.146,0.011
20200326,23,0,0,0,14,1,0,4,0,0,5,41,2,0,4,2234,10,0,10,435,0,9,36,13,0,1,0,0,0,2,0,1,0,5,1698,3,0,0,6,3,8,0,25,0,16,0,0,1,0,0,3,0,1,10,0,0,0,4,0,0,0,2,3291,0,0,3,0,0,1,24,1,0,60,0,0,3,19,34,45,9,0,0,0,191,0,0,1,77,0,2,0,3,0,9,1,78,4,0,1726,4,1,0,1,0,20,0,0,1,0,0,6,0,2,0,0,26,0,3,0,1,6,0,0,3,1,0,0,0,3,0,0,0,0,1,0,0,0,8,0,0,1,1,1,1,0,1,131,38,0,23,0,47,6,7,879,4,49,0,11,0,8,0,0,9,267,9,0,0,2,0,0,21,8215,2,3,1,0,5,3,1,0,75,220,4365,0,0,6,77,24788,20200325,2999,1.138,-0.008
20200327,26,0,0,0,19,1,0,5,0,0,7,52,2,0,4,2378,20,0,10,547,0,11,40,13,0,1,0,0,0,2,0,1,0,5,1997,3,0,0,8,4,12,0,26,1,16,0,0,1,0,0,3,0,1,10,0,1,0,5,0,0,0,2,3296,0,0,5,0,0,1,30,2,0,76,0,0,3,22,36,54,11,0,0,0,231,0,0,2,105,0,2,0,3,0,15,1,87,4,0,2269,5,1,0,1,0,20,0,1,1,0,1,9,0,2,0,0,28,0,3,0,1,6,0,0,3,1,0,1,0,3,0,0,0,0,1,0,0,0,9,0,0,1,1,1,1,0,1,139,54,0,26,0,49,6,9,1163,4,58,0,23,1,12,0,0,13,342,9,0,0,2,0,0,21,9134,2,3,1,0,5,4,2,0,92,289,5138,0,0,8,92,28292,20200326,3504,1.141,0.004
20200328,27,0,0,0,23,1,0,6,0,0,9,65,2,0,5,2517,28,0,10,640,0,12,42,14,0,1,0,0,0,2,0,1,0,9,2317,4,0,0,10,5,16,0,29,1,18,0,0,10,0,0,6,0,1,11,1,1,0,6,0,0,0,2,3299,0,0,5,0,0,1,36,2,0,100,0,0,4,36,48,68,16,0,0,0,264,0,0,3,105,0,2,0,3,0,18,1,102,4,0,2744,7,1,0,1,0,24,0,1,1,0,2,9,1,2,0,0,32,0,7,0,1,8,0,1,4,1,0,1,0,5,0,0,0,0,1,0,0,0,14,0,0,1,1,1,1,0,1,144,61,0,37,0,52,6,11,1457,4,68,0,25,2,12,0,0,18,433,11,0,0,3,0,1,22,10023,2,3,1,0,5,4,2,0,108,353,5982,0,0,8,111,31811,20200327,3519,1.124,-0.017
20200329,35,0,2,1,25,3,0,7,0,0,11,72,2,0,5,2640,39,0,10,772,0,14,42,16,0,1,0,0,0,3,0,1,0,10,2611,4,0,1,10,6,20,0,31,1,22,0,0,13,0,0,6,0,1,13,1,2,0,7,0,0,0,3,3304,0,0,5,0,0,1,40,6,0,119,0,0,8,46,58,71,18,0,0,0,300,0,0,3,110,0,3,1,3,0,21,1,114,4,0,3420,7,3,0,1,0,27,0,1,1,1,2,11,1,2,0,0,38,0,8,0,1,8,0,1,6,1,0,3,0,6,0,0,0,0,1,0,0,0,17,0,0,1,1,3,1,0,1,152,64,0,43,0,54,10,12,1672,4,86,0,26,2,15,0,0,19,533,16,1,1,3,0,1,22,10779,2,6,1,0,5,8,2,0,131,431,6803,0,0,10,136,35323,20200328,3512,1.110,-0.014
20200330,37,0,2,4,32,3,0,9,0,0,13,77,5,0,5,2757,42,0,10,865,0,21,46,17,0,1,0,0,0,3,0,1,0,13,3030,4,0,1,11,10,28,0,35,1,31,0,0,16,0,0,8,0,1,15,1,3,0,8,0,0,0,5,3308,0,0,7,0,0,1,41,6,0,140,0,0,8,54,60,78,24,0,0,0,359,0,0,3,146,0,3,2,3,0,22,1,122,4,0,4196,7,7,0,3,0,32,0,1,1,2,2,11,1,2,0,0,43,0,8,0,1,8,0,1,7,1,0,5,0,6,0,0,0,0,1,0,0,0,24,0,1,1,2,3,1,0,2,158,80,0,65,0,54,12,12,2046,4,108,0,33,3,16,0,0,23,645,23,1,1,4,0,2,25,11591,2,8,1,0,5,9,2,0,168,513,7716,0,0,11,159,39443,20200329,4120,1.117,0.006
20200331,43,0,2,6,39,4,1,10,0,0,17,90,5,0,5,2898,51,0,10,1040,0,26,50,18,0,2,0,0,0,5,0,1,0,17,3532,5,0,1,15,13,29,0,44,1,33,0,0,16,1,0,8,0,2,16,1,5,0,12,0,0,0,6,3309,0,0,8,0,0,2,46,6,0,160,0,0,10,71,75,88,30,0,0,0,433,0,0,3,180,0,3,2,3,0,23,1,136,4,0,5367,8,7,0,3,0,35,0,1,1,2,2,15,2,2,0,0,49,0,8,0,1,10,0,1,9,1,1,5,1,6,0,1,0,1,1,0,0,0,30,0,1,1,2,3,1,0,2,162,101,0,82,0,56,16,14,2429,4,128,0,36,3,20,0,0,27,775,31,1,1,6,0,2,26,12428,2,12,1,0,5,17,4,0,214,705,8464,0,0,12,201,44238,20200330,4795,1.122,0.005
20200401,45,0,2,7,44,5,1,12,0,0,17,104,5,0,5,3036,57,0,11,1175,0,27,52,20,0,2,0,0,0,6,0,1,0,20,4414,5,0,1,15,13,37,0,58,2,43,2,0,28,1,0,9,0,2,20,2,5,0,16,0,0,0,8,3316,0,0,9,0,0,3,52,6,1,187,0,0,16,85,93,96,38,0,0,1,488,0,0,5,239,1,3,2,3,0,29,1,157,4,0,6511,8,10,0,5,0,58,0,1,1,3,2,15,2,2,0,0,50,0,10,0,1,12,0,1,11,1,1,5,1,6,0,1,0,2,3,0,0,0,30,0,1,1,2,4,1,0,2,165,109,0,92,0,57,17,16,3100,4,146,0,39,3,26,0,0,28,920,39,1,1,6,0,3,26,13155,2,14,1,0,6,24,5,0,277,828,9387,0,0,14,240,49685,20200331,5447,1.123,0.002
20200402,50,0,2,8,50,11,1,15,0,0,19,123,5,0,5,3160,60,0,11,1341,0,34,54,24,0,2,2,0,0,7,0,1,0,22,5398,5,0,1,16,16,50,0,86,2,57,2,0,31,1,0,13,0,4,21,4,5,0,18,0,0,0,8,3322,0,0,10,0,0,3,58,7,1,209,0,0,21,98,120,107,55,0,0,1,536,0,0,5,308,1,4,2,3,0,30,1,170,6,0,7938,9,14,1,5,0,72,0,1,3,3,2,17,3,4,0,0,53,0,10,0,1,14,0,1,11,1,1,5,2,7,0,1,0,4,3,0,0,0,32,0,1,1,2,7,1,1,2,169,139,0,115,0,62,19,16,3752,4,158,0,44,5,36,0,0,36,1107,44,1,1,6,0,4,30,13915,2,15,1,0,6,30,6,0,356,1011,10348,0,0,16,324,55834,20200401,6149,1.124,0.001
20200403,53,0,2,9,59,12,1,19,0,0,20,139,5,0,5,3294,68,0,11,1490,0,40,54,28,0,2,2,0,0,7,0,1,0,27,6520,5,0,1,17,17,60,0,105,3,71,2,0,39,1,0,13,0,4,26,4,9,0,22,0,0,0,9,3326,0,0,11,0,1,6,66,8,1,246,0,0,25,120,145,136,61,0,0,1,591,0,0,6,358,1,5,2,3,0,31,1,181,6,0,9260,9,15,1,5,0,72,0,1,4,3,2,20,3,4,0,1,63,1,14,0,1,18,0,1,12,1,1,5,2,8,0,1,0,4,3,0,0,0,37,0,1,1,2,7,1,1,4,174,179,0,133,0,63,25,16,4467,4,168,0,48,7,40,0,0,39,1275,53,1,1,6,0,4,30,14681,2,16,1,0,6,34,8,0,425,1143,11198,0,0,17,359,61826,20200402,5992,1.107,-0.016
20200404,57,0,2,10,62,13,1,20,0,0,25,161,5,0,5,3452,68,0,11,1656,0,41,56,30,0,2,2,0,0,7,0,1,1,32,7574,5,0,1,20,21,79,0,130,3,79,2,0,44,2,0,18,1,4,32,5,9,0,27,0,0,0,10,3330,0,0,11,0,1,5,71,9,2,266,0,0,29,137,172,144,73,0,1,4,666,0,0,6,373,1,6,2,3,0,31,1,191,7,0,10870,11,15,1,8,0,86,0,1,4,3,2,22,3,4,0,1,68,1,17,0,2,18,0,1,17,1,1,5,3,12,0,1,0,5,3,0,0,0,41,0,1,1,2,7,1,1,4,177,218,0,146,0,77,32,16,5228,4,186,0,59,7,44,0,0,43,1444,59,1,1,6,0,5,32,15362,2,17,1,1,8,43,12,0,501,1283,11947,0,0,17,445,67996,20200403,6170,1.100,-0.008
20200405,61,0,2,10,71,15,1,23,0,1,28,179,5,0,5,3603,82,2,11,1771,0,47,61,35,0,2,5,0,0,7,0,1,1,37,8093,7,0,1,20,23,94,0,152,3,94,2,0,51,2,0,18,3,4,34,6,11,0,34,0,0,0,10,3333,0,0,9,0,1,6,78,9,2,295,0,0,34,158,180,152,83,0,2,4,715,0,0,7,401,1,6,2,3,0,36,1,198,7,0,12375,13,22,1,10,0,99,0,1,4,5,2,28,4,4,0,1,73,1,20,0,2,22,0,1,18,1,1,5,3,15,0,1,0,8,3,1,0,0,46,0,1,1,2,7,1,1,5,183,259,0,151,0,77,35,17,5874,4,204,0,70,7,49,0,0,44,1584,67,3,1,8,0,5,32,15887,2,18,1,1,9,45,15,0,574,1447,12641,0,0,18,486,73077,20200404,5081,1.075,-0.025
20200406,62,0,2,11,76,19,1,26,1,1,27,187,5,0,5,3739,86,2,11,1874,0,53,64,40,1,2,5,0,0,7,0,1,1,38,8926,7,0,1,21,29,125,0,173,3,107,2,0,58,2,0,18,3,4,38,6,12,0,37,0,0,0,11,3335,0,0,9,0,1,6,85,9,2,311,0,0,38,174,191,163,92,0,2,5,765,0,0,8,477,2,6,2,5,0,41,1,209,11,0,13894,15,22,1,10,0,136,0,1,6,5,2,30,4,6,0,4,79,1,22,0,3,22,0,1,23,1,1,6,4,16,0,1,0,13,3,2,0,0,54,0,1,1,2,8,1,1,5,186,339,0,176,0,85,46,18,6445,4,220,0,80,7,57,0,0,48,1810,78,3,1,9,0,5,32,16523,2,21,1,1,12,47,19,0,649,1632,13341,0,0,19,564,78767,20200405,5690,1.078,0.003
20200407,63,0,2,14,89,21,1,27,1,1,34,203,5,0,5,3872,98,2,11,2108,0,57,65,45,1,2,5,0,0,7,0,1,1,45,10343,8,0,1,22,33,141,0,193,3,129,2,0,61,2,0,18,3,5,47,7,13,0,43,0,0,0,12,3335,0,0,9,0,2,6,94,9,2,345,0,0,41,210,191,177,107,0,3,6,821,0,0,8,591,2,6,2,5,0,44,2,221,14,0,16191,15,22,1,11,0,150,0,1,6,5,2,36,6,6,0,4,81,1,23,0,3,23,1,1,26,1,1,6,4,18,0,1,0,13,3,3,0,0,55,0,1,1,2,8,4,1,6,192,375,0,197,0,92,50,19,7483,5,243,0,90,7,65,0,0,56,2016,88,3,1,11,1,6,34,17127,2,22,1,1,17,58,22,0,725,2035,14045,0,0,19,686,86662,20200406,7895,1.100,0.022
20200408,65,0,2,15,101,24,3,30,1,1,40,218,5,0,6,3993,108,2,11,2255,0,61,69,50,1,2,5,0,0,7,0,1,1,52,10887,8,0,1,22,34,174,1,205,3,159,2,0,65,2,0,18,4,6,58,7,18,0,48,0,0,0,12,3337,0,0,9,0,2,7,103,10,2,380,0,0,41,235,242,182,121,0,3,7,895,0,0,8,687,2,6,2,5,0,46,3,240,14,0,18270,15,22,1,11,0,178,0,1,6,7,3,40,6,6,0,4,83,1,24,0,3,24,2,1,29,1,1,6,5,19,0,1,0,13,4,3,0,0,59,0,1,1,2,9,5,1,6,200,407,1,220,0,93,54,23,8519,5,273,0,93,9,73,0,0,63,2349,99,3,1,12,1,7,34,17669,3,23,1,1,20,63,27,0,812,2240,14792,0,0,19,819,93354,20200407,6692,1.077,-0.023
20200409,67,0,2,18,108,24,3,32,1,2,42,237,5,0,6,4110,118,2,11,2403,0,65,69,51,1,2,5,0,0,7,0,1,1,57,12228,9,0,1,23,35,194,2,235,3,174,2,0,66,3,0,18,4,6,66,7,18,0,57,0,0,0,14,3339,0,0,10,0,3,8,118,10,2,409,0,0,44,263,272,203,138,0,3,8,948,0,0,8,793,2,6,2,5,0,52,3,280,15,0,20288,16,23,1,11,0,226,0,1,7,7,3,43,6,6,0,4,87,1,24,0,3,25,2,1,30,1,1,7,6,20,0,1,0,16,4,3,0,0,63,0,1,1,2,10,5,1,7,204,503,1,248,0,94,69,24,9623,5,295,0,97,9,86,0,0,72,2607,112,3,1,15,1,7,34,18279,3,25,1,1,21,76,29,0,908,2523,15447,0,0,19,950,100915,20200408,7561,1.081,0.004
20200410,70,0,2,19,113,24,3,33,1,2,48,247,6,0,6,4232,126,3,11,2520,0,66,70,54,2,2,5,0,0,9,0,2,1,69,13215,10,0,2,23,36,233,2,256,3,181,2,0,71,3,0,20,5,6,77,7,24,0,65,0,0,0,16,3340,0,0,10,0,3,10,135,12,2,435,0,1,47,287,297,221,169,0,3,8,1002,0,0,8,870,2,7,2,6,0,54,3,306,15,0,22357,22,23,1,11,0,246,0,1,7,7,3,45,6,7,0,5,92,1,25,0,3,25,2,1,32,1,3,7,6,21,0,1,0,19,4,4,0,0,66,0,1,1,2,12,7,2,7,208,557,1,270,0,99,80,24,10776,6,319,0,107,9,95,0,0,82,2767,119,3,1,15,1,7,34,18849,3,26,1,1,27,94,29,0,1006,3019,16081,0,0,20,1057,108137,20200409,7222,1.072,-0.009
20200411,73,0,2,20,119,24,3,35,1,2,49,260,6,0,8,4357,135,3,11,2653,0,86,72,57,2,2,5,0,0,9,0,2,1,73,13851,11,0,4,23,37,273,3,275,3,208,2,0,74,3,0,20,5,6,85,7,25,0,73,0,0,0,20,3343,0,0,10,0,3,10,146,12,2,470,0,2,52,320,315,247,181,0,3,8,1036,0,0,8,887,2,8,2,6,0,62,3,327,18,0,24366,23,24,1,11,0,288,0,1,7,7,4,50,6,8,0,5,93,1,28,0,3,28,2,1,34,1,3,7,6,21,0,1,0,23,4,4,0,0,74,0,1,1,2,13,7,2,10,211,654,1,291,0,99,100,27,11616,6,337,0,111,9,101,0,0,83,2736,129,4,1,16,2,7,35,19468,3,26,1,1,30,106,30,0,1101,3346,16606,0,0,20,1124,114170,20200410,6033,1.056,-0.016
20200412,76,0,2,24,128,25,4,38,1,3,56,273,6,0,8,4474,173,3,11,2747,0,91,76,60,2,3,5,0,0,9,0,2,1,83,14412,11,0,4,23,39,296,3,293,3,232,2,0,80,4,0,20,5,6,99,7,25,0,80,0,0,0,22,3343,0,0,11,0,5,10,159,12,2,504,0,2,59,334,333,297,193,0,3,8,1106,0,0,8,899,2,8,2,6,0,66,3,373,18,0,26086,23,25,1,12,0,331,0,1,8,9,4,53,7,8,0,5,98,1,29,0,5,31,2,1,34,1,3,7,6,23,0,1,0,26,4,4,0,0,79,0,1,1,2,13,7,2,10,214,714,1,316,0,108,109,27,12302,6,350,0,118,9,103,0,0,90,3022,138,5,1,18,2,7,35,19899,3,29,1,1,34,130,31,0,1198,3600,17209,0,0,20,1223,119853,20200411,5683,1.050,-0.006
20200413,77,0,2,27,134,28,4,40,1,3,59,285,6,0,8,4585,177,3,11,2833,0,93,78,61,2,3,5,0,0,9,0,2,2,93,14986,12,0,5,23,39,332,3,313,3,245,2,0,85,4,0,20,6,6,109,8,27,0,82,0,0,0,25,3345,0,0,12,0,5,12,164,12,2,535,0,2,65,365,355,315,216,0,3,8,1138,0,0,8,919,2,9,2,6,0,69,3,399,21,0,27870,24,25,1,12,0,358,1,1,9,10,4,55,7,8,0,5,99,1,32,0,5,34,2,1,38,1,3,7,6,25,0,1,0,29,4,4,0,0,87,0,1,1,4,14,7,2,10,217,781,2,331,0,123,112,27,13047,6,368,0,126,9,116,0,0,97,3194,143,6,1,21,2,7,35,20465,3,29,1,1,39,148,35,0,1296,3903,17756,0,0,20,1328,125561,20200412,5708,1.048,-0.002
20200414,82,0,2,28,139,31,4,41,1,3,64,299,6,0,8,4683,183,3,12,2955,0,96,78,62,2,4,5,0,0,9,0,2,3,98,15731,13,0,9,24,40,406,3,326,3,263,2,0,94,4,0,20,6,6,122,8,27,0,92,0,0,0,28,3345,0,0,12,0,5,14,178,14,2,567,0,2,73,406,369,335,230,0,3,8,1174,0,0,8,1033,2,10,2,7,0,67,3,459,23,0,30262,29,26,1,14,0,393,1,1,9,13,4,56,7,8,0,5,101,1,35,0,5,34,2,1,44,1,3,7,6,31,0,1,0,33,4,4,0,0,94,0,1,1,5,16,8,2,11,222,901,2,351,0,143,127,30,14095,7,384,0,126,9,123,0,0,102,3294,161,6,1,21,2,7,36,21067,3,31,1,1,46,170,40,0,1403,4157,18056,0,0,21,1532,132439,20200413,6878,1.055,0.007
20200415,83,0,2,28,150,35,4,43,1,3,72,309,6,0,8,4777,189,3,12,3145,0,111,79,63,2,4,5,0,0,9,0,2,3,108,17169,13,0,9,25,41,449,3,336,3,286,2,0,99,4,0,21,6,6,134,9,34,0,94,0,0,0,33,3346,0,0,12,0,5,16,183,17,2,599,0,2,79,444,388,349,254,1,3,8,1239,0,0,8,1203,6,10,2,8,0,69,3,469,25,0,32760,30,31,1,14,0,405,1,1,10,13,4,61,7,8,0,5,102,1,36,0,5,35,2,1,45,1,4,7,6,33,0,1,0,36,5,5,0,0,95,0,1,1,5,17,8,2,12,225,1008,5,372,0,146,131,32,14941,7,393,0,127,9,130,0,0,111,3804,166,6,3,24,2,7,36,21645,4,33,1,1,50,198,46,0,1518,4440,18708,0,0,21,1736,140685,20200414,8246,1.062,0.007
20200416,84,0,2,29,152,36,4,46,1,3,75,321,6,0,8,4869,196,3,12,3327,0,128,80,63,2,4,5,0,0,9,0,2,3,116,17922,15,0,9,26,43,486,3,348,5,314,2,0,103,4,0,22,6,6,142,9,48,0,105,0,0,0,35,3346,0,0,12,0,5,17,196,22,2,629,0,2,83,486,403,362,274,1,3,8,1281,0,0,8,1333,8,10,2,8,0,69,3,496,30,0,34844,32,35,1,14,0,448,1,1,11,13,4,61,7,8,0,5,105,1,38,0,5,37,3,1,46,1,4,7,6,35,0,1,0,40,5,5,0,0,103,0,1,1,5,18,11,2,13,229,1259,5,392,0,178,144,32,15974,7,410,0,130,9,142,0,0,115,4052,169,6,3,27,2,7,38,22170,4,33,1,1,60,232,54,1,1643,4857,19315,0,0,21,1924,147963,20200415,7278,1.052,-0.011
20200417,86,0,2,31,161,38,4,47,1,3,82,336,6,0,8,4958,200,3,13,3471,0,135,81,66,2,5,6,0,0,9,0,2,5,125,18683,15,0,11,26,46,546,3,364,5,332,2,0,110,6,0,23,7,6,156,9,50,0,116,0,0,0,37,4636,0,0,12,0,5,17,205,22,2,657,0,2,87,530,421,387,300,3,3,9,1327,0,0,8,1400,9,11,2,8,0,72,3,520,30,0,37428,33,41,1,18,0,486,1,1,11,13,4,66,7,9,0,5,108,1,41,0,7,37,3,1,49,1,5,7,7,36,0,1,0,42,5,5,0,0,109,0,1,1,6,19,12,2,17,230,1356,6,411,0,190,153,35,16910,7,431,0,135,9,151,0,0,123,4352,173,6,3,31,2,7,39,22745,4,35,1,1,75,273,56,1,1769,5163,20002,0,0,21,2141,156821,20200416,8858,1.060,0.008
20200418,88,0,2,31,164,38,5,47,1,3,90,346,6,0,9,5031,217,3,13,3613,0,143,82,67,2,5,6,0,0,9,0,2,6,133,19325,18,0,11,26,47,650,3,367,5,347,2,0,117,6,0,25,7,6,172,9,52,0,126,0,0,0,37,4636,0,0,12,0,5,17,224,22,3,687,0,2,92,571,456,397,348,3,4,9,1368,0,0,8,1511,11,11,2,8,0,72,3,535,30,0,39775,33,46,1,19,0,521,1,2,12,13,5,70,8,9,0,5,110,1,41,0,7,37,3,1,49,1,5,7,7,39,0,1,0,45,5,5,0,0,116,0,1,1,10,20,12,2,19,232,1401,7,421,0,222,153,36,18028,7,443,0,137,9,164,0,0,129,4459,181,8,3,32,2,7,39,23227,4,35,1,1,84,313,57,1,1890,5453,20043,0,0,21,2354,163236,20200417,6415,1.041,-0.019
20200419,89,0,2,32,165,40,5,47,1,3,94,355,6,0,9,5118,226,3,13,3697,0,168,82,67,2,5,6,0,0,9,0,2,7,141,19720,19,0,12,26,48,686,3,375,5,360,2,0,122,7,0,25,8,7,189,10,54,0,133,0,0,0,41,4636,0,0,12,0,5,17,239,42,3,714,0,2,97,610,474,409,400,5,4,9,1393,0,0,8,1540,12,11,3,8,0,73,3,582,33,0,40945,35,46,1,20,0,559,1,2,14,14,5,74,8,9,0,5,113,1,42,0,7,38,3,1,51,1,7,7,7,47,0,1,0,47,5,5,0,0,120,0,1,1,10,20,12,3,21,234,1565,7,451,0,236,179,36,18527,7,452,0,141,9,172,0,0,132,4586,186,9,3,34,2,7,39,23660,5,36,1,1,91,361,67,1,2017,5683,20453,0,0,21,2462,167772,20200418,4536,1.028,-0.013
20200420,89,0,2,33,181,40,5,47,1,3,98,364,6,0,9,5209,235,3,13,3764,0,176,82,67,2,5,6,0,0,9,0,2,9,151,20267,19,0,12,26,49,712,3,384,6,380,2,0,125,7,0,25,8,7,199,10,58,0,139,0,0,0,43,4636,0,0,12,0,5,19,250,42,5,735,0,2,103,687,507,428,445,5,4,9,1429,0,0,8,1580,13,11,3,8,0,75,3,590,36,0,42686,37,46,1,20,0,592,1,2,14,14,5,77,9,10,0,7,116,1,43,0,7,38,3,1,54,1,10,7,7,47,0,1,0,51,5,5,0,0,126,0,1,1,12,22,15,3,22,236,1727,8,478,0,236,189,38,19092,7,470,0,143,9,177,0,0,136,4862,194,9,3,36,2,7,39,24114,6,37,1,1,101,405,70,1,2140,5828,20852,0,0,21,2587,173124,20200419,5352,1.032,0.004
20200421,92,0,2,34,182,43,5,48,1,3,141,370,6,0,9,5297,245,3,13,3929,0,201,83,67,2,5,6,0,0,9,0,2,11,161,20798,20,0,13,26,51,857,3,392,6,401,2,0,130,8,0,25,8,7,213,12,58,0,147,0,0,0,46,4636,0,0,12,0,9,19,264,43,5,762,0,2,109,730,520,437,484,6,4,9,1478,0,0,8,1765,14,11,3,8,0,78,3,616,36,0,45086,38,46,1,20,0,645,1,2,14,14,6,77,9,10,0,7,121,1,45,0,7,38,3,1,55,1,10,7,7,48,0,1,0,55,6,5,0,0,136,0,1,1,12,24,18,3,22,237,1910,8,498,0,263,196,38,20264,7,491,0,145,10,184,0,0,147,5033,201,13,3,38,2,7,40,24648,6,37,1,1,110,456,72,1,2259,5998,21282,0,0,21,2741,180236,20200420,7112,1.041,0.009
20200422,93,0,2,37,187,44,5,49,1,4,149,384,6,0,9,5391,260,3,13,4068,0,212,83,67,2,5,6,0,1,9,0,2,13,174,21342,20,0,14,27,53,970,3,402,6,426,2,0,134,8,0,25,8,7,225,12,65,0,160,0,0,0,52,4636,0,0,13,0,11,19,276,43,6,785,0,2,114,769,537,446,530,6,5,9,1509,0,0,8,1937,14,12,3,9,0,80,4,635,40,0,47412,38,46,1,22,0,681,1,2,14,17,7,79,10,10,0,7,121,1,49,0,8,38,3,1,56,1,10,7,7,48,0,1,0,58,6,5,0,0,141,0,1,1,13,24,18,3,28,238,2078,8,524,0,281,206,39,21111,7,510,0,149,10,189,0,0,152,5279,208,14,3,40,3,7,40,25085,6,37,1,1,120,513,75,1,2376,6262,21717,0,0,22,2906,186912,20200421,6676,1.037,-0.004
20200423,95,0,2,43,194,45,5,50,1,5,172,394,6,0,9,5481,265,3,13,4192,0,237,83,75,2,5,6,0,1,9,0,2,14,187,21858,20,0,17,27,54,1069,3,407,6,454,2,0,139,9,0,25,8,7,239,12,75,0,168,0,0,0,56,4636,0,0,13,0,11,20,287,43,6,820,0,2,121,794,560,462,572,6,5,11,1549,0,0,8,2021,15,12,3,9,0,83,4,647,42,0,49724,40,47,2,24,0,721,1,3,14,21,7,79,10,10,0,8,125,1,52,1,11,38,3,1,56,1,10,7,8,50,0,1,0,60,6,6,0,0,146,0,1,2,16,24,19,3,31,240,2241,16,545,0,328,215,41,21840,8,522,0,155,10,192,0,0,165,5575,210,14,4,43,3,7,40,25549,6,37,1,1,127,555,80,1,2491,6490,22157,0,0,22,3331,193665,20200422,6753,1.036,-0.001
20200424,96,0,2,44,199,46,5,51,1,5,177,403,6,0,10,5574,267,3,13,4304,0,253,86,79,2,6,6,0,1,9,0,2,15,201,22248,21,0,18,27,55,1221,3,415,6,494,2,0,144,10,0,25,8,7,262,12,79,0,174,0,0,0,64,4636,0,0,14,0,12,25,294,43,7,854,0,2,127,1014,576,477,634,6,5,11,1589,0,0,8,2152,17,12,3,9,0,85,4,689,43,0,51493,40,55,2,24,0,780,1,3,14,21,8,80,10,10,0,8,130,1,54,2,11,38,3,1,57,1,10,7,8,51,0,1,0,63,7,6,0,0,154,0,1,3,16,27,19,3,32,240,2402,16,567,0,345,225,41,22853,8,530,0,158,10,194,0,0,176,5760,214,14,4,49,3,7,40,25969,6,40,1,1,131,615,84,1,2600,6679,22524,0,0,22,3704,199997,20200423,6332,1.033,-0.003
20200425,98,0,2,46,201,46,5,51,1,6,186,418,6,0,10,5650,273,3,13,4424,0,269,86,80,2,6,6,0,1,9,0,2,19,201,22617,21,0,18,27,57,1305,4,419,6,524,2,0,151,10,0,28,11,7,262,14,86,0,181,0,0,0,71,4636,0,0,14,0,12,25,307,53,7,880,0,2,136,1063,576,494,700,7,5,11,1599,0,0,8,2192,17,12,3,9,0,85,4,720,47,0,53755,41,59,2,27,0,825,1,3,14,21,8,81,10,10,0,8,130,1,55,2,13,38,3,1,59,1,10,7,8,54,0,1,0,67,7,6,0,0,159,0,1,3,17,28,20,3,35,242,2571,18,601,0,360,233,41,23697,8,536,0,159,10,199,0,0,185,5877,218,14,4,51,3,7,40,26384,6,40,1,1,140,681,94,1,2706,6917,22902,0,0,24,4057,206187,20200424,6190,1.031,-0.002
20200426,98,0,2,50,201,49,5,51,1,6,190,422,6,0,11,5710,278,3,13,4491,0,281,87,83,2,7,6,0,1,9,0,2,20,209,22859,21,0,19,28,59,1351,4,425,6,535,2,0,156,10,0,28,12,8,272,15,87,0,189,0,0,0,76,4637,0,0,14,0,12,25,317,56,9,903,0,2,139,1087,576,501,728,7,6,11,1610,0,1,8,2194,18,12,3,9,0,88,4,743,50,0,54881,41,59,2,29,0,881,1,3,14,23,8,82,10,10,0,8,134,1,56,4,15,38,3,1,61,1,10,7,8,55,0,1,0,72,7,6,0,0,165,0,1,3,21,28,21,3,40,243,2687,23,619,0,372,244,42,24117,8,542,0,161,10,201,0,0,192,5976,220,14,4,54,3,7,41,26644,6,40,1,1,145,747,96,1,2805,7094,23190,0,0,24,4286,209900,20200425,3713,1.018,-0.013
20200427,99,0,2,53,205,50,5,52,1,6,193,427,6,0,11,5806,282,3,13,4534,0,292,88,83,2,7,6,0,1,10,0,2,22,220,23296,22,0,19,28,60,1434,4,432,6,562,2,0,162,10,0,28,12,8,280,15,90,0,198,0,0,0,82,4637,0,0,15,0,13,25,337,58,9,928,0,2,144,1102,663,511,782,7,6,11,1665,0,1,8,2274,18,14,3,9,0,88,4,765,57,0,56219,41,61,2,29,0,939,1,3,14,23,8,83,10,10,0,8,136,1,58,4,15,39,3,1,65,1,10,7,8,59,0,1,0,75,7,6,0,0,167,0,1,3,22,29,22,3,40,244,2841,26,641,0,385,253,42,24458,8,549,0,162,10,204,0,0,197,6126,223,14,4,56,3,7,41,26977,6,40,1,1,152,794,102,1,2900,7207,23521,0,0,24,4603,214444,20200426,4544,1.022,0.004
20200428,100,0,2,55,206,50,5,54,1,6,199,434,6,0,16,5877,286,3,13,4582,0,312,90,89,2,7,8,0,1,10,0,2,23,239,23663,22,0,19,30,63,1569,4,437,6,596,2,0,168,10,0,30,16,8,291,15,93,0,207,0,0,0,89,4637,0,0,15,0,13,25,359,58,9,948,0,2,152,1159,871,530,854,7,6,11,1699,0,1,8,2355,20,14,3,9,0,89,4,773,58,0,58355,44,64,2,31,2,1008,1,3,14,24,8,86,10,10,0,8,138,1,58,4,15,40,3,1,71,1,10,8,8,63,0,1,0,79,7,6,0,0,167,0,1,3,25,30,22,3,44,246,2983,28,663,0,394,269,42,25369,8,569,0,165,10,210,0,0,207,6314,227,14,4,58,3,7,41,27359,6,41,1,1,155,867,103,1,2992,7331,23822,0,0,24,5083,220801,20200427,6357,1.030,0.008
20200429,100,0,2,59,207,50,6,54,1,6,206,443,6,1,16,5957,293,3,13,4727,0,343,92,91,2,7,8,0,1,10,0,2,24,250,24090,23,0,19,30,65,1732,4,444,7,624,2,0,173,10,0,30,16,8,300,15,103,0,216,0,0,0,98,4637,0,0,15,0,15,25,380,61,9,973,0,2,157,1190,883,558,943,7,6,11,1716,0,1,8,2462,22,14,3,9,0,89,4,784,60,0,60967,45,66,2,32,2,1079,1,3,15,25,9,89,10,10,0,8,139,1,64,4,16,40,3,1,73,1,16,8,9,67,0,1,0,84,7,7,0,0,178,0,1,3,28,30,22,3,51,247,3155,28,693,0,413,278,43,26166,8,580,0,168,10,215,0,0,214,6467,227,14,4,58,3,7,41,27682,6,42,1,1,163,972,111,1,3081,7501,24275,0,0,24,5513,227665,20200428,6864,1.031,0.001
20200430,102,0,2,62,210,52,6,54,1,8,211,452,6,1,17,6028,301,3,13,4811,0,385,93,93,2,7,9,0,1,10,0,2,26,261,24379,24,0,19,31,69,1859,4,450,9,644,2,0,179,11,0,31,16,9,312,17,103,0,227,0,0,0,105,4637,0,0,15,0,15,25,392,61,9,989,0,2,162,1232,900,568,1051,7,6,11,1737,0,1,8,2586,23,15,3,10,0,90,4,792,64,0,62996,45,71,3,32,5,1154,1,3,17,26,9,91,10,10,2,8,140,1,66,7,16,41,3,1,77,1,16,8,10,69,0,1,0,89,8,7,0,0,188,0,1,3,31,32,22,3,58,248,3310,28,717,0,430,293,43,26842,8,584,0,170,16,222,0,0,218,6623,236,14,4,61,3,7,41,27967,6,42,1,1,168,1073,116,1,3174,7594,24543,0,0,24,6006,233360,20200429,5695,1.025,-0.006
20200501,103,0,2,66,210,52,6,54,2,8,218,460,6,1,17,6091,313,3,13,4909,0,417,94,93,2,7,9,0,1,10,0,2,30,272,24597,25,0,20,31,70,1972,4,453,9,651,2,0,179,11,0,32,18,9,323,17,116,0,234,0,0,0,111,4637,0,0,15,0,16,25,406,61,9,1007,0,2,169,1265,1063,579,1124,7,7,11,1754,1,1,8,2653,23,16,3,10,0,92,4,800,68,0,64943,45,75,3,33,5,1223,1,3,21,26,9,92,12,10,2,8,140,1,68,7,16,41,3,1,81,1,16,8,10,75,0,1,0,93,8,7,0,0,192,0,1,3,36,33,22,3,68,250,3537,28,744,0,455,314,44,27583,8,589,0,171,10,225,0,0,225,6736,240,15,4,64,3,7,41,28236,6,43,1,1,170,1169,122,1,3258,7703,24543,0,0,24,6412,238619,20200430,5259,1.023,-0.002
20200502,103,0,2,71,211,53,6,54,2,8,220,475,6,1,18,6156,326,3,13,5003,0,440,95,94,2,8,9,0,1,10,0,2,33,279,24763,25,0,20,31,72,2061,4,459,9,664,2,0,189,12,0,33,18,9,335,17,123,0,247,0,0,0,119,4637,0,0,15,0,16,25,415,64,9,1023,0,2,176,1286,1371,603,1200,7,8,11,1762,1,1,8,2669,24,17,3,10,0,92,4,831,72,0,66369,46,76,3,35,10,1323,1,3,22,26,9,94,12,10,2,8,143,1,72,8,17,42,3,1,82,2,16,9,11,77,0,1,0,97,8,7,0,0,197,0,1,5,41,33,22,3,85,250,3684,31,771,0,474,324,44,28205,8,596,2,173,10,229,0,0,237,6812,245,15,4,66,3,7,41,28710,6,44,1,1,175,1222,124,1,3336,7765,25100,0,0,25,6761,243813,20200501,5194,1.022,-0.001
20200503,105,0,2,76,211,55,6,54,2,9,230,484,6,1,18,6203,333,3,13,5072,0,457,97,95,2,8,9,0,1,10,0,2,38,288,24900,25,0,20,31,77,2154,4,463,9,678,2,0,193,12,0,33,18,9,340,17,131,0,260,0,0,0,126,4637,0,0,15,0,16,27,429,64,9,1043,0,2,184,1303,1564,607,1286,7,9,11,1762,1,1,8,2679,24,18,3,10,0,96,4,845,85,0,67682,46,82,3,36,10,1391,1,5,24,27,10,96,12,10,2,10,144,1,73,8,17,42,3,1,84,2,16,9,11,79,0,1,0,99,9,7,0,0,197,0,1,5,41,35,22,3,87,252,3795,32,790,0,487,340,45,28520,8,598,2,174,10,232,0,0,246,6866,248,17,4,67,3,7,41,28884,6,45,1,1,177,1280,125,1,3397,7844,25264,0,0,25,7051,247470,20200502,3657,1.015,-0.007
20200504,105,0,2,82,214,55,6,54,2,11,240,493,6,1,18,6277,346,3,13,5098,0,476,98,96,2,8,10,0,3,10,0,2,40,303,25204,26,0,20,31,78,2271,4,465,9,698,2,0,197,12,0,34,18,9,351,17,138,0,270,0,0,0,137,4637,0,0,15,0,16,29,436,64,10,1063,0,2,191,1319,1569,623,1344,9,9,11,1784,3,1,8,2769,25,18,3,10,0,96,4,864,90,0,68922,46,83,3,37,10,1566,1,5,24,29,10,97,12,10,2,10,146,1,78,9,19,43,3,1,85,2,16,9,13,80,0,1,0,103,9,7,0,0,200,0,1,6,41,39,26,3,93,254,4003,35,818,0,536,358,46,28809,8,600,3,179,10,235,0,0,260,6993,252,17,4,69,3,8,41,29079,6,45,1,1,182,1356,132,1,3461,7924,25428,0,0,25,7367,251537,20200503,4067,1.016,0.001
20200505,106,0,2,86,215,55,6,54,2,12,246,503,6,2,18,6340,354,4,13,5185,0,514,102,97,2,8,10,0,3,10,0,2,40,316,25537,26,0,21,31,79,2507,5,470,9,716,2,0,200,13,0,34,20,10,363,17,148,0,275,0,0,0,146,4637,0,0,15,0,17,29,452,64,11,1074,0,2,200,1339,1569,637,1444,10,9,11,1795,3,1,8,2854,25,18,3,10,0,96,4,872,95,0,71064,46,93,3,38,17,1693,1,5,24,32,10,98,12,10,4,11,146,1,80,11,19,43,3,1,86,2,16,9,14,83,0,1,0,107,9,7,0,0,210,0,1,6,45,40,26,3,98,255,4190,38,841,0,556,378,48,29501,8,606,5,181,10,238,0,0,264,6993,257,18,4,69,3,9,41,29315,6,46,1,1,183,1451,136,1,3520,8016,25613,0,0,25,7938,257239,20200504,5702,1.023,0.006
20200506,107,0,2,91,216,55,6,55,2,12,252,506,6,2,18,6418,362,4,13,5221,0,564,102,97,2,8,10,0,4,10,0,2,42,327,25812,28,0,21,31,86,2704,5,476,9,733,2,0,203,13,0,35,20,10,373,17,153,0,281,1,0,0,157,4637,0,0,15,0,17,30,469,108,12,1089,0,3,209,1375,1618,658,1533,11,9,11,1805,3,2,8,2941,25,20,3,10,0,98,4,895,104,0,73455,48,99,3,38,17,1785,1,5,26,32,10,99,12,10,5,12,147,1,84,14,21,43,3,1,88,2,16,9,15,85,0,1,0,112,9,7,0,0,218,0,1,6,49,40,26,4,103,256,4366,39,864,0,556,397,48,30150,8,608,8,183,10,239,0,0,273,7275,262,18,4,69,3,9,41,29684,6,46,1,1,186,1537,143,2,3584,8339,25857,0,0,25,8588,263855,20200505,6616,1.026,0.003
20200507,107,0,2,102,217,56,6,55,2,12,255,514,6,3,18,6486,373,4,13,5306,0,585,102,97,2,8,10,0,4,10,0,2,44,340,25990,28,0,21,31,90,2961,5,483,9,755,2,0,206,15,0,36,20,10,383,17,161,0,285,1,0,0,165,4637,0,0,15,0,18,30,482,108,13,1105,0,3,219,1403,1654,685,1627,11,9,11,1810,4,2,8,3040,26,20,3,10,0,100,4,930,106,0,75662,49,105,3,42,27,1889,1,5,29,32,10,99,12,10,5,12,148,1,84,16,23,44,3,1,89,2,16,9,15,86,0,1,0,116,9,7,0,0,225,0,1,8,52,42,27,4,107,256,4541,44,888,0,577,407,48,30689,8,609,12,183,10,240,0,0,282,7392,270,20,4,73,3,9,41,29958,6,47,1,1,199,1625,145,2,3641,8415,26070,0,0,25,9190,269567,20200506,5712,1.022,-0.004
20200508,107,0,2,106,218,56,6,55,2,12,260,522,6,3,18,6541,380,4,13,5377,0,599,104,97,2,8,10,0,4,10,0,2,47,361,26233,28,0,21,31,98,3160,5,488,10,776,2,0,209,16,0,39,20,10,392,18,178,0,294,1,0,0,174,4637,0,0,15,0,18,31,503,108,13,1114,0,3,229,1429,1704,696,1714,11,10,11,1823,5,2,8,3175,26,20,3,10,0,100,4,943,109,0,77180,49,107,3,44,28,1985,1,5,29,35,10,100,12,10,7,12,150,1,86,17,24,45,3,1,90,2,21,9,16,86,0,1,0,121,9,7,0,0,231,0,1,8,59,43,27,4,117,256,4697,44,923,0,590,428,48,31316,8,614,12,186,10,245,0,0,293,7510,273,20,4,74,3,9,41,30201,6,47,1,1,206,1723,150,2,3689,8521,26299,0,0,26,10017,274898,20200507,5331,1.020,-0.002
20200509,108,0,2,114,219,60,6,56,2,12,265,526,6,3,22,6589,385,5,13,5441,0,636,107,97,2,8,10,0,4,10,0,2,49,376,26313,31,0,21,31,102,3353,5,494,10,785,2,0,215,17,0,39,20,10,405,18,186,0,304,1,0,0,185,4637,0,0,15,0,18,31,514,108,17,1126,0,3,239,1446,1717,704,1814,11,10,11,1830,5,3,8,3220,26,20,3,10,0,101,4,959,115,0,78795,49,108,3,45,31,2101,1,5,30,37,10,101,13,10,7,12,151,1,90,18,24,45,3,1,91,2,21,9,17,87,0,1,0,126,9,7,0,0,237,0,1,8,64,44,28,7,128,256,4823,48,939,0,607,445,48,31662,8,615,20,186,10,247,0,0,300,7549,276,21,4,74,3,9,41,30395,6,48,1,1,214,1827,161,2,3739,8581,26478,0,0,26,10656,279311,20200508,4413,1.016,-0.004
20200510,108,0,2,118,219,60,6,56,2,15,267,529,6,3,22,6640,388,5,13,5459,0,659,109,97,2,9,10,0,4,10,0,2,58,391,26383,32,0,21,31,107,3465,5,502,11,800,2,0,215,17,0,41,20,10,413,19,194,0,312,1,0,0,198,4637,0,0,16,0,18,31,525,114,19,1135,0,3,246,1458,2127,719,1889,11,10,11,1833,5,3,8,3225,26,20,3,10,0,101,4,973,120,0,79526,50,108,3,46,31,2212,1,5,32,38,10,102,14,10,8,12,151,1,91,18,26,45,3,1,91,2,21,9,17,90,0,1,0,131,9,7,0,0,244,0,1,8,70,45,28,7,143,256,4991,51,961,0,624,463,49,31930,8,618,20,188,10,252,0,0,305,7569,280,21,4,77,3,9,41,30560,7,48,1,1,228,1915,169,2,3786,8656,26621,0,0,26,11123,282709,20200509,3398,1.012,-0.004
20200511,109,0,2,122,224,61,6,56,2,16,271,533,7,3,22,6685,393,5,13,5475,0,706,110,97,2,9,11,0,4,10,0,2,65,408,26646,32,0,21,31,113,3573,5,507,11,811,2,0,218,17,0,41,20,10,421,19,206,0,323,1,0,0,201,4637,0,0,16,0,18,32,533,125,19,1144,0,3,255,1467,2145,726,1961,11,11,11,1845,5,3,8,3256,26,21,3,10,0,101,4,991,122,0,80682,50,116,3,46,31,2294,1,5,33,39,10,102,14,10,9,12,151,1,93,19,26,45,3,1,91,2,21,9,18,91,0,1,0,135,9,7,0,0,249,0,1,9,74,46,28,7,150,258,5115,52,982,0,633,479,50,32141,8,620,21,188,10,258,0,0,314,7661,282,21,4,77,3,9,41,30739,7,48,1,1,239,2009,175,2,3841,8707,26744,0,0,26,11653,286330,20200510,3621,1.013,0.001
20200512,109,0,2,128,228,61,6,56,2,16,275,527,7,3,22,6733,402,5,13,5529,0,737,112,98,2,9,11,0,4,10,0,2,75,425,26994,33,0,21,31,117,3926,5,515,11,839,2,0,220,17,0,44,20,10,425,19,206,0,335,1,0,0,203,4637,0,0,16,0,18,32,544,125,19,1163,0,3,264,1488,2327,751,2057,11,11,11,1867,5,3,8,3313,27,21,3,10,0,102,4,1007,127,0,82356,50,121,3,47,40,2415,1,8,36,40,10,102,14,10,10,12,152,1,95,19,27,45,3,1,92,2,21,9,20,91,0,1,0,142,9,7,0,0,252,0,1,9,80,47,29,7,158,259,5300,52,1002,0,657,493,51,32769,9,623,21,188,10,260,0,0,319,7738,283,21,4,78,3,9,41,30911,7,48,1,1,250,2116,182,2,3894,8761,26920,0,0,26,12461,291942,20200511,5612,1.020,0.007
20200513,111,0,2,142,229,61,6,56,2,18,284,533,7,4,24,6783,409,5,13,5581,0,761,115,98,2,9,11,0,6,10,0,2,82,439,27077,35,0,21,31,120,4220,6,522,11,861,2,0,222,17,0,50,20,10,430,19,219,0,346,1,0,0,206,4637,0,0,17,0,19,32,556,136,21,1175,0,3,273,1497,2334,772,2169,14,11,11,1870,6,3,8,3460,27,21,3,11,0,103,4,1028,132,0,84119,54,123,3,49,42,2551,1,8,40,44,11,103,14,10,12,12,155,1,96,26,29,45,3,1,95,2,21,9,20,94,0,1,0,146,9,7,0,0,256,0,2,9,90,48,29,7,164,260,5425,52,1036,0,678,509,51,33264,10,624,23,188,10,264,0,0,329,7861,290,24,4,79,3,9,41,31106,8,49,1,1,269,2212,185,2,3952,8843,27104,0,0,26,13240,297197,20200512,5255,1.018,-0.002
20200514,112,0,2,152,232,62,6,56,2,20,287,537,7,4,24,6854,422,5,13,5609,0,770,115,98,2,9,15,0,7,10,0,2,88,456,27428,35,0,21,31,122,4477,6,529,11,883,2,0,224,18,0,50,20,10,436,19,238,0,368,1,0,0,208,4637,0,0,17,0,19,32,571,139,23,1184,0,3,283,1506,2338,790,2267,15,12,11,1872,7,3,8,3529,27,21,3,11,0,103,4,1043,136,0,85898,54,133,3,50,46,2649,1,8,42,46,11,103,14,10,12,12,156,1,99,26,29,45,3,1,95,2,21,9,23,94,0,1,0,151,9,7,0,0,260,0,2,10,90,49,29,7,167,260,5592,53,1053,0,697,525,51,33693,10,626,29,190,10,265,0,0,353,7884,293,24,4,79,3,9,41,31368,8,49,1,1,283,2305,194,2,4007,8903,27321,0,0,26,13999,302418,20200513,5221,1.018,0.000
20200515,112,0,2,164,232,63,6,56,2,20,293,537,7,4,28,6902,424,5,13,5662,4,834,117,98,2,9,15,0,7,10,0,2,96,476,27532,36,0,21,31,128,4767,6,536,11,907,2,0,225,20,0,50,20,10,442,19,247,0,394,1,0,0,210,4637,0,0,17,0,19,34,592,140,25,1190,0,4,292,1518,2594,806,2392,15,12,11,1878,7,3,8,3646,27,21,3,11,0,104,4,1076,153,0,87530,54,134,3,51,48,2753,1,8,45,46,11,103,14,10,15,14,160,1,102,27,30,45,3,1,97,2,21,9,25,95,0,1,0,156,9,7,0,0,266,0,3,10,91,52,29,7,171,262,5679,53,1070,0,713,546,51,34078,12,628,33,190,10,266,0,0,356,7897,295,24,4,79,3,9,41,31610,9,49,1,1,298,2418,202,2,4055,8959,27459,0,0,26,14962,307666,20200514,5248,1.017,0.000
20200516,113,0,2,165,232,63,6,56,2,20,297,543,7,4,29,6937,428,5,13,5689,4,834,121,98,2,9,15,0,7,10,0,2,107,497,27532,36,0,21,31,129,5045,6,542,11,915,2,0,228,21,0,61,20,10,448,19,261,0,421,1,0,0,214,4638,0,0,17,0,19,34,612,140,25,1203,0,4,302,1533,2688,817,2523,16,12,11,1879,7,4,8,3674,28,22,3,11,0,104,4,1089,168,0,88754,55,138,3,51,50,2871,1,8,50,48,11,103,15,10,18,14,162,1,105,29,33,45,3,1,98,3,21,9,26,95,0,1,0,160,9,7,0,0,269,1,4,11,97,55,29,7,176,262,5800,55,1094,0,725,562,51,34546,12,629,36,192,10,268,0,0,363,7938,296,25,4,79,3,9,41,31763,10,51,1,1,314,2537,207,2,4096,9005,27563,0,0,26,15662,311781,20200515,4115,1.013,-0.004
20200517,113,0,2,169,232,63,6,56,2,20,298,547,7,4,29,6988,428,5,13,5699,4,873,123,99,2,9,15,0,7,10,0,2,112,514,28111,39,0,21,31,133,5177,6,548,11,925,2,0,230,22,0,61,21,10,451,20,264,0,450,1,0,0,220,4638,0,0,17,0,19,34,630,140,25,1218,0,4,312,1543,2736,824,2648,16,12,11,1881,7,4,8,3679,28,22,3,11,0,107,4,1148,169,0,89562,56,142,3,54,53,3025,1,8,50,52,12,104,15,10,20,14,163,1,108,32,33,45,3,1,101,3,21,9,30,95,0,1,0,165,9,7,0,0,275,2,4,11,97,60,29,7,182,263,5903,56,1107,0,744,574,51,34716,12,629,39,192,10,272,0,0,373,7962,298,27,4,79,3,9,41,31908,10,51,1,1,328,2631,211,2,4140,9052,27563,1,0,26,16118,315185,20200516,3404,1.011,-0.002
20200518,113,0,3,174,233,64,6,56,2,21,300,548,7,4,29,7057,434,5,13,5713,4,903,127,99,2,9,15,0,7,10,0,2,118,535,28242,40,0,21,31,133,5332,6,555,12,936,2,0,231,25,0,61,22,10,462,20,286,0,478,1,0,0,224,4638,0,0,17,0,19,35,645,140,26,1231,0,7,320,1547,2799,831,2789,16,12,11,1886,7,4,8,3698,28,22,3,11,0,107,4,1191,173,0,90347,59,146,3,55,53,3156,1,8,50,52,13,104,15,10,20,14,165,1,110,33,35,46,3,1,104,3,21,9,30,95,0,1,0,171,9,7,0,0,279,2,4,11,105,61,29,7,191,263,5960,57,1120,0,749,592,51,34876,12,629,41,192,10,276,0,0,382,8003,297,28,4,79,3,9,41,32007,10,51,1,1,349,2722,217,2,4171,9080,27709,1,0,26,16853,318481,20200517,3296,1.010,0.000
20200519,114,0,3,189,233,64,6,56,2,21,301,551,7,4,31,7119,441,5,13,5734,4,939,131,100,2,9,15,0,7,10,0,2,121,548,28025,41,0,21,31,134,5666,6,561,12,948,2,0,234,27,0,61,23,10,467,20,312,0,509,1,0,0,227,4638,0,0,17,0,21,35,659,140,30,1247,0,7,329,1561,2839,837,2914,18,12,11,1891,8,6,8,3743,28,22,3,11,0,109,4,1221,178,0,91921,60,147,3,55,56,3302,1,17,50,53,13,104,15,10,28,14,165,1,112,33,43,47,3,1,106,3,21,9,30,96,0,1,0,175,9,7,0,0,281,2,4,12,111,64,29,7,192,263,6028,59,1137,0,768,613,51,35422,12,632,41,193,10,278,0,0,393,8081,302,28,4,79,3,9,41,32169,10,51,1,1,370,2837,221,2,4199,9108,27778,2,0,26,17983,323285,20200518,4804,1.015,0.005
20200520,114,0,3,199,234,64,6,56,2,22,304,554,7,4,31,7183,446,5,13,5767,4,985,134,100,2,9,15,0,7,10,0,2,124,564,28135,43,0,21,31,136,6090,6,568,12,962,2,0,235,30,0,61,23,10,470,20,339,0,544,1,0,0,233,4638,0,0,17,0,21,35,680,146,30,1263,0,9,339,1571,2888,842,3024,18,12,11,1892,8,6,8,3831,28,22,3,11,0,109,4,1242,187,0,93439,60,147,3,58,57,3434,1,17,50,55,13,105,16,10,30,14,166,1,116,34,45,47,3,1,110,3,21,9,31,96,0,1,0,179,9,7,0,0,287,2,4,12,111,67,29,7,200,264,6150,61,1147,0,768,630,52,35786,12,633,41,194,10,279,0,0,403,8144,304,29,4,79,3,9,41,32330,10,51,1,1,386,2972,228,2,4222,9150,27888,2,0,26,18859,328115,20200519,4830,1.015,0.000
20200521,114,0,3,215,235,64,6,56,3,25,306,561,7,4,31,7249,448,5,13,5794,4,1017,140,101,2,9,16,0,10,10,0,2,129,579,28218,44,0,21,31,140,6510,6,575,12,972,2,0,237,31,0,61,23,10,473,20,369,0,589,1,0,0,237,4638,0,0,17,0,22,35,696,156,33,1277,0,10,351,1583,2939,846,3148,18,12,11,1898,8,6,8,3871,28,23,3,11,0,109,4,1278,193,0,94702,61,156,3,60,58,3584,1,17,50,60,13,106,17,10,33,14,168,1,120,35,48,47,3,1,111,3,21,9,33,97,0,1,0,185,9,7,0,0,291,3,5,12,121,70,29,7,211,264,6267,61,1156,0,777,652,52,36124,12,633,44,196,10,279,0,0,416,8203,306,29,4,80,3,9,41,32486,10,51,1,1,408,3099,233,2,4249,9186,27940,2,0,26,20047,332924,20200520,4809,1.015,0.000
20200522,115,0,3,230,235,64,6,56,3,25,306,561,7,4,31,7300,456,5,13,5807,6,1067,147,101,2,9,16,0,11,10,0,2,138,588,28292,46,0,21,31,141,6989,6,582,12,982,2,0,237,34,0,63,24,10,476,20,397,0,630,1,0,0,241,4638,0,0,17,0,22,35,707,159,33,1289,0,10,364,1592,3056,857,3244,19,12,11,1903,8,6,8,3925,28,23,4,11,0,109,4,1326,205,0,95978,61,167,3,60,58,3726,1,17,50,62,13,106,19,10,33,14,169,1,125,38,51,47,3,1,112,3,21,9,33,99,0,1,0,190,9,7,0,0,295,3,6,12,137,74,29,7,221,266,6360,61,1166,0,796,682,52,36475,12,635,44,197,10,279,0,0,433,8228,312,29,4,81,3,9,41,32616,10,51,1,1,432,3249,237,2,4276,9212,28628,2,0,26,21048,338233,20200521,5309,1.016,0.001
20200523,115,0,4,240,235,64,6,56,3,26,306,561,7,4,31,7359,458,5,13,5830,8,1101,152,102,2,9,16,0,11,10,0,3,148,605,28335,49,0,21,31,141,7179,6,592,12,993,2,0,238,36,0,63,26,10,482,22,407,0,673,1,0,0,244,4638,0,0,17,1,22,35,735,159,34,1302,0,10,379,1604,3096,863,3373,20,12,11,1905,8,6,8,3992,28,23,4,11,0,109,4,1351,216,0,97086,63,167,3,61,60,3868,1,17,50,63,13,106,21,10,39,14,171,1,126,39,55,48,3,1,113,3,21,9,33,99,0,1,0,194,9,7,0,0,299,3,6,12,146,77,29,7,221,266,6466,61,1176,0,808,705,52,36757,13,639,44,198,10,279,0,0,445,8261,314,30,4,81,3,9,42,32735,10,51,1,1,452,3388,242,2,4308,9237,28678,2,0,26,22013,342213,20200522,3980,1.012,-0.004
20200524,115,0,4,250,235,64,6,56,3,26,307,562,7,4,32,7417,458,5,13,5841,8,1133,160,102,2,9,16,0,11,10,0,3,156,617,28370,49,0,21,32,144,7394,6,600,12,996,2,0,238,37,0,63,26,10,486,22,429,0,718,1,0,0,245,4638,0,0,17,1,22,35,764,165,35,1316,0,10,390,1608,3108,868,3456,20,12,11,1906,8,6,8,3998,28,23,4,11,0,110,4,1372,218,0,97719,63,180,3,61,60,4024,1,17,51,65,13,107,23,10,42,14,171,1,130,40,58,48,3,1,113,3,21,9,35,99,0,1,0,199,9,7,0,0,306,3,6,12,165,81,29,7,226,267,6534,61,1185,0,820,727,52,36875,14,640,46,199,10,279,0,0,452,8283,315,30,4,82,4,9,42,32785,10,51,1,1,480,3541,250,2,4340,9280,28752,2,0,26,22666,345058,20200523,2845,1.008,-0.003
20200525,115,0,4,261,235,65,6,57,3,27,308,563,7,4,32,7451,460,5,13,5849,8,1167,163,102,2,9,16,0,12,10,0,3,165,623,28460,51,0,21,32,146,7633,6,609,13,1007,2,0,239,37,0,67,26,11,491,22,481,0,761,1,0,0,248,4638,0,0,17,1,22,35,783,165,35,1330,0,14,399,1606,3203,873,3629,20,12,11,1913,11,7,8,4029,28,23,4,11,0,110,4,1391,219,1,98219,63,182,3,62,61,4172,1,17,52,67,13,107,26,10,44,16,172,1,130,42,59,48,3,1,113,3,21,9,35,100,0,1,0,204,9,7,0,0,310,4,9,14,170,87,30,7,233,269,6655,66,1205,0,830,750,52,36996,14,641,46,200,10,281,0,0,467,8309,317,30,4,82,4,10,42,32877,10,51,1,1,501,3633,261,2,4369,9312,26834,2,0,26,23473,346231,20200524,1173,1.003,-0.005
20200526,115,0,4,274,235,65,6,57,3,33,312,563,7,5,34,7508,468,6,13,5875,8,1197,169,103,2,9,16,0,12,10,0,3,172,644,28533,52,1,21,33,149,8134,6,617,13,1024,2,0,239,37,0,68,26,11,499,22,524,0,806,1,0,0,253,4638,0,0,17,1,22,37,797,175,36,1342,0,14,411,1615,3203,886,3788,20,12,11,1915,12,7,8,4125,28,23,4,11,0,110,4,1418,220,1,98912,65,188,3,63,62,4344,1,35,52,70,14,108,28,10,49,16,173,1,130,44,63,48,3,1,116,4,21,9,36,101,0,1,0,208,9,7,0,0,313,4,13,14,170,91,30,7,249,269,6753,67,1216,0,846,776,52,37130,14,643,47,202,11,281,0,0,484,8372,317,30,4,82,4,10,42,32955,10,51,1,1,522,3807,267,2,4397,9334,27117,2,0,26,24512,350452,20200525,4221,1.012,0.009
20200527,115,0,4,280,235,66,6,57,3,34,313,565,7,5,34,7564,474,6,13,5890,10,1225,175,103,2,9,19,0,12,10,0,3,175,658,28599,54,1,22,33,151,8597,7,623,13,1028,2,0,240,39,0,68,27,11,505,22,552,0,841,2,0,0,255,4638,0,0,17,1,23,37,816,175,38,1356,0,18,425,1631,3275,904,3983,20,12,11,1917,12,7,8,4220,28,23,4,11,0,110,4,1473,227,1,100417,66,194,4,63,64,4534,1,35,55,70,14,108,30,10,53,16,173,1,133,45,68,48,3,2,119,4,21,9,39,101,0,1,0,214,9,7,0,0,315,4,16,14,195,98,30,7,254,269,6876,67,1227,0,858,803,53,37542,15,645,47,202,11,281,0,0,500,8428,317,31,4,82,4,10,42,33072,10,51,1,1,544,3968,274,2,4431,9364,27117,2,0,26,25598,355628,20200526,5176,1.015,0.003
20200528,115,0,4,293,236,66,6,57,3,34,313,568,7,5,34,7627,485,7,13,5922,10,1260,179,103,2,9,19,0,12,10,0,3,185,669,28665,56,1,22,33,153,9044,7,630,13,1038,2,0,241,40,0,69,27,11,509,22,577,0,890,2,0,0,258,4638,0,0,17,1,24,37,845,175,39,1369,0,20,441,1639,3313,921,4099,22,12,11,1919,12,8,8,4266,28,23,4,11,0,110,4,1496,235,2,101616,68,196,5,64,65,4711,1,35,58,72,14,108,33,10,57,16,175,1,134,45,80,48,3,2,121,4,21,9,39,102,0,1,0,219,9,7,0,0,320,5,19,14,195,113,30,7,259,269,6982,72,1235,0,881,833,53,37919,15,668,47,202,11,284,0,0,508,8470,319,32,4,82,4,10,42,33142,10,51,1,1,559,4142,282,2,4461,9388,27119,2,0,26,26754,360308,20200527,4680,1.013,-0.002
