Fecha Entrada,Iran_tmp,Pakistan_tmp,Francia_tmp,Confirmados México_tmp,South Africa_tmp,Chile_tmp,China,Saudi Arabia_tmp,Peru_tmp,Estados Unidos,India_tmp,Reino Unido_tmp,Alemania_tmp,Italia_tmp,Bangladesh_tmp,Russia_tmp,Turkey_tmp,España_tmp,Brazil_tmp,Mundo,Día,Francia,Confirmados México,Reino Unido,Alemania,Italia,España,Rusia,Brazil,Perú,Irán,India,Chile,Turquía,Pakistán,Arabia Saudita,Sudáfrica,Bangladesh
20200122,0,0,0,0,0,0,548,0,0,1,0,0,0,0,0,0,0,0,0,555,1,2,1,2,1,2,1,2,1,1,2,1,1,1,2,1,1,3
20200123,0,0,0,0,0,0,643,0,0,1,0,0,0,0,0,0,0,0,0,654,2,3,4,2,4,2,1,2,1,1,5,1,1,1,2,1,1,3
20200124,0,0,2,0,0,0,920,0,0,2,0,0,0,0,0,0,0,0,0,941,3,3,5,2,4,2,1,2,1,6,18,1,4,5,2,1,1,3
20200125,0,0,3,0,0,0,1406,0,0,2,0,0,0,0,0,0,0,0,0,1434,4,3,5,8,4,2,1,2,2,7,28,2,4,5,4,5,3,3
20200126,0,0,3,0,0,0,2075,0,0,5,0,0,0,0,0,0,0,0,0,2118,5,4,5,8,5,2,1,2,2,11,43,3,4,6,4,5,3,3
20200127,0,0,3,0,0,0,2877,0,0,5,0,0,1,0,0,0,0,0,0,2927,6,5,5,9,8,2,1,2,2,11,61,3,8,18,4,5,7,3
20200128,0,0,4,0,0,0,5509,0,0,5,0,0,4,0,0,0,0,0,0,5578,7,5,5,9,10,2,1,2,2,15,95,3,8,47,5,11,13,3
20200129,0,0,5,0,0,0,6087,0,0,5,0,0,4,0,0,0,0,0,0,6166,8,5,6,9,12,3,1,2,4,28,139,3,13,98,5,15,17,5
20200130,0,0,5,0,0,0,8141,0,0,5,1,0,4,0,0,0,0,0,0,8234,9,6,6,13,12,3,2,2,4,38,245,3,23,192,5,20,24,8
20200131,0,0,5,0,0,0,9802,0,0,7,1,2,5,2,0,2,0,0,0,9927,10,6,7,14,12,3,2,2,13,43,388,3,23,359,6,21,38,10
20200201,0,0,6,0,0,0,11891,0,0,8,1,2,8,2,0,2,0,1,0,12038,11,6,7,14,12,3,2,2,13,86,593,3,43,670,6,45,51,14
20200202,0,0,6,0,0,0,16630,0,0,8,2,2,10,2,0,2,0,1,0,16787,12,6,7,15,13,3,2,2,20,117,978,3,61,1236,6,86,62,17
20200203,0,0,6,0,0,0,19716,0,0,11,3,8,12,2,0,2,0,1,0,19887,13,6,8,16,13,3,2,2,25,145,1501,3,74,1529,6,103,62,20
20200204,0,0,6,0,0,0,23707,0,0,11,3,8,12,2,0,2,0,1,0,23898,14,6,12,17,14,3,2,2,31,234,2336,3,155,1872,16,103,116,25
20200205,0,0,6,0,0,0,27440,0,0,11,3,9,12,2,0,2,0,1,0,27643,15,6,26,18,14,3,2,2,38,234,2922,3,201,2433,19,118,150,27
20200206,0,0,6,0,0,0,30587,0,0,11,3,9,12,2,0,2,0,1,0,30802,16,11,41,18,16,3,2,2,52,318,3513,3,238,3629,20,171,202,33
20200207,0,0,6,0,0,0,34110,0,0,11,3,9,13,3,0,2,0,1,0,34395,17,11,53,18,16,3,2,2,151,363,4747,3,238,5698,28,171,240,39
20200208,0,0,11,0,0,0,36814,0,0,11,3,13,13,3,0,2,0,1,0,37129,18,11,82,19,16,3,2,2,151,395,5823,3,434,7402,31,274,274,39
20200209,0,0,11,0,0,0,39829,0,0,11,3,14,14,3,0,2,0,2,0,40159,19,11,93,19,16,3,2,2,162,416,6566,3,537,9217,53,344,402,44
20200210,0,0,11,0,0,0,42354,0,0,11,3,14,14,3,0,2,0,2,0,42768,20,11,118,20,16,3,2,2,200,480,7161,3,632,10827,136,392,554,48
20200211,0,0,11,0,0,0,44386,0,0,12,3,15,16,3,0,2,0,2,0,44810,21,11,164,22,16,3,2,2,321,580,8042,3,746,13531,236,511,709,48
20200212,0,0,11,0,0,0,44759,0,0,12,3,16,16,3,0,2,0,2,0,45228,22,11,203,23,16,20,2,2,372,635,9000,3,922,15679,299,562,927,48
20200213,0,0,11,0,0,0,59895,0,0,13,3,17,16,3,0,2,0,2,0,60381,23,12,251,23,16,62,2,2,621,671,10075,3,1142,18135,454,767,1170,49
20200214,0,0,11,0,0,0,66358,0,0,13,3,18,16,3,0,2,0,2,0,66908,24,12,316,28,16,155,2,2,793,852,11364,3,1306,20921,501,900,1187,51
20200215,0,0,12,0,0,0,68413,0,0,13,3,18,16,3,0,2,0,2,0,69050,25,12,367,30,16,229,6,2,1021,950,12729,3,1610,23934,730,1012,1280,54
20200216,0,0,12,0,0,0,70513,0,0,13,3,18,16,3,0,2,0,2,0,71234,26,12,405,34,16,322,13,2,1546,1065,13938,3,1909,27069,776,1104,1326,56
20200217,0,0,12,0,0,0,72434,0,0,13,3,19,16,3,0,2,0,2,0,73269,27,12,475,37,16,453,15,2,1924,1323,14991,3,2139,30217,875,1203,1353,61
20200218,0,0,12,0,0,0,74211,0,0,13,3,19,16,3,0,2,0,2,0,75151,28,12,585,44,16,655,32,2,2247,1414,16169,3,2449,34109,972,1299,1380,70
20200219,2,0,12,0,0,0,74619,0,0,13,3,20,16,3,0,2,0,2,0,75651,29,12,717,56,16,888,45,2,2554,1595,17361,3,2738,38226,1063,1453,1462,88
20200220,5,0,12,0,0,0,75077,0,0,13,3,22,16,3,0,2,0,2,0,76211,30,12,848,61,17,1128,84,2,2985,1746,18407,3,3031,42282,1201,1563,1505,123
20200221,18,0,12,0,0,0,75550,0,0,15,3,23,16,20,0,2,0,2,0,76840,31,12,993,94,27,1694,120,2,3417,2281,19644,3,3404,47029,1373,1720,1585,164
20200222,28,0,12,0,0,0,77001,0,0,15,3,23,16,62,0,2,0,2,0,78601,32,12,1094,134,46,2036,165,3,3904,2561,20610,3,3737,52167,1495,1885,1655,218
20200223,43,0,12,0,0,0,77022,0,0,15,3,28,16,155,0,2,0,2,0,78979,33,14,1215,189,48,2502,222,3,4256,2954,21638,5,4161,56956,1597,2039,1686,330
20200224,61,0,12,0,0,0,77241,0,0,15,3,30,16,229,0,2,0,2,0,79543,34,18,1378,246,79,3089,259,3,4579,4342,23049,5,4471,61049,1717,2179,1749,424
20200225,95,2,14,0,0,0,77754,0,0,15,3,34,17,322,0,2,0,6,0,80396,35,38,1510,295,130,3858,400,4,5717,5256,24811,28,4815,65111,1938,2402,1845,482
20200226,139,2,18,0,0,0,78166,0,0,15,3,37,27,453,0,2,0,13,1,81373,36,57,1688,374,159,4636,500,13,6836,5897,27017,30,5116,69392,2118,2605,1934,621
20200227,245,2,38,0,0,0,78600,0,0,16,3,44,46,655,0,2,0,15,1,82737,37,100,1890,429,196,5883,673,13,8044,6848,29406,31,5546,74193,2421,2795,2003,803
20200228,388,4,57,1,0,0,78928,0,0,16,3,56,48,888,0,2,0,32,1,84114,38,130,2143,483,262,7375,1073,17,9056,7519,32332,34,5972,78546,2686,2932,2028,1012
20200229,593,4,100,4,0,0,79356,0,0,24,3,61,79,1128,0,2,0,45,2,86009,39,191,2439,630,482,9172,1695,17,10360,9784,35408,39,6501,82329,2818,3287,2173,1231
20200301,978,4,130,5,0,0,79932,0,0,30,3,94,130,1694,0,2,0,84,2,88386,40,204,2785,889,670,10149,2277,20,11130,10303,38309,43,6927,86306,3157,3651,2272,1572
20200302,1501,5,191,5,0,0,80136,1,0,53,5,134,159,2036,0,3,0,120,2,90360,41,288,3181,1301,799,12462,2277,20,12161,11475,41495,56,7213,90980,3766,4033,2415,1838
20200303,2336,5,204,5,0,1,80261,1,0,73,5,189,196,2502,0,3,0,165,2,92938,42,380,3441,1790,1040,15113,5232,28,14034,12491,44605,62,7525,95591,4035,4462,2506,2144
20200304,2922,5,288,5,0,1,80386,1,0,104,28,246,262,3089,0,3,0,222,4,95237,43,656,3844,2270,1176,17660,6391,45,16170,13489,47593,73,7917,98674,4263,4934,2605,2456
20200305,3513,6,380,5,1,4,80537,5,0,174,30,295,482,3858,0,4,0,259,4,98028,44,959,4219,2634,1457,21157,7798,59,18092,14420,50468,82,8273,101790,4489,5369,2783,2948
20200306,4747,6,656,6,1,4,80690,5,1,222,31,374,670,4636,0,13,0,400,13,101971,45,1136,4661,3077,1908,24747,9942,63,19638,15628,53183,102,8807,104912,4695,5862,3034,3382
20200307,5823,6,959,6,1,4,80770,5,1,337,34,429,799,5883,0,13,0,500,13,106009,46,1219,5014,3692,2078,27980,11748,90,20727,16325,55743,113,9252,107773,5011,6380,3158,3772
20200308,6566,6,1136,7,3,8,80823,11,6,451,39,483,1040,7375,3,17,0,673,20,109960,47,1794,5399,4462,3675,31506,13910,114,22192,17837,58226,119,9730,110130,5230,7142,3300,4186
20200309,7161,16,1219,7,3,8,80860,15,7,519,43,630,1176,9172,3,17,0,1073,25,113860,48,2293,5847,5467,4585,35713,17963,147,23430,19250,60500,142,10088,112261,5496,8274,3465,4689
20200310,8042,19,1794,7,7,13,80887,20,11,711,56,889,1457,10149,3,20,0,1695,31,118884,49,2293,6297,6533,5795,41035,20410,199,25262,20914,62589,156,10507,114653,5837,9362,3635,4998
20200311,9000,20,2293,8,13,23,80921,21,11,1109,62,1301,1908,12462,3,20,1,2277,38,126547,50,3681,6875,7791,7272,47021,25374,253,28320,21648,64586,194,10832,117589,6383,10484,3953,5416
20200312,10075,28,2293,12,17,23,80932,45,15,1561,73,1790,2078,15113,3,28,1,2277,52,132297,51,4496,7497,9006,9257,53578,28768,306,30425,25331,66220,244,11296,120204,6919,11631,4220,5913
20200313,11364,31,3681,26,24,43,80945,86,28,2157,82,2270,3675,17660,3,45,5,5232,151,146704,52,4532,8261,10395,12327,59138,35136,367,33682,27517,68192,330,11812,122392,7025,12772,4361,6462
20200314,12729,53,4496,41,38,61,80977,103,38,2870,102,2634,4585,21157,3,59,5,6391,151,157795,53,6683,8772,12744,15320,63927,39885,438,36658,28699,70029,396,12306,124375,7638,13930,4546,7103
20200315,13938,136,4532,53,51,74,81003,103,43,2968,113,3077,5795,24747,5,63,6,7798,162,168941,54,7715,9501,15126,19848,69176,49515,495,38654,31190,71686,499,12858,126045,8348,15102,4793,7667
20200316,14991,236,6683,82,62,155,81033,118,86,4360,119,3692,7272,27980,8,90,18,9942,200,183600,55,9124,10544,17843,22213,74386,57786,658,40743,33931,73303,536,13331,127659,8418,16299,4996,8238
20200317,16169,299,7715,93,62,201,81058,171,117,6141,142,4462,9257,31506,10,114,47,11748,321,199444,56,10970,11633,20970,24873,80589,65719,840,43079,36976,74877,657,13813,129491,9565,17522,5350,8790
20200318,17361,454,9124,118,116,238,81102,171,145,8917,156,5467,12327,35713,14,147,98,13910,372,219037,57,12758,12872,24219,29056,86498,73235,1036,45757,40459,76389,727,14365,131744,10076,18811,5647,9455
20200319,18407,501,10970,164,150,238,81156,274,234,14157,194,6533,15320,41035,17,199,192,17963,621,246955,58,14463,13842,27062,32986,92472,80110,1264,50036,42534,77995,887,14885,133721,11155,20077,5951,10143
20200320,19644,730,12758,203,202,434,81250,344,234,19479,244,7791,19848,47021,20,253,359,20410,793,276564,59,16243,14677,29954,37323,97689,87956,1534,54043,45928,79494,987,16023,135569,11940,21402,6336,10929
20200321,20610,776,14463,251,240,537,81305,392,318,25825,330,9006,22213,53578,25,306,670,25374,1021,308842,60,20123,15529,34281,43938,101739,95923,1836,59324,47372,80868,1024,17008,137115,12723,22753,6783,11719
20200322,21638,875,16243,316,274,632,81435,511,363,33761,396,10395,24873,59138,27,367,1236,28768,1546,342255,61,22622,16752,38815,50871,105792,104118,2337,63100,51189,82211,1251,18435,138657,13328,24097,7220,12425
20200323,23049,972,20123,367,402,746,81498,562,395,43850,499,12744,29056,63927,33,438,1529,35136,1924,384420,62,25600,17799,43789,57695,110574,112065,2777,67446,54817,83505,1397,19663,139771,13915,25459,7572,13134
20200324,24811,1063,22622,405,554,922,81591,767,416,54112,536,15126,32986,69176,39,495,1872,39885,2247,425559,63,29551,19224,48718,62095,115242,119199,3548,73235,58526,84802,1998,20643,141475,14612,27011,7808,13770
20200325,27017,1201,25600,475,709,1142,81661,900,480,66055,657,17843,37323,74386,39,658,2433,49515,2554,476376,64,33402,20739,53699,66885,119827,126168,4149,79685,61847,85996,2543,22016,143114,15525,28656,8232,14657
20200326,29406,1373,29551,585,927,1306,81782,1012,580,84091,727,20970,43938,80589,44,840,3629,57786,2985,539336,65,38105,22088,57772,71808,124632,131646,4731,87187,65015,87026,2567,23048,144749,16817,30251,8895,15691
20200327,32332,1495,33402,717,1170,1610,81897,1104,635,102276,887,24219,50871,86498,48,1036,5698,65719,3417,603736,66,40708,23471,61422,77872,128948,136675,5389,92202,67307,88194,3082,24581,146457,18114,31938,9420,16660
20200328,35408,1597,38105,848,1187,1909,81999,1203,671,122069,987,27062,57695,92472,48,1264,7402,73235,3904,671344,67,45170,24905,66738,84794,132547,141942,6343,97100,68822,89328,3588,25972,148067,19103,33731,10015,17822
20200329,38309,1717,40708,993,1280,2139,82122,1299,852,141205,1024,29954,62095,97689,48,1534,9217,80110,4256,730921,68,52827,26025,72224,91159,135586,148220,7497,101826,72059,90481,4778,27219,149435,20084,35432,10652,18863
20200330,41495,1938,45170,1094,1326,2449,82198,1453,950,162707,1251,34281,66885,101739,49,1836,10827,87956,4579,795560,69,57749,27634,77387,96092,139422,153222,8672,108620,76306,91472,5311,28866,150593,20941,37136,11350,20065
20200331,44605,2118,52827,1215,1353,2738,82279,1563,1065,188724,1397,38815,71808,105792,51,2337,13531,95923,5717,871976,70,59929,29616,82293,100123,143626,158273,10131,115455,80604,92584,5916,30063,151615,22049,39048,12074,20995
20200401,47593,2421,57749,1378,1380,3031,82361,1720,1323,214205,1998,43789,77872,110574,54,2777,15679,104118,6836,948197,71,65202,31522,86660,103374,147577,163027,11917,126611,84495,93657,6725,31721,152587,24073,41014,12739,22268
20200402,50468,2686,59929,1510,1462,3404,82432,1885,1414,244610,2543,48718,84794,115242,56,3548,18135,112065,8044,1029598,72,69500,33460,90273,107663,152271,166831,13584,135773,88541,94640,7598,34381,153548,24644,42925,13524,23870
20200403,53183,2818,65202,1688,1505,3737,82511,2039,1595,276547,2567,53699,91159,119827,61,4149,20921,119199,9056,1112752,73,71412,35022,93812,113296,156363,170099,15770,146894,92273,95646,8446,37040,154500,26435,44830,14355,25121
20200404,55743,3157,69500,1890,1585,4161,82543,2179,1746,309699,3082,57772,96092,124632,70,4731,23934,126168,10360,1193128,74,75343,36327,98017,118181,159516,172541,18328,156061,94933,96448,9205,39542,155686,28736,46869,15515,26738
20200405,58226,3766,71412,2143,1655,4471,82602,2402,2281,337573,3588,61422,100123,128948,88,5389,27069,131646,11130,1264846,75,79163,38324,102365,122171,162488,177644,21102,162699,99483,97424,10453,41428,156827,30334,49176,16433,28511
20200406,60500,4035,75343,2439,1686,4815,82665,2605,2561,367215,4778,66738,103374,132547,123,6343,30217,136675,12161,1337518,76,83057,40186,107465,124908,165155,184948,24490,169594,104020,98647,11487,43781,157814,32081,52016,17200,30205
20200407,62589,4263,79163,2785,1749,5116,82718,2795,2954,397992,5311,72224,107663,135586,164,7497,34109,141942,14034,1414391,77,87366,42595,112808,127854,168941,190839,27938,178214,108769,99970,12322,46059,158762,34336,54752,18003,32078
20200408,64586,4489,83057,3181,1845,5546,82809,2932,4342,429686,5916,77387,113296,139422,218,8672,38226,148220,16170,1498166,78,91738,45032,117798,130072,172434,191726,32008,190137,111698,101650,13430,49579,159797,35298,57345,19137,33610
20200409,66220,4695,87366,3441,1934,5972,82883,3287,5256,464442,6725,82293,118181,143626,330,10131,42282,153222,18092,1584791,79,94863,47144,122534,131359,175925,198674,36793,203165,115754,103135,14352,53617,160979,35788,59854,20125,35585
20200410,68192,5011,91738,3844,2003,6501,82941,3651,5897,497943,7598,86660,122171,147577,424,11917,47029,158273,19638,1672449,80,121712,49219,126394,134753,178972,200210,42853,220291,119959,104691,15722,57581,162120,38799,62545,21343,36751
20200411,70029,5230,94863,4219,2028,6927,83014,4033,6848,527969,8446,90273,124908,152271,482,13584,52167,163027,20727,1749169,81,125394,51633,131260,137698,181228,204178,47121,233511,123979,106220,17615,61857,163103,38799,65077,22583,38292
20200412,71686,5496,121712,4661,2173,7213,83134,4462,7519,556522,9205,93812,127854,156363,621,15770,56956,166831,22192,1845951,82,130365,54346,136035,141397,183957,208389,52763,241080,129751,107603,18539,65393,163942,40151,67719,23615,40321
20200413,73303,5837,125394,5014,2272,7525,83213,4934,9784,581813,10453,98017,130072,159516,803,18328,61049,170099,23430,1915545,83,133585,56594,141540,143342,187327,213024,57999,255368,135905,109286,20080,69102,164769,42125,70161,24264,42844
20200414,74877,6383,130365,5399,2415,7917,83306,5369,10303,608878,11487,102365,131359,162488,1012,21102,65111,172541,25262,1985472,84,146075,59567,146708,145184,189973,202990,62773,271885,141779,110767,21370,73997,165555,43966,72560,25937,44608
20200415,76389,6919,133585,5847,2506,8273,83356,5862,11475,637974,12322,107465,134753,165155,1231,24490,69392,177644,28320,2066301,85,148084,62527,151689,147065,192994,205905,68622,291579,148285,112725,23077,77961,166422,45898,74795,27403,47153
20200416,77995,7025,146075,6297,2605,8807,83403,6380,12491,669272,13430,112808,137698,168941,1572,27938,74193,184948,30425,2163013,86,148086,65856,155453,148291,195351,207634,74588,310087,155671,114533,24530,82289,167410,48091,76726,29240,49534
20200417,79494,7638,148084,6875,2783,9252,83760,7142,13489,701996,14352,117798,141397,172434,1838,32008,78546,190839,33682,2250737,87,153011,68620,158926,150648,197675,209465,80949,330890,164476,116635,26283,86943,168340,50694,78541,30967,52445
20200418,80868,8348,148086,7497,3034,9730,83787,8274,14420,730337,15722,122534,143342,175925,2144,36793,82329,191726,36658,2324265,88,155393,71105,163630,153129,199414,210773,87147,347398,170039,118392,27890,90638,169218,52437,80185,32683,55140
20200419,82211,8418,153011,8261,3158,10088,83805,9362,15628,756375,17615,126394,145184,178972,2456,42853,86306,198674,38654,2404790,89,158168,74560,168357,154999,201505,212917,93558,363211,178165,120198,29451,94858,170132,54601,81766,34357,57563
20200420,83505,9565,155393,8772,3300,10507,83817,10484,16325,783716,18539,131260,147065,181228,2948,47121,90980,200210,40743,2478129,90,155980,78023,173807,156513,203591,213435,99399,374898,178914,122492,31324,99688,171121,56349,83384,35812,60391
20200421,84802,10076,158168,9501,3465,10832,83853,11631,17837,809318,20080,136035,148291,183957,3382,52763,95591,204178,43079,2553379,91,158303,81400,178771,157770,205463,215216,106498,391222,183198,124603,33062,105158,172114,57705,85261,37525,63026
20200422,85996,11155,155980,10544,3635,11296,83868,12772,19250,837422,21370,141540,150648,187327,3772,57999,98674,208389,45757,2630185,92,159952,84627,183501,158758,207428,216582,114431,411821,187400,126949,34863,108686,173036,59151,87142,40792,65769
20200423,87026,11940,158303,11633,3953,11812,83884,13930,20914,871617,23077,146708,153129,189973,4186,62773,101790,213024,50036,2719198,93,161644,87512,186731,159912,209328,217466,124054,438238,191758,129341,37257,113628,174023,61227,89011,43434,68504
20200424,88194,12723,159952,12872,4220,12306,83899,15102,21648,907908,24530,151689,154999,192994,4689,68622,104912,202990,54043,2806138,94,162220,90664,189708,161539,210717,218011,134687,465166,196515,131652,39699,118292,175218,64028,91182,45973,71675
20200425,89328,13328,161644,13842,4361,12858,83909,16299,25331,940829,26283,155453,156513,195351,4998,74588,107773,205905,59324,2890259,95,165963,93435,193091,163009,211938,219329,145268,498440,199696,133521,42505,122499,176677,66457,93157,48285,74865
20200426,90481,13915,162220,14677,4546,13331,83912,17522,27517,968518,27890,158926,157770,197675,5416,80949,110130,207634,63100,2963206,96,169053,97326,196780,164077,213013,220325,155370,514849,203736,135701,46437,127745,178239,69496,95748,50879,78052
20200427,91472,14612,165963,15529,4793,13813,83918,18811,28699,990983,29451,163630,158758,199414,5913,87147,112261,209465,67446,3031910,97,166543,101238,200616,164967,214457,221447,165929,526447,208823,137724,49400,134150,179831,72460,98869,52991,81523
20200428,92584,15525,169053,16752,4996,14365,83940,20077,31190,1015518,31324,168357,159912,201505,6462,93558,114653,210773,73235,3107209,98,167299,105680,204387,165664,215858,222857,177160,555383,214788,139511,52987,138846,181298,76398,101914,55421,84379
20200429,93657,16817,166543,17799,5350,14885,83944,21402,33931,1043038,33062,173807,161539,203591,7103,99399,117589,212917,79685,3184255,99,167305,110026,207439,166152,217185,223578,187859,584016,214788,141591,56351,142759,182727,80463,105283,58568,87520
20200430,94640,18114,167299,19224,5647,16023,83956,22753,36976,1072667,34863,178771,163009,205463,7667,106498,120204,213435,87187,3267936,100,168518,113619,209589,167007,218268,224350,198676,614941,220749,143849,59695,148456,184031,85264,108571,61927,90619
20200501,95646,19103,167305,20739,5951,17008,83959,24097,40459,1106829,37257,183501,164077,207428,8238,114431,122392,215216,92202,3354984,101,168925,117103,211911,168162,219070,227436,209688,645771,229736,146668,62808,154092,185245,89249,112288,65736,94481
20200502,96448,20084,168518,22088,6336,18435,83959,25459,42534,1136024,39699,186731,164967,209328,8790,124054,124375,216582,97100,3435571,102,169583,120102,215500,169430,219814,228030,221344,672846,232992,148950,67161,160846,186493,93983,116021,70038,98489
20200503,97424,20941,168925,23471,6783,19663,83964,27011,45928,1161611,42505,189708,165664,210717,9455,134687,126045,217466,101826,3513207,103,170687,124301,218895,170588,221216,228691,232243,691758,237156,151466,70768,167355,187685,98943,119942,73533,102292
20200504,98647,22049,169583,24905,7220,20643,83966,28656,47372,1184086,46437,193091,166152,211938,10143,145268,127659,218011,108620,3589284,104,174224,129184,222195,171324,222104,229540,242271,707412,240908,154445,74292,174293,188897,103671,123308,76334,105535
20200505,99970,24073,170687,26025,7572,22016,83968,30251,51189,1208271,49400,196780,167007,213013,10929,155370,129491,219329,115455,3669273,105,174918,133974,224813,171879,223096,230183,252245,739503,244388,157562,78055,179436,190165,108317,127541,80412,108775
20200506,101650,24644,174224,27634,7808,23048,83970,31938,54817,1233527,52987,200616,168162,214457,11719,165929,131744,220325,126611,3759295,106,176202,139196,227334,172576,223885,230698,262843,772416,247925,160696,81997,184449,191657,113702,132048,83890,112306
20200507,103135,26435,174918,29616,8232,24581,83975,33731,58526,1261409,56351,204387,169430,215858,12425,177160,133721,221447,135773,3848381,107,176782,142690,229406,173171,224760,230698,272043,802828,251338,164270,85784,220628,193115,119536,136315,87715,115786
20200508,104691,28736,176202,31522,8895,25972,83976,35432,61847,1288587,59695,207439,170588,217185,13134,187859,135569,222857,146894,3939898,108,177094,146837,231232,174098,225435,231606,281752,828810,254936,167156,90648,225103,194511,125933,141234,92681,119198
20200509,106220,30334,176782,33460,9420,27219,83990,37136,65015,1314320,62808,209589,171324,218268,13770,198676,137115,223578,156061,4023533,109,177547,150264,233809,174478,225886,232037,290678,850514,257447,169425,95698,231393,195883,125933,145991,97302,122660
20200510,107603,32081,177094,35022,10015,28866,84010,39048,67307,1334084,67161,211911,171879,219070,14657,209688,138657,224350,162699,4099779,110,178349,154863,236867,175233,226699,232555,299941,867624,260810,171789,100328,236748,197239,132405,150292,101590,126606
20200511,109286,34336,177547,36327,10652,30063,84011,41014,68822,1352962,70768,215500,172576,219814,15691,221344,139771,227436,169594,4176020,111,178184,159793,239579,175752,227364,233037,308705,888271,264689,173832,106475,242355,198613,144478,154233,106108,130474
20200512,110767,35298,178349,38324,11350,31721,84018,42925,72059,1375152,74292,218895,173171,221216,16660,232243,141475,228030,178214,4259619,112,178994,165455,242133,176369,228006,234824,317554,923189,268602,175927,112028,246963,199906,148921,157612,111796,133978
20200513,112725,35788,178184,40186,12074,34381,84024,44830,76306,1396110,78055,222195,174098,222104,17822,242271,143114,228691,190137,4344371,113,179630,170485,244174,176551,228658,235290,326448,955377,272364,177938,118226,250767,201098,154760,161005,118375,137787
20200514,114533,38799,178994,42595,12739,37040,84029,46869,80604,1423727,81997,224813,174478,223096,18863,252245,144749,229540,203165,4441476,114,179630,175202,245682,177778,229327,235772,335882,978142,275989,180156,124794,254416,202284,160118,164144,124590,141801
20200515,116635,38799,179630,45032,13524,39542,84038,49176,84495,1449027,85784,227334,175233,223885,20065,262843,146457,230183,220291,4537825,115,179693,180545,247037,178473,229858,235400,344481,1032913,279419,182525,131423,259064,203456,165062,167267,131800,145483
20200516,118392,40151,179630,47144,14355,41428,84044,52016,88541,1474128,90648,229406,175752,224760,20995,272043,148067,230698,233511,4629638,116,180051,185122,248650,179021,230158,236259,353427,1067579,282365,184955,138536,263360,204610,171666,170639,138134,149258
20200517,120198,42125,179693,49219,15515,43781,84054,54752,92273,1493132,95698,231232,176369,225435,22268,281752,149435,230698,241080,4708147,117,180933,191410,250309,179710,230555,236259,362342,1083341,285213,187427,144950,267766,205758,176617,174577,144264,153277
20200518,122492,43966,180051,51633,16433,46059,84063,57345,94933,1514901,100328,233809,176551,225886,23870,290678,150593,231606,255368,4796431,118,181700,196847,252118,179986,231139,237906,370680,1106470,288477,189876,150793,271982,206844,181088,178504,151209,156391
20200519,124603,45898,180933,54346,17200,49579,84063,59854,99483,1535350,106475,236867,177778,226699,25121,299941,151615,232037,271885,4892855,119,181951,202951,253854,180328,231732,238564,379051,1145906,292004,192439,158086,275999,207897,185034,182493,159333,159679
20200520,126949,48091,181700,56594,18003,53617,84063,62545,104020,1559157,112028,239579,178473,227364,26738,308705,152587,232555,291579,4995883,120,182354,208392,255362,180600,232248,239228,387623,1188631,295599,195051,165386,279393,208938,188926,186436,168061,162417
20200521,129341,50694,181951,59567,19137,57581,84063,65077,108769,1584512,118226,242133,179021,228006,28511,317554,153548,233037,310087,5102217,121,182694,212802,256469,181200,232664,239479,396575,1228114,299080,197647,173491,282043,209962,192970,190823,177124,165618
20200522,131652,52437,182354,62527,20125,61857,84081,67719,111698,1608653,124794,244174,179710,228658,30205,326448,154500,234824,330890,5209117,122,182709,216852,257539,181524,232997,239638,405843,1274974,302718,200262,181827,284541,210965,195745,194225,187977,168645
20200523,133521,54601,182694,65856,21343,65393,84084,70161,115754,1630476,131423,245682,179986,229327,32078,335882,155686,235290,347398,5308100,123,183067,220657,258983,182196,233197,239932,414328,1313667,305703,202584,190609,288089,211981,198883,197608,196750,172134
20200524,135701,56349,182709,68620,22583,69102,84095,72560,119959,1651289,138536,247037,180328,229858,33610,344481,156827,235772,363211,5403426,124,182847,226089,260453,182922,233515,240326,423186,1344143,309278,204952,198370,291847,212993,202955,201801,205721,175494
20200525,137724,57705,183067,71105,23615,73997,84102,74795,123979,1670280,144950,248650,180600,230158,35585,353427,157814,235400,374898,5490389,125,183038,231770,261802,183189,233836,240660,431715,1368195,312911,207525,207191,295532,214001,206512,205929,215855,178443
20200526,139511,59151,182847,74560,24264,77961,84103,76726,129751,1689163,150793,250309,181200,230555,36751,362342,158762,236259,391222,5582911,126,186364,238511,263040,183410,234013,240978,440538,1402041,316448,209970,216824,298557,214993,209337,209509,224665,181129
20200527,141591,61227,183038,78023,25937,82289,84106,78541,135905,1707445,158086,252118,181524,231139,38292,370680,159797,236259,411821,5685511,127,186923,245251,264150,183594,234531,241310,449256,1448753,319646,212501,226713,301019,215940,213470,213716,238339,183795
20200528,143849,64028,186364,81400,27403,86943,84106,80185,141779,1730260,165386,253854,182196,231732,40321,379051,160979,237906,438238,5804825,128,188752,252165,264944,183879,234801,241550,458102,1496858,322710,215096,236184,303083,216873,217809,217108,250687,186894
20200529,146668,66457,186923,84627,29240,90638,84123,81766,148285,1754764,173491,255362,182922,232248,42844,387623,162120,238564,465166,5925992,129,189009,256848,265662,184121,234998,241717,467073,1539081,326326,217724,246622,306216,217799,221896,220144,264184,190057
20200530,148950,69496,188752,87512,30967,94858,84128,83384,155671,1779214,181827,256469,183189,232664,44608,396575,163103,239228,498440,6054857,130,189348,261750,266756,184472,235278,241966,476043,1577004,330123,220180,257486,309274,218717,221896,223327,276242,193590
20200531,151466,72460,189009,90664,32683,99688,84146,85261,164476,1799124,190609,257539,183410,232997,47153,405843,163942,239479,514849,6162409,131,188582,268008,267915,184924,235561,242280,484630,1603055,333867,222669,265928,312029,219641,225283,226486,287796,196323
20200601,154445,76398,189348,93435,34357,105158,84154,87142,170039,1816479,198370,258983,183594,233197,49534,414328,164769,239638,526447,6257605,132,188934,275003,269101,185450,235763,242707,493023,1623284,337751,225205,276146,315041,,231818,229480,298292,199357
20200602,157562,80463,188582,97326,35812,108686,84161,89011,178165,1837374,207191,260453,183879,233515,52445,423186,165555,239932,555383,6378415,133,189701,282283,270108,185750,236142,243209,501800,1668589,341586,227662,286605,317657,,234509,232259,311049,202066
20200603,160696,85264,188934,101238,37525,113628,84160,91182,178914,1857332,216824,261802,184121,233836,55140,431715,166422,240326,584016,6497803,134,190312,289174,271162,186109,236305,243605,510761,1713160,345537,230211,297535,319493,,237489,235111,324221,204525
20200604,164270,89249,189701,105680,40792,118292,84171,93157,183198,1878683,226713,263040,184472,234013,57563,440538,167410,240660,614941,6624740,135,190891,295268,272050,186506,236651,243928,519458,1755779,349500,232863,308993,321205,,240848,237803,337594,
20200605,167156,93983,190312,110026,43434,122499,84177,95748,187400,1903907,236184,264150,184924,234531,60391,449256,168340,240978,645771,6755603,136,191234,299750,272857,186522,236989,244109,528267,1800827,353590,235429,320922,323698,,243599,240474,350879,
20200606,169425,98943,190891,113619,45973,127745,84186,98869,191758,1926639,246622,264944,185450,234801,63026,458102,169218,241310,672846,6882801,137,191445,304435,273888,186691,237290,244328,536484,1839850,,237878,332424,326439,,246351,243238,364328,
20200607,171789,103671,191234,117103,48285,134150,84191,101914,196515,1944370,257486,265662,185750,234998,65769,467073,170132,241550,691758,6995060,138,191849,311486,274971,187226,237500,244683,544725,1864681,,240438,343091,328846,,248872,245851,,
20200608,173832,108317,191445,120102,50879,138846,84195,105283,199696,1961785,265928,266756,186109,235278,68504,476043,171121,241717,707412,7097285,139,192394,317635,275970,187267,237828,245268,552549,1884967,,243051,354065,330930,,251625,248416,,
20200609,175927,113702,191849,124301,52991,142759,84198,108571,203736,1979912,276146,267915,186506,235561,71675,484630,172114,241966,739503,7221627,140,192819,324041,276990,187518,238159,245575,560321,1926824,,245688,366946,,,253604,250920,,
20200610,177938,119536,192394,129184,55421,148456,84209,112288,208823,2000706,286605,269101,186522,235763,74865,493023,173036,242280,772416,7355652,141,193546,331298,277974,187682,238011,245938,568292,1966748,,248379,380532,,,255769,,,
20200611,180156,125933,192819,133974,58568,154092,84216,116021,214788,2023656,297535,270108,186691,236142,78052,501800,174023,242707,802828,7493766,142,194072,338913,278640,188252,238275,246272,576162,2012151,,250458,395048,,,257914,,,
20200612,182525,125933,193546,139196,61927,160846,84228,119942,214788,2048986,308993,271162,187226,236305,81523,510761,175218,243209,828810,7622860,143,194479,344224,279264,188604,238499,246504,583879,2046328,,252720,410451,,,257914,,,
20200613,184955,132405,194072,142690,65736,167355,84286,123308,220749,2074542,320922,272050,187267,236651,84379,519458,176677,243605,850514,7757197,144,194631,,280156,189817,238720,246752,591465,2074860,,255117,425282,,,261917,,,
20200614,187427,144478,194479,146837,70038,174293,84335,127541,229736,2094366,332424,272857,187518,236989,87520,528267,178239,243928,867624,7890618,145,194975,,281038,190299,238833,247086,598878,2098389,,257303,440215,,,263496,,,
20200615,189876,148921,194631,150264,73533,179436,84378,132048,232992,2114026,343091,273888,187682,237290,90619,536484,179831,244109,888271,8010255,146,195433,,281815,190670,239410,247486,606043,,,259652,456183,,,265083,,,
20200616,192439,154760,194975,154863,76334,184449,84422,136315,237156,2137731,354065,274971,188252,237500,94481,544725,181298,244328,923189,8151659,147,195900,,282512,191272,239706,247905,613148,,,262173,473105,,,,,,
20200617,195051,160118,195433,159793,80412,220628,84458,141234,240908,2163290,366946,275970,188604,237828,98489,552549,182727,244683,955377,8327794,148,196711,,283151,191768,239961,248469,619936,,,264561,490401,,,,,,
20200618,197647,165062,195900,165455,83890,225103,84494,145991,244388,2191099,380532,276990,189817,238159,102292,560321,184031,245268,978142,8467721,149,197352,,283785,192480,240136,248770,626779,,,267061,508953,,,,,,
20200619,200262,171666,196711,170485,87715,231393,84494,150292,247925,2222579,395048,277974,190299,238011,105535,568292,185245,245575,1032913,8648529,150,197636,,284192,192871,240310,248970,633563,,,269440,528859,,,,,,
20200620,202584,176617,197352,175202,92681,236748,84553,154233,251338,2255328,410451,278640,190670,238275,108775,576162,186493,245938,1067579,8806084,151,198009,,284812,193371,240436,249271,640246,,,271606,548318,,,,,,
20200621,204952,181088,197636,180545,97302,242355,84572,157612,254936,2281767,425282,279264,191272,238499,112306,583879,187685,246272,1083341,8934624,152,198526,,285216,194036,240578,249659,646929,,,273788,566840,,,,,,
20200622,207525,185034,198009,185122,101590,246963,84624,161005,257447,2312303,440215,280156,191768,238720,115786,591465,188897,246504,1106470,9072483,153,198607,,285279,194458,240760,250103,653479,,,,585481,,,,,,
20200623,209970,188926,198526,191410,106108,250767,84653,164144,260810,2347491,456183,281038,192480,238833,119198,598878,190165,246752,1145906,9237825,154,198607,,285285,194693,240961,250545,660231,,,,604641,,,,,,
20200624,212501,192970,198607,196847,111796,254416,84673,167267,264689,2382426,473105,281815,192871,239410,122660,606043,191657,247086,1188631,9409002,155,200195,,285787,195042,241184,250545,666941,,,,625544,,,,,,
20200625,215096,195745,198607,202951,118375,259064,84701,170639,268602,2422299,490401,282512,193371,239706,126606,613148,193115,247486,1228114,9586894,156,200195,,286412,195418,241419,250545,673564,,,,648315,,,,,,
20200626,217724,198883,200195,208392,124590,263360,84725,174577,272364,2467554,508953,283151,194036,239961,130474,619936,194511,247905,1274974,9778240,157,199476,,286931,195893,241611,251789,680283,,,,673165,,,,,,
20200627,220180,202955,200195,212802,131800,267766,84743,178504,275989,2510259,528859,283785,194458,240136,133978,626779,195883,248469,1313667,9956354,158,201522,,287290,196370,241819,252130,686852,,,,697413,,,,,,
20200628,222669,206512,199476,216852,138134,271982,84757,182493,279419,2549864,548318,284192,194693,240310,137787,633563,197239,248770,1344143,10117985,159,202063,,287874,196780,241956,252513,693215,,,,719664,,,,,,
20200629,225205,209337,201522,220657,144264,275999,84780,186436,282365,2590668,566840,284812,195042,240436,141801,640246,198613,248970,1368195,10276558,160,202981,,288511,197198,242149,253056,699749,,,,742417,,,,,,
20200630,227662,213470,202063,226089,151209,279393,84785,190823,285213,2636414,585481,285216,195418,240578,145483,646929,199906,249271,1402041,10450456,161,203640,,289154,197523,242363,253908,706240,,,,767296,,,,,,
20200701,230211,217809,202981,231770,159333,282043,84816,194225,288477,2687588,604641,285279,195893,240760,149258,653479,201098,249659,1448753,10668149,162,204222,,289678,198064,242639,253908,712863,,,,793802,,,,,,
20200702,232863,221896,203640,238511,168061,284541,84830,197608,292004,2742049,625544,285285,196370,240961,153277,660231,202284,250103,1496858,10875852,163,204222,,290504,198343,242827,253908,719449,,,,820916,,,,,,
20200703,235429,221896,204222,245251,177124,288089,84838,201801,295599,2795361,648315,285787,196780,241184,156391,666941,203456,250545,1539081,11079351,164,204222,,291154,198699,243061,255953,726036,,,,849522,,,,,,
20200704,237878,225283,204222,252165,187977,291847,84857,205929,299080,2841241,673165,286412,197198,241419,159679,673564,204610,250545,1577004,11272923,165,205597,,291691,199001,243230,256619,732547,,,,878254,,,,,,
20200705,240438,231818,204222,256848,196750,295532,84871,209509,302718,2891124,697413,286931,197523,241611,162417,680283,205758,250545,1603055,11455621,166,206072,,292931,199332,243344,257494,738787,,,,906752,,,,,,
20200706,243051,234509,205597,261750,205721,298557,84889,213716,305703,2936077,719664,287290,198064,241819,165618,686852,206844,251789,1623284,11622965,167,206072,,293469,199709,243506,258855,745197,,,,936181,,,,,,
20200707,245688,237489,206072,268008,215855,301019,84917,217108,309278,2996098,742417,287874,198343,241956,168645,693215,207897,252130,1668589,11833815,168,207356,,294116,199919,243736,260255,751612,,,,968857,,,,,,
20200708,248379,240848,206072,275003,224665,303083,84950,220144,312911,3054699,767296,288511,198699,242149,172134,699749,208938,252513,1713160,12045624,169,208015,,294803,200180,243967,260255,758001,,,,1003832,,,,,,
20200709,250458,243599,207356,282283,238339,306216,84992,223327,316448,3117946,793802,289154,199001,242363,175494,706240,209962,253056,1755779,12273853,170,208015,,295632,200456,244216,260255,764215,,,,1039084,,,,,,
20200710,252720,246351,208015,289174,250687,309274,84992,226486,319646,3185737,820916,289678,199332,242639,178443,712863,210965,253908,1800827,12506434,171,208015,,296358,200890,244434,,770311,,,,1077781,,,,,,
20200711,255117,248872,208015,295268,264184,312029,85071,229480,322710,3245925,849522,290504,199709,242827,181129,719449,211981,253908,1839850,12722764,172,209640,,,201450,,,,,,,1118206,,,,,,
20200712,257303,251625,208015,299750,276242,315041,85117,232259,326326,3304942,878254,291154,199919,243061,183795,726036,212993,253908,1864681,12915440,173,209640,,,202045,,,,,,,,,,,,,
20200713,259652,253604,209640,304435,287796,317657,85117,235111,330123,3364157,906752,291691,200180,243230,186894,732547,214001,255953,1884967,13108223,174,210568,,,202426,,,,,,,,,,,,,
20200714,262173,255769,209640,311486,298292,319493,85226,237803,333867,3431574,936181,292931,200456,243344,190057,738787,214993,256619,1926824,13329678,175,211102,,,202735,,,,,,,,,,,,,
20200715,264561,257914,210568,317635,311049,321205,85246,240474,337751,3498902,968857,293469,200890,243506,193590,745197,215940,257494,1966748,13560803,176,211943,,,,,,,,,,,,,,,,
20200716,267061,257914,211102,324041,324221,323698,85314,243238,341586,3576157,1003832,294116,201450,243736,196323,751612,216873,258855,2012151,13813333,177,211943,,,,,,,,,,,,,,,,
20200717,269440,261917,211943,331298,337594,326439,85314,245851,345537,3647715,1039084,294803,202045,243967,199357,758001,217799,260255,2046328,14055299,178,211943,,,,,,,,,,,,,,,,
20200718,271606,263496,211943,338913,350879,328846,85314,248416,349500,3711413,1077781,295632,202426,244216,202066,764215,218717,260255,2074860,14292922,179,,,,,,,,,,,,,,,,,
20200719,273788,265083,211943,344224,364328,330930,85314,250920,353590,3773260,1118206,296358,202735,244434,204525,770311,219641,260255,2098389,14507491,180,,,,,,,,,,,,,,,,,
