Fecha Entrada,Malaysia,Eritrea,Angola,Bolivia,Norway,Estonia,Burma,Thailand,Benin,Haiti,Finland,Denmark,Taiwan,Maldives,Ghana,Iran,Dominican Republic,Ethiopia,Diamond Princess,Netherlands,South Sudan,Pakistan,Iraq,Australia,Montenegro,Congo Brazzaville,Belize,Uganda,Equatorial Guinea,Mauritius,Dominica,West Bank and Gaza,Kuwait,Ukraine,Francia,Azerbaijan,Western Sahara,New Zealand,Albania,Bosnia and Herzegovina,Recuperados México,Malta,Algeria,Togo,Poland,MS Zaandam,Seychelles,Serbia,Oman,Fiji,Congo Kinshasa,Liberia,Guyana,Hungary,Uruguay,South Africa,Papua New Guinea,Chile,Comoros,Namibia,Laos,United Arab Emirates,China,Vietnam,Saint Lucia,Cyprus,Central African Republic,Latvia,Kazakhstan,Egypt,Cameroon,Senegal,Portugal,Holy See,Djibouti,Saudi Arabia,Ireland,Ecuador,Philippines,Peru,Guinea,Georgia,Bahamas,Switzerland,Sao Tome and Principe,Trinidad and Tobago,Sweden,Slovakia,Singapore,Guinea-Bissau,Syria,Paraguay,Mongolia,Luxembourg,Zimbabwe,Indonesia,Afghanistan,Mozambique,Estados Unidos,Lithuania,Honduras,Niger,Libya,Chad,India,Burundi,Nicaragua,Kenya,Uzbekistan,Mali,Slovenia,Qatar,Iceland,Yemen,Kyrgyzstan,Greece,Suriname,Bulgaria,Sierra Leone,Guatemala,Tunisia,Antigua and Barbuda,Brunei,North Macedonia,Cabo Verde,Tanzania,Jordan,El Salvador,Croatia,Bhutan,Botswana,Saint Vincent and the Grenadines,Belarus,Jamaica,Barbados,Cambodia,Rwanda,Panama,Nepal,Mauritania,Gabon,Sudan,Armenia,Kosovo,Zambia,Nigeria,South Korea,Canada,Somalia,Romania,Timor-Leste,Japan,Colombia,Burkina Faso,Reino Unido,Bahrain,Austria,Tajikistan,Morocco,Venezuela,Israel,Saint Kitts and Nevis,Grenada,Argentina,Alemania,Czechia,Cote dIvoire,Monaco,Cuba,Malawi,Sri Lanka,San Marino,Italia,Costa Rica,Andorra,Gambia,Liechtenstein,Bangladesh,Russia,Moldova,Eswatini,Turkey,Belgium,España,Madagascar,Lesotho,Lebanon,Brazil,Recuperados,Fecha,Nuevos Recuperados,Velocidad Recuperados,Diferencia Velocidad
20200122,0,0,0,0,0,0,0,0,0,0,0,0,0,0,0,0,0,0,0,0,0,0,0,0,0,0,0,0,0,0,0,0,0,0,0,0,0,0,0,0,0,0,0,0,0,0,0,0,0,0,0,0,0,0,0,0,0,0,0,0,0,0,28,0,0,0,0,0,0,0,0,0,0,0,0,0,0,0,0,0,0,0,0,0,0,0,0,0,0,0,0,0,0,0,0,0,0,0,0,0,0,0,0,0,0,0,0,0,0,0,0,0,0,0,0,0,0,0,0,0,0,0,0,0,0,0,0,0,0,0,0,0,0,0,0,0,0,0,0,0,0,0,0,0,0,0,0,0,0,0,0,0,0,0,0,0,0,0,0,0,0,0,0,0,0,0,0,0,0,0,0,0,0,0,0,0,0,0,0,0,0,0,0,0,0,0,0,0,28,20200121,28,1.000,1.000
20200123,0,0,0,0,0,0,0,0,0,0,0,0,0,0,0,0,0,0,0,0,0,0,0,0,0,0,0,0,0,0,0,0,0,0,0,0,0,0,0,0,0,0,0,0,0,0,0,0,0,0,0,0,0,0,0,0,0,0,0,0,0,0,30,0,0,0,0,0,0,0,0,0,0,0,0,0,0,0,0,0,0,0,0,0,0,0,0,0,0,0,0,0,0,0,0,0,0,0,0,0,0,0,0,0,0,0,0,0,0,0,0,0,0,0,0,0,0,0,0,0,0,0,0,0,0,0,0,0,0,0,0,0,0,0,0,0,0,0,0,0,0,0,0,0,0,0,0,0,0,0,0,0,0,0,0,0,0,0,0,0,0,0,0,0,0,0,0,0,0,0,0,0,0,0,0,0,0,0,0,0,0,0,0,0,0,0,0,0,30,20200122,2,1.071,0.071
20200124,0,0,0,0,0,0,0,0,0,0,0,0,0,0,0,0,0,0,0,0,0,0,0,0,0,0,0,0,0,0,0,0,0,0,0,0,0,0,0,0,0,0,0,0,0,0,0,0,0,0,0,0,0,0,0,0,0,0,0,0,0,0,36,0,0,0,0,0,0,0,0,0,0,0,0,0,0,0,0,0,0,0,0,0,0,0,0,0,0,0,0,0,0,0,0,0,0,0,0,0,0,0,0,0,0,0,0,0,0,0,0,0,0,0,0,0,0,0,0,0,0,0,0,0,0,0,0,0,0,0,0,0,0,0,0,0,0,0,0,0,0,0,0,0,0,0,0,0,0,0,0,0,0,0,0,0,0,0,0,0,0,0,0,0,0,0,0,0,0,0,0,0,0,0,0,0,0,0,0,0,0,0,0,0,0,0,0,0,36,20200123,6,1.200,0.129
20200125,0,0,0,0,0,0,0,0,0,0,0,0,0,0,0,0,0,0,0,0,0,0,0,0,0,0,0,0,0,0,0,0,0,0,0,0,0,0,0,0,0,0,0,0,0,0,0,0,0,0,0,0,0,0,0,0,0,0,0,0,0,0,39,0,0,0,0,0,0,0,0,0,0,0,0,0,0,0,0,0,0,0,0,0,0,0,0,0,0,0,0,0,0,0,0,0,0,0,0,0,0,0,0,0,0,0,0,0,0,0,0,0,0,0,0,0,0,0,0,0,0,0,0,0,0,0,0,0,0,0,0,0,0,0,0,0,0,0,0,0,0,0,0,0,0,0,0,0,0,0,0,0,0,0,0,0,0,0,0,0,0,0,0,0,0,0,0,0,0,0,0,0,0,0,0,0,0,0,0,0,0,0,0,0,0,0,0,0,39,20200124,3,1.083,-0.117
20200126,0,0,0,0,0,0,0,2,0,0,0,0,0,0,0,0,0,0,0,0,0,0,0,0,0,0,0,0,0,0,0,0,0,0,0,0,0,0,0,0,0,0,0,0,0,0,0,0,0,0,0,0,0,0,0,0,0,0,0,0,0,0,49,0,0,0,0,0,0,0,0,0,0,0,0,0,0,0,0,0,0,0,0,0,0,0,0,0,0,0,0,0,0,0,0,0,0,0,0,0,0,0,0,0,0,0,0,0,0,0,0,0,0,0,0,0,0,0,0,0,0,0,0,0,0,0,0,0,0,0,0,0,0,0,0,0,0,0,0,0,0,0,0,0,0,0,0,0,0,0,0,1,0,0,0,0,0,0,0,0,0,0,0,0,0,0,0,0,0,0,0,0,0,0,0,0,0,0,0,0,0,0,0,0,0,0,0,0,52,20200125,13,1.333,0.250
20200127,0,0,0,0,0,0,0,2,0,0,0,0,0,0,0,0,0,0,0,0,0,0,0,0,0,0,0,0,0,0,0,0,0,0,0,0,0,0,0,0,0,0,0,0,0,0,0,0,0,0,0,0,0,0,0,0,0,0,0,0,0,0,58,0,0,0,0,0,0,0,0,0,0,0,0,0,0,0,0,0,0,0,0,0,0,0,0,0,0,0,0,0,0,0,0,0,0,0,0,0,0,0,0,0,0,0,0,0,0,0,0,0,0,0,0,0,0,0,0,0,0,0,0,0,0,0,0,0,0,0,0,0,0,0,0,0,0,0,0,0,0,0,0,0,0,0,0,0,0,0,0,1,0,0,0,0,0,0,0,0,0,0,0,0,0,0,0,0,0,0,0,0,0,0,0,0,0,0,0,0,0,0,0,0,0,0,0,0,61,20200126,9,1.173,-0.160
20200128,0,0,0,0,0,0,0,5,0,0,0,0,0,0,0,0,0,0,0,0,0,0,0,0,0,0,0,0,0,0,0,0,0,0,0,0,0,0,0,0,0,0,0,0,0,0,0,0,0,0,0,0,0,0,0,0,0,0,0,0,0,0,101,0,0,0,0,0,0,0,0,0,0,0,0,0,0,0,0,0,0,0,0,0,0,0,0,0,0,0,0,0,0,0,0,0,0,0,0,0,0,0,0,0,0,0,0,0,0,0,0,0,0,0,0,0,0,0,0,0,0,0,0,0,0,0,0,0,0,0,0,0,0,0,0,0,0,0,0,0,0,0,0,0,0,0,0,0,0,0,0,1,0,0,0,0,0,0,0,0,0,0,0,0,0,0,0,0,0,0,0,0,0,0,0,0,0,0,0,0,0,0,0,0,0,0,0,0,107,20200127,46,1.754,0.581
20200129,0,0,0,0,0,0,0,5,0,0,0,0,0,0,0,0,0,0,0,0,0,0,0,0,0,0,0,0,0,0,0,0,0,0,0,0,0,0,0,0,0,0,0,0,0,0,0,0,0,0,0,0,0,0,0,0,0,0,0,0,0,0,120,0,0,0,0,0,0,0,0,0,0,0,0,0,0,0,0,0,0,0,0,0,0,0,0,0,0,0,0,0,0,0,0,0,0,0,0,0,0,0,0,0,0,0,0,0,0,0,0,0,0,0,0,0,0,0,0,0,0,0,0,0,0,0,0,0,0,0,0,0,0,0,0,0,0,0,0,0,0,0,0,0,0,0,0,0,0,0,0,1,0,0,0,0,0,0,0,0,0,0,0,0,0,0,0,0,0,0,0,0,0,0,0,0,0,0,0,0,0,0,0,0,0,0,0,0,126,20200128,19,1.178,-0.577
20200130,0,0,0,0,0,0,0,5,0,0,0,0,0,0,0,0,0,0,0,0,0,0,0,2,0,0,0,0,0,0,0,0,0,0,0,0,0,0,0,0,0,0,0,0,0,0,0,0,0,0,0,0,0,0,0,0,0,0,0,0,0,0,135,0,0,0,0,0,0,0,0,0,0,0,0,0,0,0,0,0,0,0,0,0,0,0,0,0,0,0,0,0,0,0,0,0,0,0,0,0,0,0,0,0,0,0,0,0,0,0,0,0,0,0,0,0,0,0,0,0,0,0,0,0,0,0,0,0,0,0,0,0,0,0,0,0,0,0,0,0,0,0,0,0,0,0,0,0,0,0,0,1,0,0,0,0,0,0,0,0,0,0,0,0,0,0,0,0,0,0,0,0,0,0,0,0,0,0,0,0,0,0,0,0,0,0,0,0,143,20200129,17,1.135,-0.043
20200131,0,0,0,0,0,0,0,5,0,0,0,0,0,0,0,0,0,0,0,0,0,0,0,2,0,0,0,0,0,0,0,0,0,0,0,0,0,0,0,0,0,0,0,0,0,0,0,0,0,0,0,0,0,0,0,0,0,0,0,0,0,0,214,0,0,0,0,0,0,0,0,0,0,0,0,0,0,0,0,0,0,0,0,0,0,0,0,0,0,0,0,0,0,0,0,0,0,0,0,0,0,0,0,0,0,0,0,0,0,0,0,0,0,0,0,0,0,0,0,0,0,0,0,0,0,0,0,0,0,0,0,0,0,0,0,0,0,0,0,0,0,0,0,0,0,0,0,0,0,0,0,1,0,0,0,0,0,0,0,0,0,0,0,0,0,0,0,0,0,0,0,0,0,0,0,0,0,0,0,0,0,0,0,0,0,0,0,0,222,20200130,79,1.552,0.418
20200201,0,0,0,0,0,0,0,5,0,0,0,0,0,0,0,0,0,0,0,0,0,0,0,2,0,0,0,0,0,0,0,0,0,0,0,0,0,0,0,0,0,0,0,0,0,0,0,0,0,0,0,0,0,0,0,0,0,0,0,0,0,0,275,1,0,0,0,0,0,0,0,0,0,0,0,0,0,0,0,0,0,0,0,0,0,0,0,0,0,0,0,0,0,0,0,0,0,0,0,0,0,0,0,0,0,0,0,0,0,0,0,0,0,0,0,0,0,0,0,0,0,0,0,0,0,0,0,0,0,0,0,0,0,0,0,0,0,0,0,0,0,0,0,0,0,0,0,0,0,0,0,1,0,0,0,0,0,0,0,0,0,0,0,0,0,0,0,0,0,0,0,0,0,0,0,0,0,0,0,0,0,0,0,0,0,0,0,0,284,20200131,62,1.279,-0.273
20200202,0,0,0,0,0,0,0,5,0,0,0,0,0,0,0,0,0,0,0,0,0,0,0,2,0,0,0,0,0,0,0,0,0,0,0,0,0,0,0,0,0,0,0,0,0,0,0,0,0,0,0,0,0,0,0,0,0,0,0,0,0,0,463,1,0,0,0,0,0,0,0,0,0,0,0,0,0,0,0,0,0,0,0,0,0,0,0,0,0,0,0,0,0,0,0,0,0,0,0,0,0,0,0,0,0,0,0,0,0,0,0,0,0,0,0,0,0,0,0,0,0,0,0,0,0,0,0,0,0,0,0,0,0,0,0,0,0,0,0,0,0,0,0,0,0,0,0,0,0,0,0,1,0,0,0,0,0,0,0,0,0,0,0,0,0,0,0,0,0,0,0,0,0,0,0,0,0,0,0,0,0,0,0,0,0,0,0,0,472,20200201,188,1.662,0.383
20200203,0,0,0,0,0,0,0,5,0,0,0,0,0,0,0,0,0,0,0,0,0,0,0,2,0,0,0,0,0,0,0,0,0,0,0,0,0,0,0,0,0,0,0,0,0,0,0,0,0,0,0,0,0,0,0,0,0,0,0,0,0,0,614,1,0,0,0,0,0,0,0,0,0,0,0,0,0,0,0,0,0,0,0,0,0,0,0,0,0,0,0,0,0,0,0,0,0,0,0,0,0,0,0,0,0,0,0,0,0,0,0,0,0,0,0,0,0,0,0,0,0,0,0,0,0,0,0,0,0,0,0,0,0,0,0,0,0,0,0,0,0,0,0,0,0,0,0,0,0,0,0,1,0,0,0,0,0,0,0,0,0,0,0,0,0,0,0,0,0,0,0,0,0,0,0,0,0,0,0,0,0,0,0,0,0,0,0,0,623,20200202,151,1.320,-0.342
20200204,0,0,0,0,0,0,0,5,0,0,0,0,0,0,0,0,0,0,0,0,0,0,0,2,0,0,0,0,0,0,0,0,0,0,0,0,0,0,0,0,0,0,0,0,0,0,0,0,0,0,0,0,0,0,0,0,0,0,0,0,0,0,843,1,0,0,0,0,0,0,0,0,0,0,0,0,0,0,0,0,0,0,0,0,0,0,0,0,0,0,0,0,0,0,0,0,0,0,0,0,0,0,0,0,0,0,0,0,0,0,0,0,0,0,0,0,0,0,0,0,0,0,0,0,0,0,0,0,0,0,0,0,0,0,0,0,0,0,0,0,0,0,0,0,0,0,0,0,0,0,0,1,0,0,0,0,0,0,0,0,0,0,0,0,0,0,0,0,0,0,0,0,0,0,0,0,0,0,0,0,0,0,0,0,0,0,0,0,852,20200203,229,1.368,0.048
20200205,0,0,0,0,0,0,0,5,0,0,0,0,0,0,0,0,0,0,0,0,0,0,0,2,0,0,0,0,0,0,0,0,0,0,0,0,0,0,0,0,0,0,0,0,0,0,0,0,0,0,0,0,0,0,0,0,0,0,0,0,0,0,1115,1,0,0,0,0,0,0,0,0,0,0,0,0,0,0,0,0,0,0,0,0,0,0,0,0,0,0,0,0,0,0,0,0,0,0,0,0,0,0,0,0,0,0,0,0,0,0,0,0,0,0,0,0,0,0,0,0,0,0,0,0,0,0,0,0,0,0,0,0,0,0,0,0,0,0,0,0,0,0,0,0,0,0,0,0,0,0,0,1,0,0,0,0,0,0,0,0,0,0,0,0,0,0,0,0,0,0,0,0,0,0,0,0,0,0,0,0,0,0,0,0,0,0,0,0,1124,20200204,272,1.319,-0.048
20200206,0,0,0,0,0,0,0,5,0,0,0,0,1,0,0,0,0,0,0,0,0,0,0,2,0,0,0,0,0,0,0,0,0,0,0,0,0,0,0,0,0,0,0,0,0,0,0,0,0,0,0,0,0,0,0,0,0,0,0,0,0,0,1477,1,0,0,0,0,0,0,0,0,0,0,0,0,0,0,0,0,0,0,0,0,0,0,0,0,0,0,0,0,0,0,0,0,0,0,0,0,0,0,0,0,0,0,0,0,0,0,0,0,0,0,0,0,0,0,0,0,0,0,0,0,0,0,0,0,0,0,0,0,0,0,0,0,0,0,0,0,0,0,0,0,0,0,0,0,0,0,0,1,0,0,0,0,0,0,0,0,0,0,0,0,0,0,0,0,0,0,0,0,0,0,0,0,0,0,0,0,0,0,0,0,0,0,0,0,1487,20200205,363,1.323,0.004
20200207,1,0,0,0,0,0,0,5,0,0,0,0,1,0,0,0,0,0,0,0,0,0,0,2,0,0,0,0,0,0,0,0,0,0,0,0,0,0,0,0,0,0,0,0,0,0,0,0,0,0,0,0,0,0,0,0,0,0,0,0,0,0,1999,1,0,0,0,0,0,0,0,0,0,0,0,0,0,0,0,0,0,0,0,0,0,0,0,0,0,0,0,0,0,0,0,0,0,0,0,0,0,0,0,0,0,0,0,0,0,0,0,0,0,0,0,0,0,0,0,0,0,0,0,0,0,0,0,0,0,0,0,0,0,0,0,0,0,0,0,0,0,0,0,0,0,0,1,0,0,0,0,1,0,0,0,0,0,0,0,0,0,0,0,0,0,0,0,0,0,0,0,0,0,0,0,0,0,0,0,0,0,0,0,0,0,0,0,0,2011,20200206,524,1.352,0.029
20200208,1,0,0,0,0,0,0,10,0,0,0,0,1,0,0,0,0,0,0,0,0,0,0,2,0,0,0,0,0,0,0,0,0,0,0,0,0,0,0,0,0,0,0,0,0,0,0,0,0,0,0,0,0,0,0,0,0,0,0,0,0,0,2596,1,0,0,0,0,0,0,0,0,0,0,0,0,0,0,0,0,0,0,0,0,0,0,0,0,2,0,0,0,0,0,0,0,0,0,0,0,0,0,0,0,0,0,0,0,0,0,0,0,0,0,0,0,0,0,0,0,0,0,0,0,0,0,0,0,0,0,0,0,0,0,0,0,0,0,0,0,0,0,0,0,0,0,1,0,0,0,0,1,0,0,0,0,0,0,0,0,0,0,0,0,0,0,0,0,0,0,1,0,0,0,0,0,0,0,0,0,0,0,0,0,0,0,0,0,2616,20200207,605,1.301,-0.052
20200209,1,0,0,0,0,0,0,10,0,0,0,0,1,0,0,0,0,0,0,0,0,0,0,2,0,0,0,0,0,0,0,0,0,0,0,0,0,0,0,0,0,0,0,0,0,0,0,0,0,0,0,0,0,0,0,0,0,0,0,0,0,0,3219,1,0,0,0,0,0,0,0,0,0,0,0,0,0,0,0,0,0,0,0,0,0,0,0,0,2,0,0,0,0,0,0,0,0,0,3,0,0,0,0,0,0,0,0,0,0,0,0,0,0,0,0,0,0,0,0,0,0,0,0,0,0,0,0,0,0,0,0,0,0,0,0,0,0,0,0,0,0,0,0,0,0,0,3,0,0,0,0,1,0,0,0,0,0,0,0,0,0,0,0,0,0,0,0,0,0,0,1,0,0,0,0,0,0,0,0,0,0,0,0,0,0,0,0,0,3244,20200208,628,1.240,-0.061
20200210,1,0,0,0,0,0,0,10,0,0,0,0,1,0,0,0,0,0,0,0,0,0,0,2,0,0,0,0,0,0,0,0,0,0,0,0,0,0,0,0,0,0,0,0,0,0,0,0,0,0,0,0,0,0,0,0,0,0,0,0,0,0,3918,1,0,0,0,0,0,0,0,0,0,0,0,0,0,0,0,0,0,0,0,0,0,0,0,0,2,0,0,0,0,0,0,0,0,0,3,0,0,0,0,0,0,0,0,0,0,0,0,0,0,0,0,0,0,0,0,0,0,0,0,0,0,0,0,0,0,0,0,0,0,0,0,0,0,0,0,0,0,0,0,0,0,0,3,0,0,0,0,4,0,0,0,0,0,0,0,0,0,0,0,0,0,0,0,0,0,0,1,0,0,0,0,0,0,0,0,0,0,0,0,0,0,0,0,0,3946,20200209,702,1.216,-0.024
20200211,3,0,0,0,0,0,0,10,0,0,0,0,1,0,0,0,0,0,0,0,0,0,0,2,0,0,0,0,0,0,0,0,0,0,0,0,0,0,0,0,0,0,0,0,0,0,0,0,0,0,0,0,0,0,0,0,0,0,0,0,0,0,4636,6,0,0,0,0,0,0,0,0,0,0,0,0,0,0,0,0,0,0,0,0,0,0,0,0,9,0,0,0,0,0,0,0,0,0,3,0,0,0,0,0,0,0,0,0,0,0,0,0,0,0,0,0,0,0,0,0,0,0,0,0,0,0,0,0,0,0,0,0,0,0,0,0,0,0,0,0,0,0,0,0,0,0,3,0,0,0,0,9,0,0,0,0,0,0,0,0,0,0,0,0,0,0,0,0,0,0,1,0,0,0,0,0,0,0,0,0,0,0,0,0,0,0,0,0,4683,20200210,737,1.187,-0.030
20200212,3,0,0,0,0,0,0,10,0,0,1,0,1,0,0,0,0,0,0,0,0,0,0,2,0,0,0,0,0,0,0,0,0,0,2,0,0,0,0,0,0,0,0,0,0,0,0,0,0,0,0,0,0,0,0,0,0,0,0,0,0,1,5082,6,0,0,0,0,0,0,0,0,0,0,0,0,0,0,1,0,0,0,0,0,0,0,0,0,15,0,0,0,0,0,0,0,0,0,3,0,0,0,0,0,0,0,0,0,0,0,0,0,0,0,0,0,0,0,0,0,0,0,0,0,0,0,0,0,0,0,0,0,0,0,0,1,0,0,1,0,0,0,0,0,0,0,7,1,0,0,0,9,0,0,1,0,0,0,0,0,0,0,0,0,0,0,0,0,0,0,1,0,0,0,0,0,0,0,2,0,0,0,0,0,0,0,0,0,5150,20200211,467,1.100,-0.087
20200213,3,0,0,0,0,0,0,12,0,0,1,0,1,0,0,0,0,0,0,0,0,0,0,8,0,0,0,0,0,0,0,0,0,0,2,0,0,0,0,0,0,0,0,0,0,0,0,0,0,0,0,0,0,0,0,0,0,0,0,0,0,1,6217,7,0,0,0,0,0,0,0,0,0,0,0,0,0,0,1,0,0,0,0,0,0,0,0,0,15,0,0,0,0,0,0,0,0,0,3,0,0,0,0,0,0,0,0,0,0,0,0,0,0,0,0,0,0,0,0,0,0,0,0,0,0,0,0,0,0,0,0,0,0,0,0,1,0,0,1,0,0,0,0,0,0,0,7,1,0,0,0,9,0,0,1,0,0,0,0,0,0,0,0,0,1,0,0,0,0,0,1,0,0,0,0,0,0,0,2,0,0,0,0,0,0,0,0,0,6295,20200212,1145,1.222,0.123
20200214,3,0,0,0,0,0,0,12,0,0,1,0,2,0,0,0,0,0,0,0,0,0,0,8,0,0,0,0,0,0,0,0,0,0,2,0,0,0,0,0,0,0,0,0,0,0,0,0,0,0,0,0,0,0,0,0,0,0,0,0,0,1,7977,7,0,0,0,0,0,0,0,0,0,0,0,0,0,0,1,0,0,0,0,0,0,0,0,0,17,0,0,0,0,0,0,0,0,0,3,0,0,0,0,0,0,0,0,0,0,0,0,0,0,0,0,0,0,0,0,0,0,0,0,0,0,0,0,0,0,0,0,0,0,0,0,1,0,0,1,0,0,0,0,0,0,0,7,1,0,0,0,9,0,0,1,0,0,0,0,0,0,0,0,0,1,0,0,0,0,0,1,0,0,0,0,0,0,0,2,0,0,0,0,0,0,0,0,0,8058,20200213,1763,1.280,0.058
20200215,7,0,0,0,0,0,0,12,0,0,1,0,2,0,0,0,0,0,0,0,0,0,0,8,0,0,0,0,0,0,0,0,0,0,4,0,0,0,0,0,0,0,0,0,0,0,0,0,0,0,0,0,0,0,0,0,0,0,0,0,0,3,9298,7,0,0,0,0,0,0,0,0,0,0,0,0,0,0,1,0,0,0,0,0,0,0,0,0,18,0,0,0,0,0,0,0,0,0,3,0,0,0,0,0,0,0,0,0,0,0,0,0,0,0,0,0,0,0,0,0,0,0,0,0,0,0,0,0,0,0,0,0,0,0,0,1,0,0,1,0,0,0,0,0,0,0,9,1,0,0,0,12,0,0,1,0,0,0,0,0,0,0,0,0,1,0,0,0,0,0,1,0,0,0,0,0,0,0,2,0,0,0,0,2,0,0,0,0,9395,20200214,1337,1.166,-0.114
20200216,7,0,0,0,0,0,0,14,0,0,1,0,2,0,0,0,0,0,0,0,0,0,0,8,0,0,0,0,0,0,0,0,0,0,4,0,0,0,0,0,0,0,0,0,0,0,0,0,0,0,0,0,0,0,0,0,0,0,0,0,0,4,10755,7,0,0,0,0,0,0,0,0,0,0,0,0,0,0,1,0,0,0,0,0,0,0,0,0,18,0,0,0,0,0,0,0,0,0,3,0,0,0,0,0,3,0,0,0,0,0,0,0,0,0,0,0,0,0,0,0,0,0,0,0,0,0,0,0,0,0,0,0,0,0,0,1,0,0,1,0,0,0,0,0,0,0,9,1,0,0,0,12,0,0,8,0,0,0,0,0,0,0,0,0,1,0,0,0,0,0,1,0,0,0,0,0,0,0,2,0,0,0,0,2,0,0,0,0,10865,20200215,1470,1.156,-0.009
20200217,7,0,0,0,0,0,0,15,0,0,1,0,2,0,0,0,0,0,0,0,0,0,0,10,0,0,0,0,0,0,0,0,0,0,4,0,0,0,0,0,0,0,0,0,0,0,0,0,0,0,0,0,0,0,0,0,0,0,0,0,0,4,12462,7,0,0,0,0,0,0,0,0,0,0,0,0,0,0,1,0,0,0,0,0,0,0,0,0,24,0,0,0,0,0,0,0,0,0,3,0,0,0,0,0,3,0,0,0,0,0,0,0,0,0,0,0,0,0,0,0,0,0,0,0,0,0,0,0,0,0,0,0,0,0,0,1,0,0,1,0,0,0,0,0,0,0,10,1,0,0,0,12,0,0,8,0,0,0,0,0,0,0,0,0,1,0,0,0,0,0,1,0,0,0,0,0,0,0,2,0,0,0,1,2,0,0,0,0,12583,20200216,1718,1.158,0.002
20200218,13,0,0,0,0,0,0,15,0,0,1,0,2,0,0,0,0,0,0,0,0,0,0,10,0,0,0,0,0,0,0,0,0,0,4,0,0,0,0,0,0,0,0,0,0,0,0,0,0,0,0,0,0,0,0,0,0,0,0,0,0,4,14206,7,0,0,0,0,0,0,0,0,0,0,0,0,0,0,1,0,0,0,0,0,0,0,0,0,29,0,0,0,0,0,0,0,0,0,3,0,0,0,0,0,3,0,0,0,0,0,0,0,0,0,0,0,0,0,0,0,0,0,0,0,0,0,0,0,0,0,0,0,0,0,0,1,0,0,1,0,0,0,0,0,0,0,12,1,0,0,0,13,0,0,8,0,0,0,0,0,0,0,0,0,12,0,0,0,0,0,1,0,0,0,0,0,0,0,2,0,0,0,1,2,0,0,0,0,14352,20200217,1769,1.141,-0.018
20200219,15,0,0,0,0,0,0,15,0,0,1,0,2,0,0,0,0,0,1,0,0,0,0,10,0,0,0,0,0,0,0,0,0,0,4,0,0,0,0,0,0,0,0,0,0,0,0,0,0,0,0,0,0,0,0,0,0,0,0,0,0,4,15962,7,0,0,0,0,0,0,0,0,0,0,0,0,0,0,1,0,0,0,0,0,0,0,0,0,34,0,0,0,0,0,0,0,0,0,3,0,0,0,0,0,3,0,0,0,0,0,0,0,0,0,0,0,0,0,0,0,0,0,0,0,0,0,0,0,0,0,0,0,0,0,0,1,0,0,1,0,0,0,0,0,0,0,12,1,0,0,0,18,0,0,8,0,0,0,0,0,0,0,0,0,12,0,0,0,0,0,1,0,0,0,0,0,0,0,2,0,0,0,1,2,0,0,0,0,16121,20200218,1769,1.123,-0.017
20200220,15,0,0,0,0,0,0,15,0,0,1,0,2,0,0,0,0,0,1,0,0,0,0,10,0,0,0,0,0,0,0,0,0,0,4,0,0,0,0,0,0,0,0,0,0,0,0,0,0,0,0,0,0,0,0,0,0,0,0,0,0,4,18014,7,0,0,0,0,0,0,0,0,0,0,0,0,0,0,1,0,0,0,0,0,0,0,0,0,34,0,0,0,0,0,0,0,0,0,3,0,0,0,0,0,3,0,0,0,0,0,0,0,0,0,0,0,0,0,0,0,0,0,0,0,0,0,0,0,0,0,0,0,0,0,0,1,0,0,1,0,0,0,0,0,0,0,16,1,0,0,0,18,0,0,8,0,0,0,0,0,0,0,0,0,12,0,0,0,0,0,1,0,0,0,0,0,0,0,2,0,0,0,1,2,0,0,0,0,18177,20200219,2056,1.128,0.004
20200221,15,0,0,0,0,0,0,17,0,0,1,0,2,0,0,0,0,0,1,0,0,0,0,11,0,0,0,0,0,0,0,0,0,0,4,0,0,0,0,0,0,0,0,0,0,0,0,0,0,0,0,0,0,0,0,0,0,0,0,0,0,4,18704,14,0,0,0,0,0,0,0,0,0,0,0,0,0,0,1,0,0,0,0,0,0,0,0,0,37,0,0,0,0,0,0,0,0,0,5,0,0,0,0,0,3,0,0,0,0,0,0,0,0,0,0,0,0,0,0,0,0,0,0,0,0,0,0,0,0,0,0,0,0,0,0,1,0,0,1,0,0,0,0,0,0,0,16,3,0,0,0,22,0,0,8,0,0,0,0,0,0,0,0,0,14,0,0,0,0,0,1,0,0,0,0,0,0,0,2,0,0,0,1,2,0,0,0,0,18890,20200220,713,1.039,-0.088
20200222,15,0,0,0,0,0,0,17,0,0,1,0,2,0,0,0,0,0,1,0,0,0,0,11,0,0,0,0,0,0,0,0,0,0,4,0,0,0,0,0,0,0,0,0,0,0,0,0,0,0,0,0,0,0,0,0,0,0,0,0,0,4,22699,14,0,0,0,0,0,0,0,0,0,0,0,0,0,0,1,0,0,0,0,0,0,0,0,0,37,0,0,0,0,0,0,0,0,0,5,0,0,0,0,0,3,0,0,0,0,0,0,0,0,0,0,0,0,0,0,0,0,0,0,0,0,0,0,0,0,0,0,0,0,0,0,1,0,0,1,0,0,0,0,0,0,0,16,3,0,0,0,22,0,0,8,0,0,0,0,0,0,0,0,0,14,0,0,0,0,0,1,0,1,0,0,0,0,0,2,0,0,0,1,2,0,0,0,0,22886,20200221,3996,1.212,0.172
20200223,15,0,0,0,0,0,0,21,0,0,1,0,2,0,0,0,0,0,0,0,0,0,0,11,0,0,0,0,0,0,0,0,0,0,4,0,0,0,0,0,0,0,0,0,0,0,0,0,0,0,0,0,0,0,0,0,0,0,0,0,0,4,23187,14,0,0,0,0,0,0,0,0,0,0,0,0,0,0,1,0,0,0,0,0,0,0,0,0,51,0,0,0,0,0,0,0,0,0,5,0,0,0,0,0,3,0,0,0,0,0,0,0,0,0,0,0,0,0,0,0,0,0,0,0,0,0,0,0,0,0,0,0,0,0,0,1,0,0,1,0,0,0,0,0,0,0,18,3,0,0,0,22,0,0,8,0,0,0,0,0,0,0,0,0,14,0,0,0,0,0,1,0,2,0,0,0,0,0,2,0,0,0,1,2,0,0,0,0,23394,20200222,508,1.022,-0.189
20200224,18,0,0,0,0,0,0,21,0,0,1,0,5,0,0,0,0,0,0,0,0,0,0,11,0,0,0,0,0,0,0,0,0,0,4,0,0,0,0,0,0,0,0,0,0,0,0,0,0,0,0,0,0,0,0,0,0,0,0,0,0,4,25015,14,0,0,0,0,0,0,0,0,0,0,0,0,0,0,1,0,0,0,0,0,0,0,0,0,51,0,0,0,0,0,0,0,0,0,5,0,0,0,0,0,3,0,0,0,0,0,0,0,0,0,0,0,0,0,0,0,0,0,0,0,0,0,0,0,0,0,0,0,0,0,0,1,0,0,1,0,0,0,0,0,0,0,18,3,0,0,0,22,0,0,8,0,0,0,0,0,0,0,0,0,14,0,0,0,0,0,1,0,1,0,0,0,0,0,2,0,0,0,1,2,0,0,0,0,25227,20200223,1833,1.078,0.056
20200225,18,0,0,0,0,0,0,22,0,0,1,0,5,0,0,0,0,0,0,0,0,0,0,11,0,0,0,0,0,0,0,0,0,0,11,0,0,0,0,0,0,0,0,0,0,0,0,0,0,0,0,0,0,0,0,0,0,0,0,0,0,4,27676,16,0,0,0,0,0,0,0,0,0,0,0,0,0,0,1,0,0,0,0,0,0,0,0,0,53,0,0,0,0,0,0,0,0,0,6,0,0,0,0,0,3,0,0,0,0,0,0,0,0,0,0,0,0,0,0,0,0,0,0,0,0,0,0,0,0,0,0,0,0,0,0,1,0,0,1,0,0,0,0,0,0,0,22,3,0,0,0,22,0,0,8,0,0,0,0,0,0,0,0,0,14,0,0,0,0,0,1,0,1,0,0,0,0,0,2,0,0,0,1,2,0,0,0,0,27905,20200224,2678,1.106,0.028
20200226,18,0,0,0,0,0,0,22,0,0,1,0,5,0,0,49,0,0,10,0,0,0,0,11,0,0,0,0,0,0,0,0,0,0,11,0,0,0,0,0,0,0,0,0,0,0,0,0,0,0,0,0,0,0,0,0,0,0,0,0,0,4,30084,16,0,0,0,0,0,0,0,0,0,0,0,0,0,0,1,0,0,0,0,0,0,0,0,0,62,0,0,0,0,0,0,0,0,0,6,0,0,0,0,0,3,0,0,0,0,0,0,0,0,0,0,0,0,0,0,0,0,0,0,0,0,0,0,0,0,0,0,0,0,0,0,1,0,0,1,0,0,0,0,0,0,0,22,3,0,0,0,22,0,0,8,0,0,0,0,0,0,0,0,0,15,0,0,0,0,0,1,0,3,0,0,0,0,0,2,0,0,0,1,2,0,0,0,0,30384,20200225,2479,1.089,-0.017
20200227,18,0,0,0,0,0,0,22,0,0,1,0,5,0,0,49,0,0,10,0,0,0,0,11,0,0,0,0,0,0,0,0,0,0,11,0,0,0,0,0,0,0,0,0,0,0,0,0,0,0,0,0,0,0,0,0,0,0,0,0,0,4,32930,16,0,0,0,0,0,0,0,0,0,0,0,0,0,0,1,0,0,0,0,0,0,0,0,0,62,0,0,0,0,0,0,0,0,0,6,0,0,0,0,0,3,0,0,0,0,0,0,0,0,0,0,0,0,0,0,0,0,0,0,0,0,0,0,0,0,0,0,0,0,0,0,1,0,0,1,0,0,0,0,0,0,0,22,6,0,0,0,22,0,0,8,0,0,0,0,0,1,0,0,0,16,0,0,0,0,0,1,0,45,0,0,0,0,0,2,0,0,0,1,2,0,0,0,0,33277,20200226,2893,1.095,0.006
20200228,18,0,0,0,0,0,0,28,0,0,1,0,6,0,0,73,0,0,10,0,0,0,0,11,0,0,0,0,0,0,0,0,0,0,11,0,0,0,0,0,0,0,0,0,0,0,0,0,0,0,0,0,0,0,0,0,0,0,0,0,0,5,36329,16,0,0,0,0,0,1,0,0,0,0,0,0,0,0,1,0,0,0,0,0,0,0,0,0,62,0,0,0,0,0,0,0,0,0,7,0,0,0,0,0,3,0,0,0,0,0,0,0,0,0,0,0,0,0,0,0,0,0,0,0,0,0,0,0,0,0,0,0,0,0,0,1,0,0,1,0,0,0,0,0,0,0,22,6,0,0,0,22,0,0,8,0,0,0,0,0,1,0,0,0,16,0,0,0,0,0,1,0,46,0,0,0,0,0,2,0,0,0,1,2,0,0,0,0,36711,20200227,3434,1.103,0.008
20200229,18,0,0,0,0,0,0,28,0,0,1,0,9,0,0,123,0,0,10,0,0,0,0,11,0,0,0,0,0,0,0,0,0,0,12,0,0,0,0,0,0,0,0,0,0,0,0,0,1,0,0,0,0,0,0,0,0,0,0,0,0,5,39320,16,0,0,0,0,0,1,0,0,0,0,0,0,0,0,1,0,0,0,0,0,0,0,0,0,72,0,0,0,0,0,0,0,0,0,7,0,0,0,0,0,3,0,0,0,0,0,0,0,0,0,0,0,0,0,0,0,0,0,0,0,0,0,0,0,0,0,0,0,0,0,0,1,0,0,1,0,0,0,0,0,0,0,27,6,0,0,0,32,0,0,8,0,0,0,0,0,1,0,0,0,16,0,0,0,0,0,1,0,46,0,0,0,0,0,2,0,0,0,1,2,0,0,0,0,39782,20200228,3071,1.084,-0.020
20200301,18,0,0,0,0,0,0,28,0,0,1,0,9,0,0,175,0,0,10,0,0,0,0,11,0,0,0,0,0,0,0,0,0,0,12,0,0,0,0,0,0,0,0,0,0,0,0,0,1,0,0,0,0,0,0,0,0,0,0,0,0,5,42162,16,0,0,0,0,0,1,0,0,0,0,0,0,0,0,1,0,0,0,0,0,0,0,0,0,72,0,0,0,0,0,0,0,0,0,7,0,0,0,0,0,3,0,0,0,0,0,0,0,0,0,0,0,0,0,0,0,0,0,0,0,0,0,0,0,0,0,0,0,0,0,0,1,0,0,1,0,0,0,0,0,0,0,30,6,0,0,0,32,0,0,8,0,0,0,0,0,1,0,0,0,16,0,0,0,0,0,1,0,83,0,0,0,0,0,2,0,0,0,1,2,0,0,0,0,42716,20200229,2934,1.074,-0.010
20200302,18,0,0,0,0,0,0,31,0,0,1,0,12,0,0,291,0,0,10,0,0,0,0,11,0,0,0,0,0,0,0,0,0,0,12,0,0,0,0,0,0,0,0,0,0,0,0,0,1,0,0,0,0,0,0,0,0,0,0,0,0,5,44854,16,0,0,0,0,0,1,0,0,0,0,0,0,0,0,1,0,0,0,0,0,0,0,0,0,78,0,0,0,0,0,0,0,0,0,7,0,0,0,0,0,3,0,0,0,0,0,0,0,0,0,0,0,0,0,0,0,0,0,0,0,0,0,0,0,0,0,0,0,0,0,0,1,0,0,1,0,0,0,0,0,0,0,30,6,0,0,0,32,0,0,8,0,0,0,0,0,1,0,0,0,16,0,0,0,0,0,1,0,149,0,0,0,0,0,2,0,0,0,1,2,0,0,0,0,45602,20200301,2886,1.068,-0.006
20200303,22,0,0,0,0,0,0,31,0,0,1,0,12,0,0,291,0,0,10,0,0,0,0,11,0,0,0,0,0,0,0,0,0,0,12,0,0,0,0,0,1,0,0,0,0,0,0,0,2,0,0,0,0,0,0,0,0,0,0,0,0,5,47450,16,0,0,0,0,0,1,0,0,0,0,0,0,0,0,1,0,0,0,0,2,0,0,0,0,78,0,0,0,0,0,0,0,0,0,7,0,0,0,0,0,3,0,0,0,0,0,0,0,0,0,0,0,0,0,0,0,0,0,0,0,0,0,0,0,0,0,0,0,0,0,0,1,0,0,1,0,0,0,0,0,0,0,30,6,0,0,0,43,0,0,8,0,0,0,0,0,1,0,0,0,16,0,0,0,0,0,1,0,160,0,0,0,0,0,2,0,0,0,1,2,0,0,0,0,48228,20200302,2626,1.058,-0.010
20200304,22,0,0,0,0,0,0,31,0,0,1,0,12,0,0,552,0,0,10,0,0,0,0,11,0,0,0,0,0,0,0,0,0,0,12,0,0,0,0,0,1,0,0,0,0,0,0,0,2,0,0,0,0,0,0,0,0,0,0,0,0,5,50001,16,0,0,0,0,0,1,0,0,0,0,0,0,0,0,1,0,0,0,0,3,0,0,0,0,78,0,0,0,0,0,0,0,0,0,7,0,0,0,0,0,3,0,0,0,0,0,0,0,0,0,0,0,0,0,0,0,0,0,0,0,0,0,0,0,0,0,0,0,0,0,0,1,0,0,1,0,0,0,0,0,0,0,41,6,0,1,0,43,0,0,8,0,0,0,0,0,1,0,0,0,16,0,0,0,0,0,1,0,276,0,0,0,0,0,2,0,0,0,1,2,0,0,1,0,51170,20200303,2942,1.061,0.003
20200305,22,0,0,0,0,0,0,31,0,0,1,0,12,0,0,739,0,0,10,0,0,0,0,21,0,0,0,0,0,0,0,0,0,0,12,0,0,0,0,0,1,0,0,0,0,0,0,0,2,0,0,0,0,0,0,0,0,0,0,0,0,5,52292,16,0,0,0,0,0,1,0,0,0,0,0,0,0,0,1,0,0,0,0,3,0,0,0,0,78,0,0,0,0,0,0,0,0,0,7,0,0,0,0,0,3,0,0,0,0,0,0,0,0,0,0,0,0,0,0,0,0,0,0,0,0,0,0,0,0,0,0,0,0,0,0,1,0,0,1,0,0,0,0,0,0,0,41,6,0,1,0,43,0,0,8,0,0,0,0,0,1,0,0,0,16,0,0,0,0,0,1,0,414,0,0,0,0,0,2,0,0,0,1,2,0,0,1,0,53796,20200304,2626,1.051,-0.010
20200306,22,0,0,0,0,0,0,31,0,0,1,1,12,0,0,913,0,0,40,0,0,0,0,21,0,0,0,0,0,0,0,0,0,0,12,0,0,0,0,0,1,0,0,0,0,0,0,0,2,0,0,0,0,0,0,0,0,0,0,0,0,5,53944,16,0,0,0,0,0,1,0,0,0,0,0,0,0,0,1,0,0,0,0,3,0,0,0,0,78,0,0,0,0,0,0,0,0,0,7,0,0,0,0,0,3,0,0,0,0,0,0,0,0,0,0,0,0,0,0,0,0,0,0,0,0,0,0,0,0,0,0,0,0,0,0,1,0,0,1,0,0,0,0,0,0,0,135,6,0,1,0,46,0,0,8,4,0,0,0,0,2,0,0,0,17,0,0,0,0,0,1,0,523,0,0,0,0,0,2,0,0,0,1,2,0,0,1,0,55865,20200305,2069,1.038,-0.013
20200307,23,0,0,0,0,0,0,31,0,0,1,1,12,0,0,1669,0,0,40,0,0,0,0,21,0,0,0,0,0,0,0,0,0,0,12,0,0,0,0,0,1,0,0,0,0,0,0,0,2,0,0,0,0,0,0,0,0,0,0,0,0,7,55539,16,0,0,0,0,0,1,0,0,0,0,0,0,0,0,1,0,0,0,0,3,0,0,0,0,78,0,0,0,0,0,0,0,0,0,7,0,0,0,0,0,3,0,0,0,0,0,0,0,0,0,0,0,0,0,0,0,0,0,0,0,0,0,0,0,0,0,0,0,0,0,0,1,0,0,1,0,0,0,0,0,0,0,135,8,0,3,0,76,0,0,18,4,0,0,0,0,2,0,0,0,18,0,0,0,0,0,1,0,589,0,0,0,0,0,2,0,0,0,1,30,0,0,1,0,58358,20200306,2493,1.045,0.006
20200308,24,0,0,0,0,0,0,31,0,0,1,1,13,0,0,2134,0,0,40,0,0,1,0,21,0,0,0,0,0,0,0,0,1,0,12,0,0,0,0,0,1,0,0,0,0,0,0,0,2,0,0,0,0,0,0,0,0,0,0,0,0,7,57388,16,0,0,0,0,0,1,0,1,0,0,0,0,0,0,1,0,0,0,0,3,0,0,0,0,78,0,0,0,0,0,0,0,0,0,7,0,0,0,0,0,3,0,0,0,0,0,0,0,0,0,0,0,0,0,0,0,0,0,0,0,0,0,0,0,0,0,0,0,0,0,0,1,0,0,1,0,0,0,0,0,0,0,118,8,0,3,0,76,0,0,18,4,0,0,0,0,2,0,0,0,18,0,0,0,0,0,1,0,622,0,0,0,0,0,3,0,0,0,1,30,0,0,1,0,60694,20200307,2336,1.040,-0.005
20200309,24,0,0,0,1,0,0,31,0,0,1,1,15,0,0,2394,0,0,40,0,0,1,3,21,0,0,0,0,0,0,0,0,1,0,12,0,0,0,0,0,1,0,0,0,0,0,0,0,2,0,0,0,0,0,0,0,0,0,0,0,0,7,58804,16,0,0,0,0,0,1,0,1,0,0,0,0,0,0,1,0,0,0,0,3,0,0,1,0,78,0,0,0,0,0,0,0,0,0,7,0,0,0,0,0,3,0,0,0,0,0,0,0,0,0,0,0,0,0,0,0,0,0,0,0,0,0,0,0,0,0,0,0,1,0,0,1,0,0,1,0,0,0,0,0,0,0,118,8,0,3,0,76,0,0,18,14,2,0,0,0,2,0,0,0,18,0,0,0,0,0,1,0,724,0,0,0,0,0,3,0,0,0,1,32,0,0,1,0,62494,20200308,1800,1.030,-0.010
20200310,24,0,0,0,1,0,0,33,0,0,1,1,17,0,0,2731,0,0,40,0,0,1,3,21,0,0,0,0,0,0,0,0,1,0,12,0,0,0,0,0,4,0,0,0,0,0,0,0,9,0,0,0,0,0,0,0,0,0,0,0,0,12,60181,16,0,0,0,1,0,1,0,1,0,0,0,1,0,0,2,0,0,0,0,3,0,0,1,0,78,0,0,0,0,0,0,2,0,0,8,0,0,0,0,0,4,0,0,0,0,0,0,0,1,0,0,0,0,0,0,0,0,0,0,0,0,0,0,0,0,0,0,0,3,0,0,1,0,0,1,0,0,0,0,0,0,0,247,8,0,3,0,101,0,0,19,22,4,0,0,0,4,0,0,0,18,0,0,0,0,0,1,0,724,0,0,0,0,0,3,0,0,0,1,32,0,0,1,0,64404,20200309,1910,1.031,0.001
20200311,26,0,0,0,1,0,0,34,0,0,1,1,17,0,0,2959,0,0,325,0,0,2,15,21,0,0,0,0,0,0,0,0,2,0,12,3,0,0,0,0,4,0,0,0,0,0,0,0,9,0,0,0,0,0,0,0,0,0,0,0,0,17,61644,16,0,0,0,1,0,27,0,1,0,0,0,1,0,0,2,0,0,0,0,4,0,0,1,0,96,0,0,0,0,0,0,2,0,0,8,0,0,0,0,0,4,0,0,0,0,0,0,0,1,0,0,0,0,0,0,0,0,0,0,0,0,0,0,0,0,0,0,0,3,0,0,1,0,0,1,0,0,0,0,0,0,0,288,8,0,6,0,118,0,0,19,35,4,0,0,0,4,0,0,0,25,0,0,0,0,0,1,0,1045,0,0,0,0,0,3,0,0,0,1,183,0,0,1,0,67003,20200310,2599,1.040,0.010
20200312,26,0,0,0,1,0,0,34,0,0,1,1,20,0,0,2959,0,0,325,0,0,2,15,21,0,0,0,0,0,0,0,0,5,0,12,3,0,0,0,0,4,0,8,0,0,0,0,0,9,0,0,0,0,0,0,0,0,0,0,0,0,17,62901,16,0,0,0,1,0,27,0,1,0,0,0,1,0,0,2,0,0,0,0,4,0,0,1,0,96,0,0,0,0,0,0,2,0,0,12,0,0,0,0,0,4,0,0,0,0,0,0,0,1,0,0,0,0,0,0,0,0,0,0,0,0,0,0,0,0,0,0,0,3,0,0,1,0,0,1,0,0,0,0,0,0,0,333,8,0,6,0,118,0,0,19,35,4,0,0,0,4,0,0,0,25,0,0,0,0,0,1,0,1045,0,1,0,0,0,3,0,0,0,1,183,0,0,1,0,68324,20200311,1321,1.020,-0.021
20200313,26,0,0,0,1,0,0,35,0,0,1,1,20,0,0,2959,0,0,325,0,0,2,24,23,0,0,0,0,0,0,0,0,5,0,12,3,0,0,0,0,4,1,8,0,0,0,0,0,9,0,0,0,0,0,0,0,0,0,0,0,0,17,64196,16,0,0,0,1,0,27,0,1,1,0,0,1,0,0,2,0,0,0,0,4,0,0,1,0,97,0,0,0,0,0,0,2,0,0,12,0,0,0,0,0,4,0,0,0,0,0,0,0,1,0,0,0,0,0,0,0,0,0,0,1,0,0,1,0,1,0,0,0,3,0,0,1,0,0,1,0,0,0,0,0,0,0,510,8,0,7,0,118,0,0,19,44,6,0,1,0,4,0,0,0,46,0,0,0,0,0,1,0,1439,0,0,0,0,0,3,0,0,0,1,193,0,0,1,0,70251,20200312,1927,1.028,0.008
20200314,35,0,0,0,1,0,0,35,0,0,1,1,20,0,0,2959,0,0,325,2,0,2,26,23,0,0,0,0,0,0,0,0,5,0,12,3,0,0,0,0,4,1,12,0,0,0,0,0,9,0,0,0,0,1,0,0,0,0,0,0,0,17,65660,16,0,0,0,1,0,27,0,1,2,0,0,1,0,0,2,0,0,0,0,4,0,0,1,0,105,0,0,0,0,0,0,8,0,0,12,0,0,0,0,0,4,0,0,0,0,0,0,4,1,0,0,8,0,0,0,0,0,0,0,1,0,0,1,0,1,0,0,0,3,0,0,1,0,0,1,0,0,0,0,0,0,0,510,8,0,9,0,118,0,0,19,44,6,0,1,0,4,0,0,1,46,0,0,0,0,0,1,4,1966,0,1,0,0,0,8,0,0,0,1,517,0,0,1,0,72624,20200313,2373,1.034,0.006
20200315,42,0,0,0,1,1,0,35,0,0,10,1,20,0,0,4590,0,0,325,2,0,2,26,23,0,0,0,0,0,0,0,0,5,0,12,6,0,0,0,0,4,1,12,0,0,0,0,0,9,0,0,0,0,1,0,0,0,0,0,0,0,23,67017,16,0,0,0,1,0,21,0,1,2,0,0,1,0,0,2,0,0,0,0,4,0,0,1,0,105,0,0,0,0,0,0,8,0,0,12,1,0,0,0,0,13,0,0,0,0,0,0,4,8,0,0,8,0,0,0,0,0,0,0,1,0,0,1,0,1,0,0,0,3,0,0,1,0,0,1,0,0,0,0,0,0,0,510,8,0,9,0,118,0,0,19,60,6,0,1,0,4,0,0,1,46,0,0,0,0,0,1,4,2335,0,1,0,0,0,8,0,0,0,1,517,0,0,1,0,76034,20200314,3410,1.047,0.013
20200316,42,0,0,0,1,1,0,35,0,0,10,1,20,0,0,4590,0,0,325,2,0,2,26,23,0,0,0,0,0,0,0,0,9,0,12,6,0,0,0,0,4,2,12,0,13,0,0,1,9,0,0,0,0,1,0,0,0,0,0,0,0,23,67910,16,0,0,0,1,0,27,0,2,3,0,0,2,0,0,2,0,0,1,0,4,0,0,1,0,109,0,0,0,0,0,0,8,1,0,17,1,0,0,0,0,13,0,0,0,0,0,0,4,0,0,0,8,0,0,0,0,0,0,0,1,0,0,1,0,2,0,0,0,3,2,0,1,0,0,1,0,0,0,0,0,0,0,1137,9,0,9,0,144,0,0,21,77,6,0,1,0,4,0,0,1,67,3,0,0,0,0,1,4,2749,0,1,0,0,2,8,0,0,0,1,530,0,0,1,1,78088,20200315,2054,1.027,-0.020
20200317,49,0,0,0,1,1,0,41,0,0,10,1,22,0,0,5389,0,0,325,2,0,2,32,23,0,0,0,0,0,0,0,0,9,0,12,6,0,0,0,2,4,2,12,0,13,0,0,1,9,0,0,0,0,2,0,0,0,0,0,0,0,23,68798,16,0,0,0,1,0,32,0,2,3,0,0,6,5,0,5,1,0,1,0,4,0,0,1,0,114,0,0,0,0,0,0,8,1,0,17,1,0,0,0,0,14,0,0,0,0,0,0,4,0,0,0,8,0,0,0,0,0,0,0,1,0,0,1,0,4,0,0,0,3,2,0,1,0,0,1,0,0,0,1,0,0,0,1407,9,0,16,0,144,1,0,53,81,1,0,1,0,11,0,0,3,67,3,1,0,0,0,1,4,2941,0,1,0,0,3,8,1,0,0,1,1028,0,0,3,2,80840,20200316,2752,1.035,0.008
20200318,60,0,0,0,1,1,0,42,0,0,10,1,22,0,0,5389,0,0,325,2,0,2,43,23,0,0,0,0,0,0,0,0,15,0,12,6,0,0,0,2,4,2,12,0,13,0,0,1,12,0,0,0,0,2,0,0,0,0,0,0,0,26,69755,16,0,0,0,1,0,32,0,2,3,0,0,6,5,0,5,1,0,1,0,15,0,0,1,0,114,0,0,0,0,0,0,11,1,0,105,1,0,0,0,0,14,0,0,0,0,0,0,4,5,0,0,8,0,0,0,0,0,0,0,1,0,0,1,0,4,0,0,0,5,2,0,1,0,0,1,0,0,0,1,0,0,1,1540,9,0,19,0,144,1,0,67,88,9,0,1,0,11,0,0,3,105,3,1,0,0,0,1,4,4025,0,1,0,0,3,8,1,0,0,31,1081,0,0,3,2,83312,20200317,2472,1.031,-0.005
20200319,75,0,0,0,1,1,0,42,0,0,10,1,26,0,0,5710,0,0,325,2,0,13,43,26,0,0,0,0,0,0,0,0,18,0,12,6,0,0,0,2,4,2,32,0,1,0,0,1,12,0,0,0,0,2,0,0,0,0,0,0,0,31,70535,16,0,0,0,1,0,32,0,2,3,0,0,6,5,0,8,1,0,1,0,15,0,0,16,0,114,0,0,0,0,0,0,11,1,0,121,1,0,0,0,0,15,0,0,0,0,0,0,4,5,0,0,8,0,0,0,0,0,0,0,1,0,0,1,0,5,0,0,0,5,2,0,1,0,0,1,0,0,0,1,0,0,1,1540,9,0,25,0,150,1,0,67,100,9,0,1,0,11,0,0,3,113,3,1,0,0,0,3,4,4440,0,1,0,0,3,9,1,0,0,31,1107,0,0,4,2,84975,20200318,1663,1.020,-0.011
20200320,87,0,0,0,1,1,0,42,0,0,10,1,26,0,0,6745,0,0,325,2,0,13,49,26,0,0,0,0,0,0,0,17,18,0,12,6,0,0,0,2,4,2,32,1,1,0,0,1,12,0,0,0,0,2,0,0,0,6,0,0,0,31,71266,16,0,0,0,1,0,39,0,2,5,0,0,8,5,0,8,1,0,1,0,15,0,0,16,0,124,0,0,0,0,0,0,15,1,0,147,1,0,0,0,0,20,0,0,0,0,0,0,10,5,0,0,19,0,0,0,0,0,0,1,1,0,0,1,0,5,0,0,0,5,2,0,1,0,0,1,0,0,0,1,0,0,1,1540,9,0,25,0,191,1,0,67,100,9,0,1,0,14,0,0,3,180,4,1,0,0,0,3,4,4440,0,1,0,0,3,9,1,0,0,1,1588,0,0,4,2,87420,20200319,2445,1.029,0.009
20200321,114,0,0,0,1,1,0,42,0,0,10,1,28,0,0,7635,0,0,325,2,0,13,51,26,0,0,0,0,0,0,0,17,27,1,12,11,0,0,2,2,4,2,32,1,1,0,0,1,12,0,0,0,0,7,0,0,0,6,0,0,0,38,71857,17,0,0,0,1,0,41,0,5,5,0,0,16,5,3,13,1,0,1,0,15,0,1,16,0,140,0,0,0,0,0,0,15,1,0,176,1,0,0,0,0,23,0,0,0,0,0,0,27,22,0,0,19,0,3,0,0,0,0,2,1,0,0,1,0,5,0,0,0,15,2,0,1,0,0,1,0,0,0,1,0,0,1,1540,10,0,52,0,232,1,5,67,125,9,0,3,0,36,0,0,3,233,6,1,0,0,0,1,4,6072,2,1,0,0,3,12,1,0,0,263,2125,0,0,4,2,91692,20200320,4272,1.049,0.020
20200322,139,0,0,0,1,2,0,44,0,0,10,1,28,0,0,7931,0,4,325,2,0,5,57,88,0,0,0,0,0,0,0,17,27,1,2206,10,0,0,2,2,4,2,65,1,1,0,0,1,17,0,0,0,0,16,0,0,0,8,0,0,0,38,72362,17,0,3,0,1,0,56,0,5,5,0,0,16,5,3,17,1,0,3,0,131,0,1,16,7,144,0,0,0,0,6,0,29,1,0,178,1,0,0,0,0,27,0,0,0,0,0,0,33,36,0,0,19,0,3,0,0,1,0,2,1,0,0,1,0,5,0,0,0,15,2,0,1,0,0,1,0,0,0,2,0,0,2,2909,10,0,64,0,235,3,5,67,149,9,0,3,15,37,0,0,3,266,6,1,1,0,0,3,4,7024,2,1,0,0,3,16,1,0,0,263,2575,0,0,8,2,97899,20200321,6207,1.068,0.019
20200323,139,0,0,0,1,2,0,44,0,0,10,1,28,0,0,7931,0,4,325,2,0,5,57,88,0,0,0,0,0,0,0,17,27,1,2206,10,0,0,2,2,4,2,65,1,1,0,0,1,17,0,0,0,0,16,0,0,0,8,0,0,0,38,72814,17,0,3,0,1,0,56,0,5,5,0,0,16,5,3,17,1,0,3,0,131,0,1,16,7,144,0,0,0,0,6,0,29,1,0,178,1,0,0,0,0,27,0,0,0,0,0,0,33,36,0,0,19,0,3,0,0,1,0,2,1,0,0,1,0,5,0,0,0,15,2,0,1,0,0,1,0,0,0,2,0,0,2,2909,10,0,64,0,235,3,5,67,149,9,0,3,15,37,0,0,3,266,6,1,1,0,0,3,4,7024,2,1,0,0,3,16,1,0,0,263,2575,0,0,8,2,98351,20200322,452,1.005,-0.063
20200324,183,0,0,0,6,7,0,52,0,0,10,36,29,5,0,8913,3,0,325,3,0,18,75,115,0,0,0,0,0,0,0,17,39,1,3250,10,0,12,10,2,4,2,24,1,1,0,0,15,17,0,0,0,0,21,0,4,0,17,0,2,0,45,73280,17,0,3,0,1,0,80,0,8,22,0,0,28,5,3,20,1,0,9,1,131,0,0,16,7,156,0,0,0,0,6,0,30,1,0,348,1,0,0,0,0,40,0,0,0,0,0,0,41,51,0,0,29,0,3,0,0,1,0,2,1,0,0,1,0,5,0,0,0,22,2,0,4,0,1,1,0,0,0,14,0,0,2,3507,110,0,79,0,285,6,7,140,177,9,0,6,15,53,0,0,52,3243,10,2,1,1,0,2,4,8326,2,1,0,0,5,22,2,0,0,461,3794,0,0,8,2,108000,20200323,9649,1.098,0.093
20200325,199,0,0,0,6,8,0,70,0,0,10,41,29,8,0,9625,3,0,587,4,0,21,103,119,0,0,0,0,0,0,0,17,43,1,3907,10,0,22,17,2,4,2,65,1,7,0,0,15,17,0,0,0,0,21,0,12,0,22,0,2,0,52,73773,17,0,3,0,1,0,95,2,9,22,0,0,29,5,3,26,1,0,10,1,131,0,0,16,7,160,0,0,0,0,6,0,31,2,0,361,1,0,0,0,0,43,0,0,1,0,0,10,41,56,0,0,36,0,4,0,4,2,0,2,1,0,0,1,0,22,0,0,0,29,2,0,10,0,1,1,0,0,0,16,0,0,2,3730,183,0,86,0,310,8,10,140,177,9,0,7,15,58,0,0,52,3547,10,3,1,1,0,3,4,9362,2,1,0,0,7,29,2,0,26,547,5367,0,0,20,2,113787,20200324,5787,1.054,-0.045
20200326,215,0,0,0,6,8,0,88,0,0,10,50,29,8,1,10457,3,0,597,6,0,21,105,172,0,0,0,0,0,0,0,17,49,1,4955,15,0,27,17,2,4,2,29,1,7,0,0,0,23,0,0,0,0,28,0,12,0,22,0,2,0,52,74181,20,0,4,0,1,2,102,2,9,43,0,0,33,5,3,28,14,0,11,1,131,0,0,16,2,172,0,0,0,0,6,0,35,2,0,681,1,0,0,0,0,45,0,0,1,0,0,10,43,82,0,0,36,0,8,0,4,2,0,5,3,0,0,1,0,22,0,0,0,29,2,0,10,0,2,1,0,0,0,18,0,0,2,4144,184,0,94,0,359,8,10,150,204,112,0,8,15,68,0,0,63,5673,10,3,1,1,0,7,4,10361,2,1,0,0,11,38,2,0,26,675,7015,0,0,23,6,122150,20200325,8363,1.073,0.020
20200327,259,0,0,0,6,11,0,97,0,0,10,57,29,9,2,11133,3,0,597,6,0,23,122,194,0,0,0,0,0,0,0,17,57,5,5707,15,0,37,31,5,4,2,29,1,7,0,0,0,23,0,2,0,0,34,0,31,0,43,0,2,0,52,74720,20,1,15,0,1,3,116,2,11,43,0,0,35,5,3,31,16,0,14,1,1530,0,1,16,2,183,0,0,1,0,40,0,46,2,0,869,1,0,0,0,0,73,0,0,1,5,0,10,43,97,0,0,52,0,9,0,4,2,0,11,3,0,1,18,0,37,0,0,0,32,2,0,11,0,2,1,0,0,0,28,1,0,3,4528,256,0,115,0,372,10,12,151,227,225,0,11,31,79,0,0,72,6658,11,3,1,4,0,7,4,10950,3,1,0,0,11,45,2,0,42,858,9357,0,0,27,6,130915,20200326,8765,1.072,-0.002
20200328,320,0,0,0,7,20,0,97,0,0,10,57,30,9,2,11679,3,1,597,6,0,29,131,244,0,0,0,0,0,0,0,18,64,5,5724,15,0,50,31,5,4,2,31,1,7,0,0,0,23,0,2,0,0,34,0,31,0,61,0,2,0,52,75100,21,1,15,0,1,16,121,2,18,43,0,0,37,5,3,35,16,0,14,1,1530,0,1,16,2,198,0,0,1,0,40,0,59,2,0,1072,1,3,0,0,0,84,0,0,1,5,0,10,45,114,0,0,52,0,11,0,10,2,0,25,3,0,1,18,0,45,0,0,1,32,2,0,13,0,2,1,0,0,0,30,1,0,3,4811,466,0,139,0,404,10,21,151,265,225,0,11,39,89,0,0,72,8481,11,3,1,4,0,9,6,12384,3,1,0,0,15,49,2,0,70,1063,12285,0,0,30,6,139415,20200327,8500,1.065,-0.007
20200329,388,0,0,0,7,20,0,97,0,1,10,73,30,13,2,12391,3,1,603,253,0,29,143,244,0,0,0,0,0,0,0,18,67,6,7226,15,0,56,33,8,4,2,31,1,7,0,0,0,23,0,2,0,0,34,0,31,0,75,0,2,0,58,75582,25,1,15,0,1,20,132,5,27,43,0,0,66,5,3,42,16,0,18,1,1595,0,1,16,2,212,0,0,1,0,40,0,64,2,0,2665,1,3,0,0,0,95,0,0,1,7,0,10,48,135,0,0,52,0,14,0,10,2,0,34,3,0,1,18,0,52,0,0,1,32,2,0,21,0,4,1,2,0,0,30,1,0,3,5033,466,0,206,0,424,10,23,151,272,479,0,13,39,132,0,0,72,9211,11,4,1,4,0,11,6,13030,3,1,0,0,15,64,2,0,105,1359,14709,0,0,30,6,149082,20200328,9667,1.069,0.004
20200330,479,0,0,0,12,20,0,229,0,1,10,73,39,13,2,13911,4,4,603,253,0,76,152,257,0,0,0,0,0,0,0,18,72,8,7964,26,0,63,44,17,35,2,37,1,7,0,0,0,29,0,2,0,0,34,0,31,0,156,0,2,0,61,75923,55,1,22,0,1,21,150,5,27,43,0,0,115,5,3,42,53,0,20,1,1823,0,1,16,7,228,0,0,1,2,40,0,75,2,0,5644,7,3,0,0,0,102,0,0,1,7,0,10,51,157,0,3,52,0,17,0,10,3,0,38,12,0,1,26,0,67,0,0,1,32,2,0,21,0,4,1,2,0,0,30,1,0,8,5228,466,0,209,0,424,15,31,171,279,636,0,15,39,161,0,0,228,13500,25,6,1,4,0,15,13,14620,4,10,0,0,19,66,15,0,162,1527,16780,0,0,35,120,164566,20200329,15484,1.104,0.035
20200331,537,0,1,0,13,26,0,342,1,1,10,77,39,13,31,14656,5,2,603,253,0,76,170,358,0,0,0,0,1,0,0,18,73,10,9513,26,0,74,52,17,35,2,46,10,7,0,0,0,34,0,2,0,0,37,41,31,0,156,0,2,0,61,76206,58,1,23,0,1,24,157,5,40,43,0,0,165,5,54,49,394,0,21,1,1823,0,1,16,3,240,0,0,1,2,80,0,81,5,0,7024,7,3,0,1,0,123,0,0,1,7,0,10,62,198,0,3,52,0,17,0,12,3,0,45,12,0,1,30,0,67,0,0,1,47,2,0,23,0,9,1,2,0,1,30,6,0,8,5408,1592,1,220,0,424,31,32,179,295,1095,0,24,39,224,0,0,240,16100,45,7,2,8,0,17,13,15729,4,10,0,0,25,121,18,0,243,1696,19259,0,0,37,127,178034,20200330,13468,1.082,-0.022
20200401,645,0,1,1,13,33,0,505,1,1,10,971,39,13,31,15473,9,2,603,260,0,94,182,422,0,0,0,0,1,0,0,18,80,13,11053,26,0,83,67,19,35,2,61,10,47,0,0,0,34,0,3,0,0,40,62,50,0,234,0,2,0,61,76405,63,1,28,0,1,26,179,10,45,43,0,0,264,5,58,50,394,0,23,1,2967,0,1,103,3,245,0,0,1,2,80,0,103,5,0,8474,7,3,0,0,0,148,0,0,3,12,0,10,71,225,0,3,52,0,20,0,12,5,0,52,17,0,1,36,0,73,0,0,1,53,2,0,25,0,9,1,2,0,2,31,10,0,9,5567,1324,1,252,0,472,39,46,179,337,1436,0,29,41,241,0,0,248,18700,61,9,2,12,0,21,13,16847,4,10,2,0,25,190,23,0,333,2132,22647,0,0,43,127,193198,20200331,15164,1.085,0.003
20200402,767,0,1,1,32,45,0,505,1,1,300,1172,45,13,31,16711,16,3,619,260,0,125,202,520,0,2,0,0,1,0,0,18,81,19,12548,26,0,92,76,20,35,2,61,17,56,0,0,0,57,0,3,0,0,42,68,50,0,335,0,3,0,96,76565,75,1,28,0,31,27,201,10,55,68,0,0,328,5,65,51,537,0,26,1,4013,0,1,103,5,266,0,0,2,2,80,0,112,10,0,9001,7,3,0,0,0,191,0,0,4,25,0,70,72,284,0,5,61,0,25,0,12,5,0,56,17,0,2,45,0,88,1,0,1,53,2,0,34,0,9,1,2,0,2,33,10,0,20,5828,1735,1,267,0,472,55,50,192,381,1749,0,31,43,338,0,0,256,22440,67,15,2,13,0,21,21,18278,6,10,2,0,25,235,23,0,415,2495,26743,0,0,46,127,210269,20200401,17071,1.088,0.003
20200403,827,0,1,1,32,48,0,612,2,1,300,1287,50,13,31,17935,16,3,619,260,0,126,226,649,1,2,0,0,1,0,0,21,82,22,14135,32,0,103,89,27,633,2,62,17,56,0,0,0,57,0,3,0,0,43,86,95,0,427,0,3,0,108,76760,85,1,28,0,1,29,216,17,66,68,0,8,351,5,65,52,537,2,28,1,4846,0,1,205,10,282,0,0,6,2,500,0,134,10,0,9707,7,3,0,0,0,192,0,0,4,25,0,70,93,309,0,6,78,0,30,0,12,5,0,65,20,0,3,58,0,92,2,0,1,53,2,0,35,0,10,1,2,1,2,43,10,2,25,6021,2175,1,283,0,514,55,50,208,382,2022,0,57,52,403,0,0,266,24575,72,19,3,15,0,24,21,19758,11,16,2,0,26,281,26,0,484,2872,30513,0,0,50,127,225814,20200402,15545,1.074,-0.014
20200404,915,0,2,1,32,59,0,674,2,1,300,1379,50,13,31,19736,16,4,619,262,0,131,259,701,1,2,0,0,1,7,0,21,93,25,15572,32,0,127,99,30,633,2,90,17,116,0,0,0,61,0,3,3,0,58,93,95,0,528,0,3,0,125,76946,90,1,33,0,1,36,241,17,72,75,0,8,420,25,100,57,914,5,36,0,6415,0,1,205,10,297,0,2,12,2,500,0,150,10,1,14652,7,3,0,0,0,229,0,0,4,25,1,79,109,396,0,9,78,0,34,0,15,5,0,66,20,0,3,74,2,119,2,0,1,53,7,0,50,0,13,1,2,1,2,43,16,2,25,6325,2577,1,329,0,514,85,66,215,423,2507,0,66,52,427,0,0,279,26400,78,25,3,15,0,27,27,20996,13,21,2,0,30,333,29,0,786,3247,34219,0,0,54,127,246152,20200403,20338,1.090,0.016
20200405,1005,0,2,2,32,62,0,793,5,1,300,1429,50,13,31,19736,17,4,619,257,0,211,279,757,1,2,0,0,1,7,0,25,99,28,16349,32,0,156,104,30,633,5,90,20,134,0,0,0,61,0,3,3,0,66,104,95,0,618,0,3,0,144,77207,90,1,37,0,1,42,247,17,82,75,0,9,488,25,100,64,989,5,36,0,6415,0,1,205,10,320,0,2,12,2,500,0,164,15,1,17448,7,6,13,0,0,229,0,0,4,30,1,79,123,428,0,9,78,0,37,0,15,5,0,73,23,0,3,110,2,125,2,0,1,52,8,6,50,4,13,1,2,1,2,57,23,3,33,6463,3012,1,374,0,514,88,90,229,431,2998,0,76,52,477,0,0,280,28700,96,37,3,15,0,33,35,21815,16,26,2,0,33,355,30,0,1042,3751,38080,2,0,54,127,260023,20200404,13871,1.056,-0.034
20200406,1241,0,2,2,32,62,0,793,5,0,300,1489,57,13,31,24236,33,4,619,258,0,259,344,1080,1,2,0,0,3,7,1,24,103,28,17428,44,0,176,116,47,633,5,90,23,162,0,0,0,61,0,5,3,8,67,123,95,0,728,0,3,0,167,77310,95,1,45,0,16,46,259,17,92,140,0,9,551,25,100,73,997,5,39,4,8056,0,1,205,8,344,0,2,12,2,500,0,192,18,1,19581,8,6,26,1,0,375,0,0,4,30,9,102,131,460,0,33,269,0,39,0,15,5,0,82,30,1,3,126,5,130,2,0,1,53,8,6,53,4,13,1,2,1,2,62,23,5,35,6598,3256,1,406,0,575,88,108,287,458,3463,0,81,65,585,0,0,325,28700,121,41,4,18,0,38,35,22837,18,31,2,55,33,406,37,4,1326,3986,40437,2,0,60,127,276534,20200405,16511,1.063,0.007
20200407,1321,0,2,2,32,69,0,888,5,0,300,1621,57,13,31,27039,36,4,619,272,0,429,373,1080,4,2,0,0,3,8,1,42,105,28,19523,44,0,241,131,68,633,5,113,23,191,0,0,0,67,0,9,3,8,71,150,95,0,898,0,3,0,186,77410,123,1,47,0,16,51,276,43,105,184,0,9,615,25,100,84,1301,5,46,5,8704,0,1,205,13,377,0,3,15,4,500,0,204,18,1,21763,8,6,26,1,2,421,0,0,7,30,12,102,150,559,0,33,269,0,42,0,17,25,0,85,30,1,5,138,5,167,2,0,1,54,8,6,58,7,14,1,2,1,2,87,24,7,44,6694,3791,1,460,0,592,100,127,325,458,4046,0,93,65,770,0,0,338,36081,172,41,4,27,0,42,40,24392,24,39,2,55,33,494,40,4,1582,4157,43208,7,0,62,127,300054,20200406,23520,1.085,0.022
20200408,1487,0,2,2,32,72,0,888,5,0,300,1763,61,13,34,29812,50,4,619,272,0,467,452,1080,4,2,0,0,3,19,1,44,111,35,21452,63,0,282,154,79,633,16,237,23,222,0,0,0,72,0,9,3,8,94,192,95,0,1115,0,3,0,239,77567,126,1,52,0,16,54,305,60,113,196,2,25,631,25,140,96,1333,5,50,5,9800,0,1,205,16,406,0,4,15,4,500,0,222,29,1,23559,8,6,28,8,2,506,0,0,9,30,16,120,178,633,0,33,269,3,42,0,17,25,0,91,35,1,5,150,9,179,2,0,1,77,10,8,63,7,16,1,2,1,2,114,30,7,44,6776,4154,1,528,0,622,123,134,345,477,4512,0,97,65,801,0,0,358,46300,233,48,4,27,0,44,40,26491,29,52,2,55,33,580,40,7,1846,4681,48021,11,0,62,127,328703,20200407,28649,1.095,0.010
20200409,1608,0,2,2,32,83,2,940,5,0,300,1883,67,13,3,32309,80,4,619,278,0,572,496,1472,4,5,0,0,3,23,1,44,111,45,23413,101,0,317,165,101,633,16,347,24,284,0,0,0,109,0,9,3,8,96,206,95,0,1274,0,3,0,268,77679,128,1,53,0,16,60,348,60,123,205,2,25,666,25,339,124,1438,11,51,5,10600,0,1,205,23,460,0,4,18,4,500,0,252,32,1,25410,8,6,40,8,2,620,0,0,12,38,22,128,206,688,0,35,269,4,48,0,17,25,0,92,37,1,5,161,14,219,2,0,1,139,12,11,62,7,16,1,2,1,2,138,30,24,51,6973,5162,1,647,0,632,174,146,359,519,5240,0,109,84,1011,0,0,365,52407,301,52,5,28,0,49,49,28470,30,58,2,55,33,698,50,7,2142,5164,52165,11,0,67,173,353989,20200408,25286,1.077,-0.019
20200410,1830,0,2,2,32,93,2,1013,5,0,300,1929,91,13,4,35465,98,4,619,287,0,727,550,1793,4,5,0,0,3,23,5,45,123,61,25195,159,0,373,182,129,633,16,405,25,318,0,0,0,109,0,13,3,8,112,214,410,0,1571,0,3,0,418,77791,144,1,58,0,16,64,384,98,137,233,2,36,685,25,368,140,1569,15,54,5,11100,0,1,381,23,492,0,4,18,4,500,0,282,32,2,28790,54,7,41,8,2,774,0,0,22,42,22,137,227,751,0,35,269,4,54,0,17,25,0,99,41,1,5,170,15,231,2,0,1,169,13,11,72,7,16,1,2,1,2,149,52,25,58,7117,5855,1,729,1,685,197,146,588,539,6064,0,122,84,1183,0,0,375,53913,346,52,5,51,0,54,50,30455,42,71,2,55,33,795,56,7,2423,5568,55668,11,0,76,173,376104,20200409,22115,1.062,-0.014
20200411,1995,0,4,2,32,93,2,1135,5,0,300,2111,99,13,4,41947,108,10,619,291,0,762,601,1806,5,5,0,4,3,28,5,57,133,79,26663,200,0,422,197,139,633,16,460,25,375,0,0,0,109,0,16,3,8,115,224,410,0,1864,0,3,0,588,77877,144,1,61,0,16,81,426,98,152,266,2,36,720,25,411,157,1739,17,60,5,12100,0,12,381,23,528,0,5,18,4,500,0,286,32,2,31270,54,7,41,8,2,969,0,0,24,42,22,148,247,841,0,44,269,4,62,0,19,43,0,104,41,1,5,177,19,323,2,0,1,172,13,11,75,18,17,1,2,1,2,173,58,28,70,7243,6589,1,758,1,762,214,155,622,555,6604,0,146,93,1341,0,0,440,57400,411,58,5,77,0,54,53,32534,49,71,2,55,36,1045,75,7,2965,5986,59109,11,0,77,173,402120,20200410,26016,1.069,0.007
20200412,2108,0,4,2,32,98,2,1218,5,0,300,2291,109,14,4,43894,131,10,619,295,0,1028,640,1806,5,5,0,4,3,42,8,58,142,89,27469,250,0,471,217,193,1772,44,591,29,439,0,0,0,109,0,16,3,8,118,231,410,0,2059,0,3,0,680,77956,144,4,65,0,16,99,589,98,171,277,2,36,761,25,501,197,1798,17,67,5,12700,0,16,381,23,560,0,5,22,4,500,0,359,32,2,32988,97,7,75,9,2,1080,0,4,25,66,22,150,275,889,0,54,269,4,68,0,19,43,0,106,41,1,5,201,21,373,2,0,1,203,13,11,77,25,23,1,2,1,2,197,58,30,85,7368,7123,2,852,1,762,270,161,626,558,6987,0,177,93,1627,0,0,468,60300,464,85,6,92,0,56,53,34211,56,128,2,55,39,1291,94,7,3446,6463,62391,20,0,80,173,421722,20200411,19602,1.049,-0.020
20200413,2276,0,4,2,32,102,2,1288,5,0,300,2403,109,14,4,45983,152,14,619,295,0,1095,717,1806,5,5,0,7,4,42,8,58,150,97,28001,289,0,546,232,206,1843,44,601,29,487,0,0,0,124,0,17,4,8,120,248,410,0,2367,0,3,0,852,78039,146,4,65,3,16,138,589,98,178,277,2,41,805,25,597,242,2642,17,68,6,13700,0,16,381,107,586,0,5,22,4,500,0,380,32,2,43482,101,7,75,9,2,1181,0,4,40,85,26,152,334,933,0,67,269,6,71,0,19,43,0,107,44,1,7,215,22,400,2,0,1,203,19,13,77,42,29,1,2,1,4,211,58,30,91,7447,7758,2,914,1,784,319,161,304,591,7343,0,203,110,1855,0,0,515,64300,519,89,6,121,0,56,53,35435,62,128,2,55,42,1470,107,7,3957,6707,64727,21,0,80,173,448672,20200412,26950,1.064,0.015
20200414,2478,0,5,6,32,115,2,1405,18,0,300,2689,124,16,17,48129,162,14,639,297,0,1378,766,2186,46,5,0,8,4,51,8,62,176,119,28805,351,0,628,248,236,1964,44,691,32,618,0,0,0,130,0,20,4,8,122,260,410,0,2646,0,3,1,933,78200,169,11,65,4,16,203,589,130,183,347,2,53,889,25,696,295,2869,31,69,6,13700,0,17,381,113,611,0,5,22,5,500,0,426,40,2,47763,101,7,90,9,2,1359,0,4,41,99,34,152,373,989,0,71,269,6,81,0,19,43,3,107,86,1,7,235,25,415,2,0,1,203,19,13,91,49,61,1,2,1,4,265,66,30,99,7534,8210,2,1051,1,799,354,177,323,645,7633,0,217,110,2195,0,0,559,68200,642,114,6,132,0,61,53,37130,66,128,2,55,42,1694,134,8,4799,6868,67504,23,0,80,3046,473980,20200413,25308,1.056,-0.007
20200415,2647,0,5,7,32,117,2,1497,18,0,300,2925,124,16,17,49933,208,15,639,304,0,1446,812,2186,55,11,0,12,4,65,8,63,206,143,30955,404,0,728,251,253,2125,44,708,35,668,0,0,0,131,0,21,4,8,192,272,410,0,2937,0,3,1,1034,78311,171,11,65,4,44,240,589,165,190,383,2,71,931,77,780,353,3108,31,71,6,15400,0,19,381,151,652,0,5,23,5,526,1,446,43,2,52096,138,9,90,9,2,1432,0,4,53,107,34,165,406,1077,0,78,269,6,105,0,19,43,3,108,98,1,11,250,30,473,2,0,1,203,21,15,96,54,72,1,2,4,4,297,66,30,128,7616,8966,2,1217,1,853,452,226,368,663,8098,0,229,111,2563,0,0,596,72600,819,114,12,151,0,63,53,38092,67,169,2,55,49,1986,171,8,5674,7107,70853,29,0,85,14026,510516,20200414,36536,1.077,0.021
20200416,2766,0,5,14,32,133,2,1593,18,0,1700,3203,155,16,83,52229,215,15,644,311,0,1645,856,2355,55,11,0,20,4,81,8,63,225,186,32812,460,0,770,277,277,2125,82,783,45,774,0,0,0,176,0,23,4,8,199,286,903,0,3299,0,4,2,1095,78401,177,11,77,4,57,277,596,164,194,493,2,73,990,77,838,435,6120,49,76,6,15900,0,20,550,167,683,0,5,30,5,552,1,548,54,2,54703,178,9,90,11,5,1768,0,4,53,129,34,174,415,1144,0,91,269,6,122,0,19,43,3,108,121,1,11,259,33,529,2,0,1,203,21,15,98,60,75,2,2,4,4,358,79,30,152,7757,9698,2,1357,1,901,550,257,375,703,8986,0,249,111,2818,0,0,631,77000,972,146,12,171,0,68,55,40164,74,169,2,55,49,2304,235,8,7089,7562,74797,33,0,86,14026,541592,20200415,31076,1.061,-0.016
20200417,2967,0,5,26,32,145,5,1689,18,0,1700,3571,166,16,83,54064,268,15,644,315,0,1765,906,3808,55,11,0,20,4,108,8,69,258,246,34420,528,0,816,283,320,2125,91,846,48,866,0,5,534,176,0,25,7,9,207,294,903,0,3621,0,4,2,1188,77552,198,11,77,4,88,347,646,164,198,519,2,76,1049,77,838,487,6541,59,79,6,16400,0,20,550,175,708,0,5,30,5,579,2,607,99,2,58545,210,10,110,11,5,2041,0,4,53,156,34,174,464,1224,0,114,269,6,141,0,21,43,3,112,139,1,11,265,38,600,2,0,1,342,25,15,98,65,98,2,2,7,4,402,84,30,159,7829,10545,2,1508,1,935,634,294,394,725,9704,0,281,111,3126,0,6,666,83114,1174,193,20,192,3,77,57,42727,88,191,2,55,58,2590,276,8,8631,7961,74797,33,0,86,14026,567765,20200416,26173,1.048,-0.013
20200418,3102,3,6,31,32,162,5,1787,18,0,1700,4031,178,16,99,55987,312,16,644,317,0,1832,953,4124,55,11,0,22,4,180,8,69,280,275,35983,590,0,867,302,338,2125,99,894,49,981,0,5,637,176,0,26,7,9,231,298,903,0,4035,0,6,2,1188,77614,201,11,79,4,88,377,701,177,211,610,2,76,1329,77,1008,516,6684,65,86,10,17100,0,21,550,213,740,0,5,35,5,601,2,631,112,4,64840,228,10,113,11,8,2463,0,6,60,194,41,190,510,1291,0,130,269,6,153,0,21,43,3,113,164,1,11,269,43,615,2,0,1,342,25,17,103,69,122,2,2,7,6,523,93,33,166,7937,10964,2,1730,1,1069,634,321,414,755,10214,0,314,113,3456,0,6,685,85400,1227,239,22,227,3,86,60,44927,97,205,2,55,66,3057,391,8,10453,8348,74797,35,0,99,14026,591719,20200417,23954,1.042,-0.006
20200419,3197,3,6,31,32,164,7,1928,18,0,1700,4328,189,16,99,57023,363,16,644,322,0,1868,1009,4124,55,11,2,28,4,208,8,71,305,347,36578,712,0,912,314,347,2627,118,1047,52,1040,0,5,753,233,0,26,7,9,250,298,903,0,4338,0,6,2,1286,77690,202,11,81,4,88,400,732,305,220,610,2,102,1398,77,1061,572,6811,87,93,10,17800,0,21,550,229,768,3,5,41,7,627,2,686,131,8,70337,242,15,117,11,8,2854,0,6,67,225,42,192,518,1291,0,133,269,6,161,6,21,43,3,115,179,1,11,276,44,709,2,0,1,494,27,17,105,76,140,4,6,7,6,545,102,33,170,8042,11847,3,1892,1,1159,711,338,436,759,10501,0,327,117,3754,0,6,709,88000,1298,260,22,255,3,96,60,47055,112,235,2,55,75,3291,457,8,11976,8757,77357,39,0,102,22130,623307,20200418,31588,1.053,0.011
20200420,3295,3,6,31,32,165,7,1999,27,0,2000,4499,203,16,99,59273,416,16,644,322,0,1970,1043,4291,88,16,2,38,7,224,8,71,367,359,37409,791,0,974,327,381,2627,126,1099,53,1133,0,5,870,238,3,27,7,9,267,313,1055,0,4676,0,6,2,1360,77745,214,13,81,4,88,447,821,305,235,610,2,102,1490,77,1150,613,6968,122,95,11,18600,0,22,550,251,801,3,5,46,7,637,2,747,135,8,72329,242,25,117,15,8,3273,4,6,69,261,56,193,555,1362,0,201,269,6,167,6,21,148,3,116,200,1,11,282,46,771,2,0,1,514,27,19,107,76,165,4,6,7,8,580,123,35,188,8114,12543,4,2017,1,1159,804,357,446,769,10631,0,350,117,4049,0,6,737,91500,1559,260,23,285,3,98,61,48877,124,248,2,55,85,3446,457,8,13430,8895,80587,41,0,103,22130,645308,20200419,22001,1.035,-0.018
20200421,3349,6,6,37,32,169,7,2108,27,0,2000,4889,217,16,99,60965,463,16,644,74,0,2073,1096,4695,101,16,2,38,7,243,8,71,412,367,39181,865,0,1006,345,437,2627,150,1152,56,1297,0,5,977,238,3,35,7,9,287,324,1055,0,4969,0,6,2,1443,77799,216,13,98,10,133,489,870,329,242,917,2,112,1640,9233,1207,654,6982,127,97,12,19400,0,28,550,258,839,3,6,53,8,670,2,842,150,8,75204,298,29,127,15,8,3975,4,7,74,357,57,197,614,1417,0,216,577,6,170,6,24,148,7,116,224,1,11,297,48,801,2,0,2,577,27,25,110,84,204,4,6,16,8,609,128,35,188,8213,13188,4,2153,1,1239,804,362,638,784,10971,0,393,117,4507,0,6,840,95200,1753,303,26,309,3,102,62,51600,150,282,2,55,87,3873,505,8,14918,9002,82514,44,0,108,22991,679905,20200420,34597,1.054,0.018
20200422,3452,6,6,44,32,184,7,2352,27,2,2000,5276,236,16,99,63113,581,21,644,101,0,2156,1146,4932,116,16,2,45,7,261,9,71,443,424,40657,907,0,1036,356,460,2627,165,1204,56,1513,0,5,1025,238,8,45,20,9,295,337,1055,0,5386,0,6,4,1546,77861,223,15,98,10,133,515,935,397,253,1143,2,183,1812,9233,1262,693,7027,164,107,12,19900,0,37,550,284,896,3,6,62,8,711,2,913,166,8,77366,357,30,193,15,8,4370,4,7,74,450,73,205,689,1462,0,254,577,6,174,6,24,190,10,117,272,1,11,315,63,869,2,0,3,769,27,25,110,84,231,7,6,24,12,633,138,35,197,8277,14454,4,2406,1,1356,870,389,683,1026,11328,0,417,122,5215,1,6,872,99400,1989,310,26,341,3,105,62,54543,180,309,2,55,92,4420,560,8,16477,9433,85915,52,0,113,25318,710046,20200421,30141,1.044,-0.009
20200423,3542,6,6,44,32,192,9,2430,27,2,2000,5573,253,16,99,64843,581,21,645,101,0,2527,1171,5047,123,16,5,46,7,266,9,74,498,504,42088,948,5,1095,385,485,2627,204,1355,59,1740,0,6,1067,307,8,47,20,9,390,354,1473,0,5804,0,7,4,1637,77983,224,15,98,10,133,560,1004,668,257,1201,2,252,1925,9233,1328,722,7422,170,111,14,20600,0,48,550,288,924,3,6,67,9,728,2,960,179,9,80203,399,31,256,15,8,5012,4,7,89,561,77,211,750,1509,0,302,577,6,190,10,30,190,10,119,301,1,11,318,67,883,3,0,3,938,28,30,110,87,271,10,6,24,14,659,159,37,197,8501,14761,8,2478,1,1494,927,410,712,1082,11694,0,456,126,5611,1,6,919,103300,2152,359,35,365,3,107,63,57576,196,333,2,55,108,4891,661,8,18491,9800,89250,58,0,140,26573,738980,20200422,28934,1.041,-0.004
20200424,3663,11,6,54,32,206,9,2547,27,2,2500,5715,264,16,134,66599,763,25,645,102,0,2755,1204,5136,123,19,5,46,7,285,10,81,613,782,43493,1013,5,1118,394,538,2627,223,1408,59,1944,0,6,1094,325,10,48,25,12,458,369,1473,0,6327,0,7,4,1760,78109,220,15,98,10,267,604,1075,668,262,1228,2,330,2049,9233,1366,762,7496,191,132,15,21000,0,48,1005,355,956,3,6,78,9,3007,2,1002,188,12,99079,430,58,289,18,8,5498,4,7,94,621,87,211,809,1542,1,345,577,7,197,10,30,194,11,120,337,1,48,326,75,982,3,0,5,1120,28,31,117,87,319,11,6,26,14,728,162,37,208,8635,15149,8,2817,2,1530,1003,425,724,1113,11872,0,486,132,6003,2,7,976,109800,2371,419,41,416,4,109,64,60498,216,344,2,55,112,5568,755,10,21737,10122,92355,61,0,140,27655,789585,20200423,50605,1.068,0.028
20200425,3762,13,6,54,32,228,10,2547,27,6,2500,5858,275,17,134,68193,822,29,645,102,0,2866,1224,5376,153,19,5,46,7,295,13,83,656,782,44594,1080,5,1142,403,592,7149,249,1479,62,2126,0,6,1152,329,10,49,25,12,458,370,1473,0,6746,0,7,7,1887,78175,225,15,148,10,267,646,1114,697,276,1277,2,373,2215,9233,1366,792,7797,208,139,15,21300,0,53,1005,386,1002,3,11,85,9,3088,2,1042,188,12,100372,460,65,325,18,15,5939,4,7,98,707,91,219,929,1570,1,345,577,7,197,10,45,207,11,121,374,1,48,332,75,1034,3,0,5,1573,28,31,117,88,338,12,6,30,19,803,165,37,222,8717,16013,8,2890,2,1656,1067,442,774,1160,12103,0,537,132,6435,2,7,1030,109800,2453,419,42,437,4,118,64,63120,242,344,8,55,113,6250,825,10,25582,10417,95708,62,0,143,29160,817405,20200424,27820,1.035,-0.033
20200426,3862,13,6,80,32,233,10,2594,33,7,2500,5994,281,17,155,69657,910,41,645,117,0,2936,1263,5541,153,19,5,46,8,299,13,83,806,840,44903,1139,5,1180,410,624,8354,282,1508,62,2265,0,6,1182,333,12,50,25,12,485,375,1473,0,7024,0,8,7,1978,78277,225,15,148,10,267,682,1176,786,283,1329,2,411,2357,9233,1366,862,8088,208,149,22,21800,0,54,1005,394,1060,3,14,85,9,3104,2,1107,207,12,106988,467,65,350,18,15,6523,4,7,106,789,112,221,1012,1608,1,370,577,7,205,10,49,216,11,123,500,1,48,337,83,1103,4,0,5,1695,28,39,117,92,338,16,6,30,20,833,166,42,239,8764,16883,10,3054,2,1809,1133,453,778,1189,12282,0,593,137,6731,2,7,1107,112000,2545,468,42,501,4,120,64,64928,264,344,8,55,122,6767,895,10,29140,10785,98372,71,0,145,30152,845985,20200425,28580,1.035,0.000
20200427,3957,13,6,98,32,233,16,2609,33,8,2500,6148,290,17,155,70933,993,50,645,117,0,3029,1286,5588,189,19,6,47,9,302,13,83,1012,864,45513,1162,5,1214,422,659,9086,286,1558,62,2466,0,6,1209,364,12,50,25,15,498,386,1473,0,7327,0,8,7,2090,78374,225,15,148,10,267,720,1236,805,284,1357,2,477,2531,9233,1557,932,8425,246,156,22,22200,0,59,1005,403,1095,18,19,93,10,3123,5,1151,220,12,111424,474,79,385,18,15,7137,4,7,114,892,113,221,1066,1624,1,395,577,7,206,10,49,279,11,124,553,1,48,342,89,1166,4,0,8,1740,29,39,119,93,455,16,6,43,21,848,201,42,255,8854,18268,10,3141,2,1899,1210,469,807,1218,12362,0,695,142,7200,2,7,1140,114500,2826,499,42,525,4,126,64,66624,287,385,8,55,131,7346,925,10,33791,10878,100875,75,0,145,31142,873677,20200426,27692,1.033,-0.002
20200428,4032,19,6,110,32,240,16,2652,33,8,2800,6313,307,17,188,72439,1165,50,645,117,0,3233,1319,5665,199,19,9,52,9,303,13,71,1176,992,46886,1221,5,1229,431,682,11423,303,1651,63,2655,0,6,1260,364,12,56,45,15,516,394,2073,0,7710,0,8,7,2181,78422,222,15,148,10,267,774,1304,915,296,1389,2,498,2784,9233,1557,975,9179,269,168,23,22600,4,59,1005,423,1128,18,21,102,10,3123,5,1254,228,12,115936,536,79,403,18,19,7747,4,7,124,992,122,223,1134,1636,1,416,577,7,222,12,49,279,11,124,589,2,48,348,97,1232,5,0,8,1993,29,39,119,95,455,16,6,53,31,866,232,42,255,8922,19231,19,3404,6,1899,1268,476,813,1310,12580,0,778,142,7746,4,10,1162,117400,2948,525,50,575,5,134,64,68941,306,398,8,55,139,8456,975,10,38809,10943,102548,82,0,145,32544,906955,20200427,33278,1.038,0.005
20200429,4087,19,7,117,32,236,27,2665,33,8,2800,6558,311,17,188,73791,1228,58,645,119,0,3425,1346,5715,203,19,9,52,9,306,13,71,1389,1103,48228,1267,5,1241,455,710,11423,339,1702,64,3025,0,6,1292,364,12,59,45,18,536,412,2073,0,8057,0,8,7,2329,78474,222,15,148,10,348,819,1335,934,315,1470,2,599,2953,13386,1557,1023,10037,313,178,23,22600,4,71,1005,484,1188,19,21,102,10,3134,5,1391,252,12,120720,563,73,435,18,19,8437,4,7,129,1096,129,230,1243,1656,1,437,577,8,243,12,62,294,11,124,627,2,167,356,106,1288,5,5,8,2072,29,39,119,98,527,16,6,67,32,900,249,54,307,9059,20327,20,3569,6,2368,1411,498,857,1455,12779,0,928,142,8233,4,13,1192,120400,3108,557,58,617,7,136,69,71252,323,423,8,55,150,10286,1114,10,44040,11283,108947,90,0,150,34132,948425,20200428,41470,1.046,0.008
20200430,4171,26,7,132,32,249,27,2684,33,8,3000,6741,322,17,212,75103,1301,59,645,125,0,4315,1375,5742,214,19,9,52,9,310,13,76,1539,1238,49476,1325,5,1252,470,727,11423,351,1779,65,3236,0,6,1343,495,12,73,45,22,581,417,2073,0,8580,0,8,8,2429,78523,219,15,296,10,348,866,1381,934,334,1519,2,642,3163,13386,1558,1043,10405,329,184,25,23400,4,72,1005,524,1244,19,21,113,10,3213,5,1522,260,12,153947,589,79,452,18,33,9068,4,7,144,1133,135,233,1372,1670,1,462,1374,8,266,21,66,305,11,124,738,4,167,362,119,1348,5,5,8,2386,29,39,119,104,576,16,6,67,39,929,271,55,319,9072,21424,31,4017,16,2460,1439,506,859,1500,12907,0,984,142,8561,6,13,1256,123500,3314,574,64,681,7,154,78,75945,338,468,8,55,160,11619,1182,12,48886,11576,112050,92,0,150,35935,1013886,20200429,65461,1.069,0.023
20200501,4210,26,11,134,32,253,31,2719,42,10,3000,6924,324,17,212,76318,1387,66,645,138,0,4715,1414,5775,233,25,13,52,9,312,13,76,1602,1413,50212,1365,5,1263,488,755,12377,383,1821,66,3491,0,6,1343,495,12,75,45,22,609,435,2382,0,9018,0,8,8,2543,78573,219,15,296,10,348,922,1460,934,356,1647,2,672,3555,13386,1913,1084,11129,342,207,24,23900,4,83,1005,558,1268,19,27,115,10,3213,5,1591,310,12,164015,594,112,478,18,33,10007,4,7,150,1212,196,233,1436,1689,1,504,1374,8,276,21,72,316,15,124,807,18,167,364,124,1421,5,8,8,2918,31,39,120,109,622,16,6,67,46,977,271,74,351,9123,22764,31,4328,16,2975,1551,517,892,1555,13110,0,1083,148,9156,8,13,1292,126900,3372,597,73,714,9,162,82,78249,355,468,8,55,174,13220,1272,12,53808,11892,112050,94,0,192,38039,1052415,20200430,38529,1.038,-0.031
20200502,4326,26,11,159,32,256,37,2732,42,10,3000,7084,324,18,229,77350,1481,69,645,138,0,4817,1473,5814,245,25,13,52,9,314,13,76,1703,1498,50663,1411,5,1266,519,779,12377,379,1872,66,3762,0,6,1426,750,14,75,48,22,625,440,2549,0,9572,0,8,9,2664,78586,219,15,296,10,348,985,1522,953,368,1671,2,686,3765,13386,2132,1124,12434,405,207,24,24200,4,88,1005,608,1347,19,27,119,10,3318,5,1665,331,18,175382,632,116,507,22,39,10819,7,7,152,1271,206,239,1534,1706,1,527,1374,8,287,21,72,323,15,126,852,18,167,367,141,1463,5,8,8,3117,33,44,120,120,641,16,6,85,52,1010,336,75,351,9183,23814,34,4547,16,3205,1666,535,896,1568,13180,0,1256,148,9593,8,13,1320,129000,3461,622,78,765,9,172,83,79914,372,472,9,55,177,15013,1334,12,58259,12211,117248,97,0,197,40937,1093137,20200501,40722,1.039,0.001
20200503,4413,26,11,166,32,259,43,2739,42,10,3000,7183,332,18,229,78422,1606,75,645,138,0,5114,1490,5849,249,25,13,52,9,315,13,77,1776,1548,50885,1441,5,1276,531,825,13447,392,1936,67,3945,0,6,1551,750,14,75,58,22,629,442,2549,0,10041,0,8,9,2763,78684,219,15,296,10,348,1084,1562,953,372,1689,2,686,4134,13386,3300,1214,13550,405,223,24,24500,4,93,1005,619,1408,19,27,126,10,3379,5,1876,345,19,180152,635,118,518,22,39,11775,7,7,167,1319,213,241,1664,1717,1,564,1374,9,308,29,72,328,15,128,945,33,167,367,154,1489,5,8,8,3196,38,44,120,124,641,16,6,85,52,1035,381,78,400,9217,24921,44,4869,16,3981,1722,540,901,1718,13228,0,1438,158,9749,8,13,1354,130600,3587,653,78,827,9,184,86,81654,386,493,9,55,1063,16639,1382,12,63151,12309,118902,98,0,200,42991,1125236,20200502,32099,1.029,-0.009
20200504,4484,26,11,174,32,259,49,2740,50,10,3500,7284,334,18,294,79379,1771,75,645,138,0,5635,1544,5887,253,26,14,55,13,316,13,102,1947,1619,51476,1480,5,1302,543,855,13447,399,1998,74,4095,0,6,1574,816,14,80,58,27,630,447,2746,8,10415,0,8,9,2966,78792,219,15,296,10,348,1173,1632,953,415,1712,2,713,4476,13386,3433,1315,14427,450,223,25,25200,4,99,4074,643,1457,19,27,130,12,3405,5,1954,397,19,187180,638,122,534,23,39,12847,7,7,173,1405,223,241,1810,1723,1,575,1374,9,321,37,79,406,15,130,992,37,167,370,180,1522,5,8,9,3259,38,46,120,128,641,16,6,93,61,1071,403,78,417,9283,26030,61,5269,20,4156,1807,545,910,1744,13316,0,1653,158,10064,8,13,1442,132700,3807,693,78,876,9,194,86,82879,399,499,9,55,1209,18095,1423,12,68166,12378,121343,99,0,200,45815,1162724,20200503,37488,1.033,0.004
20200505,4567,30,11,187,32,261,49,2747,50,10,3500,7492,334,20,294,80475,1905,91,645,139,0,5801,1571,5975,253,26,16,55,13,319,14,127,2032,1875,52842,1508,5,1316,570,911,16810,403,2067,74,4280,0,8,1723,858,14,90,58,27,709,468,2746,8,10710,0,8,9,3153,78870,232,15,296,10,348,1279,1730,953,470,1743,2,745,5431,13386,3433,1408,15413,498,240,26,25400,4,103,4074,741,1519,19,27,135,13,3412,5,2197,421,19,189791,678,122,543,23,43,14142,7,7,182,1501,228,244,1924,1733,1,600,1374,9,342,43,79,482,16,131,1013,37,167,375,205,1560,5,8,9,3771,56,47,120,129,823,16,6,93,70,1111,490,92,481,9333,27006,75,5454,20,4496,2013,548,926,1762,13462,0,1838,158,10465,12,13,1472,135100,4006,701,81,954,9,213,92,85231,413,514,9,55,1403,19865,1544,12,73285,12441,123486,101,0,206,48221,1198832,20200504,36108,1.031,-0.002
20200506,4702,30,11,198,32,264,50,2761,50,10,3500,7689,339,20,294,81587,1960,93,645,146,0,6464,1602,6031,261,30,16,55,13,320,14,174,2219,2097,54079,1536,5,1332,595,928,17781,407,2197,77,4655,0,8,1971,888,14,92,75,27,759,486,3153,8,11189,0,8,10,3359,78929,232,15,296,10,464,1408,1815,1000,493,2076,2,755,6783,17110,3433,1506,17527,597,269,26,25700,4,103,4074,762,1634,24,27,142,13,3452,5,2317,458,21,189910,718,132,561,24,43,15331,7,7,190,1577,261,246,2070,1750,1,614,1374,9,360,54,86,591,16,131,1057,38,167,377,219,1601,5,8,9,4388,57,47,120,130,859,22,6,93,80,1135,490,101,534,9419,28184,87,5788,20,4496,2148,555,934,1860,13639,0,2017,176,10637,12,13,1524,139900,4205,721,82,1001,9,215,97,93245,428,521,9,55,1403,21327,1658,12,78202,12731,126002,101,0,206,51370,1245413,20200505,46581,1.039,0.008
20200507,4776,30,11,219,32,273,62,2772,53,16,3500,7907,347,20,303,82744,2064,93,645,147,0,6464,1626,6078,265,30,16,55,13,320,14,176,2381,2396,55191,1551,5,1347,605,954,17781,413,2323,85,4862,0,8,2160,980,14,103,79,27,801,492,3153,8,11664,0,9,9,3572,78977,233,17,400,10,464,1518,1887,1002,562,2258,2,799,7798,17110,3433,1618,18388,629,275,26,25900,4,103,4971,806,1712,25,27,148,13,3505,5,2381,468,24,195036,739,154,586,24,50,16776,7,7,197,1656,271,247,2286,1755,1,637,1374,9,384,54,90,600,16,131,1079,38,167,381,252,1641,5,9,9,5067,58,53,120,133,886,22,6,110,92,1185,562,103,601,9484,29260,106,6144,21,4918,2300,562,970,2000,13698,0,2179,185,10873,12,13,1601,141700,4371,742,82,1031,14,232,106,96276,445,526,9,55,1910,23803,1747,12,82984,12980,128511,101,0,220,55350,1284741,20200506,39328,1.032,-0.007
20200508,4864,37,11,237,32,704,67,2784,62,17,4000,8125,355,20,323,83837,2286,95,645,147,2,7530,1661,6122,267,33,16,55,13,320,14,228,2466,2706,55892,1576,5,1368,620,960,20314,419,2467,85,5184,0,8,2453,1025,14,130,79,35,865,506,3153,8,12160,0,9,9,3837,78993,241,17,400,10,464,1631,1945,1002,611,2422,2,824,9120,17110,3433,1734,19012,663,288,31,26100,4,103,4971,905,2040,25,29,152,13,3526,9,2494,472,27,198993,765,192,600,24,50,17887,7,7,202,1775,285,252,2370,1765,1,650,1374,9,401,54,101,638,16,132,1099,44,183,385,257,1689,5,9,9,5484,62,53,120,136,886,31,6,110,102,1218,562,111,679,9568,30239,106,6423,21,5146,2424,566,997,2028,13836,0,2324,190,11229,13,13,1659,141700,4413,754,82,1078,14,240,114,99023,461,537,9,55,2101,26608,1826,12,86396,13201,131148,101,0,223,59297,1322050,20200507,37309,1.029,-0.003
20200509,4929,37,13,258,32,747,68,2787,62,17,4000,8291,361,29,378,85064,2584,97,645,149,2,7809,1702,6141,274,33,16,55,13,320,14,228,2622,2909,56148,1620,5,1371,627,1059,21824,427,2546,87,5437,0,8,2732,1068,14,130,79,35,904,513,3983,8,12667,0,10,13,4295,79127,241,17,401,10,464,1776,2002,1232,643,2499,2,834,10144,17110,3433,1842,20246,698,297,37,26400,4,104,4971,919,2296,25,29,155,14,3550,9,2607,502,34,212534,828,195,617,24,53,19301,7,7,207,1846,298,255,2449,1773,1,658,1374,9,422,58,104,660,19,132,1112,56,183,387,276,1726,5,12,9,6050,62,57,120,140,4501,31,6,110,119,1267,622,112,745,9610,31262,110,6912,21,5906,2569,569,1001,2055,13928,0,2461,190,11376,14,13,1728,143300,4447,769,82,1140,14,260,126,103031,480,545,9,55,2414,31916,1925,14,89480,13411,133952,101,0,234,61685,1375624,20200508,53574,1.041,0.011
20200510,5025,37,13,273,32,750,72,2794,62,17,4000,8415,366,29,378,86143,2763,99,651,149,2,8063,1734,6167,290,33,16,55,13,320,15,263,2729,3060,56327,1650,5,1386,650,1106,21824,433,2678,89,5698,0,10,2732,1117,14,136,79,35,933,517,4173,8,13112,0,11,13,4804,79167,241,17,401,10,464,1941,2075,1465,650,2549,2,847,11457,17110,3433,1924,21349,714,309,37,26600,4,107,4971,941,2721,26,29,165,14,3586,9,2698,558,34,216169,828,203,624,24,53,20969,7,7,239,1881,351,256,2753,1773,1,675,1374,9,444,67,110,700,19,134,1136,56,183,389,293,1764,5,12,9,6406,90,57,120,140,4687,31,6,110,149,1325,653,117,778,9632,32109,118,7051,21,8127,2705,577,1002,2070,13991,0,2554,193,11430,14,13,1757,144400,4474,794,82,1193,14,321,126,105186,501,550,9,55,2650,34306,1958,27,92691,13642,136166,101,0,234,64957,1408980,20200509,33356,1.024,-0.016
20200511,5113,38,13,299,32,751,74,2796,62,17,4000,8526,368,29,494,87422,2870,105,651,149,2,8555,1790,6213,294,53,16,55,13,322,15,301,2907,3288,56835,1680,6,1398,654,1114,23100,434,2841,89,5816,0,10,3290,1250,14,141,85,36,958,523,4357,8,13605,0,11,13,5381,79198,249,17,401,10,464,2074,2172,1524,715,2549,2,872,12737,17110,3433,1999,22406,714,317,39,26800,4,107,4971,959,3225,26,29,170,14,3602,9,2881,558,34,232733,833,206,637,28,53,22549,7,7,251,1988,377,256,2840,1773,1,688,1374,9,461,72,111,727,19,134,1200,58,183,390,325,1784,5,12,9,6531,90,57,121,150,4687,33,6,127,162,1359,655,117,902,9670,33007,121,7245,21,8293,2825,584,1015,2152,14061,0,2811,205,11843,14,13,1837,145617,4711,818,85,1229,24,343,130,106587,517,550,10,55,2902,39801,1980,28,95780,13697,137139,101,0,234,67384,1456209,20200510,47229,1.034,0.009
20200512,5223,38,13,313,32,777,76,2798,76,17,4300,8778,372,29,494,88357,3221,106,651,149,2,8812,1903,6270,298,53,16,55,13,322,15,308,3101,3373,57898,1680,6,1402,682,1168,25935,434,2998,92,6131,0,10,3600,1250,14,146,85,36,1007,532,4357,8,14125,0,11,13,6012,79222,252,17,449,10,627,2223,2326,1524,742,3013,2,886,15257,17110,3433,2106,23324,816,349,39,26800,4,107,4971,983,3851,26,29,173,15,3610,9,3063,610,34,230287,850,211,648,28,76,24420,7,7,259,2010,398,259,3019,1776,1,709,1374,9,476,72,120,740,19,134,1205,58,183,390,349,1808,5,17,12,6974,100,57,121,153,6021,33,6,137,173,1430,671,117,959,9695,34055,126,7685,21,8531,2971,588,1023,2192,14148,0,2991,220,12083,14,13,1862,147200,4889,820,85,1277,24,366,161,109039,520,568,10,55,3147,43512,2069,28,98889,13732,138980,101,0,234,72597,1493414,20200511,37205,1.026,-0.008
20200513,5281,38,14,339,32,777,79,2844,83,17,4300,8861,375,40,514,89428,3221,108,651,157,2,8899,1966,6297,307,53,16,55,13,322,15,310,3263,3716,58786,1789,6,1411,688,1228,26990,436,3058,96,6410,0,10,3824,1289,14,148,101,41,1102,545,4745,8,14865,0,11,14,6523,79246,252,18,449,10,627,2408,2486,1543,782,3182,2,900,17622,19470,3433,2251,24324,856,372,41,27100,4,107,4971,1060,4809,26,29,182,15,3629,12,3287,648,34,243430,908,237,658,28,78,26400,7,7,281,2076,412,260,3143,1780,1,726,1374,9,499,97,121,759,19,134,1229,61,183,392,374,1834,5,17,12,7711,113,65,121,164,6067,35,6,152,198,1500,671,124,1070,9762,35177,130,7961,21,8920,3133,592,1032,2205,14304,0,3131,220,12232,14,13,2266,148700,5047,902,87,1326,24,382,161,112541,527,576,10,55,3361,48003,2176,48,101715,13937,140823,107,0,236,78424,1548547,20200512,55133,1.037,0.011
20200514,5351,38,14,356,32,909,84,2850,83,18,4300,9003,383,45,674,90539,3351,108,651,159,3,9695,2028,6334,309,87,16,63,13,322,15,310,3451,4143,59719,1833,6,1421,694,1272,28475,443,3158,96,6696,0,10,4084,1303,14,157,105,42,1169,547,5676,8,15655,3,12,14,6930,79261,260,18,481,10,627,2531,2626,1553,842,3198,2,905,19051,19470,3433,2337,25151,895,383,41,27100,4,107,4971,1112,5973,26,29,184,15,3665,13,3518,691,35,246414,934,253,677,28,83,27969,7,7,284,2136,436,267,3356,1780,1,735,1374,9,531,97,129,770,19,134,1235,67,183,393,405,1850,5,17,12,8168,118,65,121,168,6080,35,7,182,198,1572,690,124,1180,9821,36104,135,9053,21,9868,3358,592,1043,2353,14405,0,3310,220,12521,14,14,2385,150300,5241,930,87,1383,24,445,172,115288,535,596,10,55,3361,53530,2228,51,104030,14111,143374,108,0,236,79479,1587893,20200513,39346,1.025,-0.012
20200515,5439,39,17,434,32,923,89,2854,83,29,5000,9157,387,49,1460,91836,3557,112,651,159,4,10880,2089,6359,311,87,16,63,22,322,15,315,3640,4473,60562,1886,6,1428,705,1336,30451,458,3271,96,6918,0,10,4301,1350,15,212,108,43,1287,553,6083,8,16614,3,13,14,7328,79281,260,18,481,13,662,2707,2799,1567,890,3328,2,935,21869,19470,3433,2460,27147,895,393,41,27100,4,107,4971,1131,7248,26,36,193,20,3682,13,3803,745,42,250747,965,264,684,28,88,30258,7,7,284,2158,455,270,3546,1782,1,745,1374,9,545,97,135,802,19,135,1251,67,183,401,417,1869,5,17,14,8807,121,65,122,177,6080,36,7,219,205,1666,690,124,1320,9851,36908,135,9370,24,10338,3460,595,1047,2640,14471,0,3400,229,12587,14,14,2497,151597,5381,942,87,1425,24,477,189,120205,542,604,10,55,3882,58226,2228,66,106133,14301,144783,112,0,246,84970,1637067,20200514,49174,1.031,0.006
20200516,5512,39,17,473,32,934,96,2855,83,29,5000,9305,389,58,1754,93147,3726,113,651,167,4,10880,2126,6364,311,87,16,63,22,322,15,329,3843,4906,60562,1944,6,1433,714,1355,31848,450,3409,99,7175,0,10,4479,1436,15,270,116,43,1371,558,6478,8,18014,3,13,14,7931,79293,260,18,515,13,662,2980,2950,1567,949,3822,2,950,23666,19470,3433,2561,28272,1133,419,42,27400,4,107,4971,1151,8342,26,36,198,20,3699,13,3911,745,43,268376,988,278,689,28,111,34224,7,7,301,2213,479,272,3788,1786,1,783,1374,9,573,106,138,807,19,136,1267,84,183,404,441,1913,5,17,14,9498,121,67,122,178,6080,36,7,244,222,1791,690,183,1472,9888,37832,148,9574,24,10338,3587,604,1058,2762,14524,0,3487,241,12855,14,14,2534,152600,5422,987,87,1460,24,520,198,122810,551,615,12,55,4117,63166,2344,72,108137,14460,146446,114,0,247,89672,1693197,20200515,56130,1.034,0.003
20200517,5571,39,17,493,32,938,97,2856,83,21,5000,9425,395,58,1754,94464,5847,113,651,167,4,11341,2218,6392,311,87,16,63,22,322,16,335,4093,5116,61327,2015,6,1433,715,1436,33329,454,3507,104,7451,0,10,4713,1465,15,270,120,43,1396,564,7006,8,19213,3,13,14,8512,79306,260,18,515,13,662,3256,3172,1567,973,4636,2,972,25722,19470,3433,2635,28621,1133,425,42,27500,4,107,4971,1163,9340,26,36,202,21,3702,17,4129,778,44,272265,997,319,698,35,117,36795,15,7,313,2247,494,273,4370,1786,1,804,1374,9,598,141,138,816,19,136,1293,84,183,408,464,1936,5,17,14,9932,127,68,122,197,6081,36,7,244,222,1925,691,188,1594,9904,38563,152,9890,24,11153,3751,644,1058,2910,14563,0,3660,241,12942,14,14,2569,154011,5462,1004,87,1495,27,538,201,125176,565,617,12,55,4373,67373,2344,73,109962,14630,146446,114,0,247,94122,1733963,20200516,40766,1.024,-0.010
20200518,5615,39,17,503,32,938,101,2857,83,21,5000,9499,398,58,1754,95661,6613,116,651,167,4,11922,2310,6413,311,110,16,63,22,322,16,337,4339,5276,61843,2055,6,1433,727,1464,35388,456,3625,106,7628,0,11,4799,1496,15,272,123,44,1400,569,7298,8,20165,3,13,14,9577,79310,263,18,515,13,662,3469,3440,1567,1076,6430,2,1018,28748,19470,3433,2729,30306,1263,432,43,27600,4,107,4971,1185,9835,38,36,219,24,3715,18,4324,801,44,283178,997,340,714,35,117,39233,20,7,336,2314,512,1335,4899,1786,1,827,1374,9,612,148,138,819,19,136,1301,85,183,413,474,1946,5,17,14,10130,131,68,122,203,6081,36,7,301,247,2019,691,192,1644,9938,39251,163,9930,24,11564,3903,652,1090,2931,14614,0,3758,253,13253,14,14,2625,155041,5641,1040,87,1505,27,559,203,127326,575,624,13,55,4585,70209,2425,78,111577,14657,150376,119,0,251,100459,1786875,20200517,52912,1.031,0.006
20200519,5646,39,17,533,32,938,104,2857,83,21,5000,9614,398,91,1773,97173,6613,120,651,167,4,12489,2366,6431,312,132,16,63,22,322,16,346,4681,5632,62678,2198,6,1447,742,1522,37325,460,3746,107,7903,0,11,4904,1574,15,290,125,46,1412,579,7960,8,21507,3,13,14,10791,79310,263,18,515,18,694,3598,3742,1567,1133,6431,2,1033,31634,19470,3457,2843,36524,1525,456,43,27700,4,107,4971,1192,10365,42,36,230,26,3718,18,4467,850,44,289392,1025,349,734,35,139,42309,20,199,358,2338,529,1338,5634,1789,5,898,1374,9,646,167,155,826,19,136,1351,85,183,417,502,1967,5,17,14,10620,145,68,122,209,6194,37,7,318,286,2164,769,192,1734,10066,40069,178,10166,24,11564,4050,652,1099,2952,14678,641,3901,253,13435,15,14,2872,155681,5726,1050,87,1538,27,569,211,129401,577,628,13,55,4993,76130,2508,87,112895,14687,150376,119,0,251,106794,1838995,20200518,52120,1.029,-0.001
20200520,5706,39,17,553,32,956,108,2888,57,21,4800,9734,398,91,1898,98808,7142,122,651,169,4,13101,2438,6470,312,132,16,65,22,322,16,346,4885,5955,63472,2253,6,1452,758,1557,38419,465,3968,110,8183,0,11,5067,1661,15,302,128,47,1454,588,8950,8,22504,8,14,14,11809,79310,263,18,516,18,694,3734,3994,1595,1186,6452,2,1052,33478,21060,3557,2932,41968,1525,475,43,27800,4,107,4971,1231,11207,42,36,242,26,3728,18,4575,930,48,294312,1049,349,738,35,177,45422,20,199,366,2372,543,1340,6600,1789,5,910,1374,9,684,205,159,862,19,136,1367,85,183,446,537,1978,5,17,14,11415,171,70,122,216,6194,45,7,365,286,2419,769,197,1840,10135,40793,188,10356,24,11564,4256,661,1116,3568,14882,470,4098,262,13504,15,17,2933,156966,5830,1083,90,1573,27,584,220,132282,582,639,13,55,5207,85392,2953,97,113987,14847,150376,131,0,251,116683,1897466,20200519,58471,1.032,0.003
20200521,5796,39,17,561,32,1488,108,2897,61,21,4800,9841,398,91,1898,100564,7366,123,651,169,4,14155,2483,6478,314,137,16,66,22,322,16,346,5205,6227,63976,2340,6,1455,771,1596,40152,468,4062,118,8452,0,11,5370,1821,15,303,131,57,1509,594,8950,8,23992,8,14,14,12755,79310,266,18,561,18,694,3843,4217,1808,1251,6452,2,1055,36040,21060,3557,3000,43587,1575,485,44,27900,4,108,4971,1245,12117,42,36,256,26,3741,18,4838,938,48,298418,1049,397,753,35,186,48553,20,199,375,2407,558,1340,7288,1790,5,923,1374,9,727,205,222,883,19,136,1378,95,183,457,544,1978,6,19,14,12057,181,70,122,217,6245,49,7,365,309,2581,772,302,1907,10162,41731,204,10581,24,12672,4431,669,1134,3873,14951,470,4280,262,13724,15,17,3032,158087,5926,1100,90,1603,27,604,235,134560,592,639,13,55,5602,92681,2953,112,114990,14988,150376,131,0,663,125960,1948739,20200520,51273,1.027,-0.005
20200522,5859,39,17,575,7727,1508,116,2910,61,22,4800,9962,408,109,1951,102276,7572,128,651,174,6,15201,2532,6485,314,137,16,68,165,322,16,346,5515,6585,63986,2399,6,1455,777,1614,42191,469,4256,121,8731,0,11,5541,1821,15,312,136,57,1587,603,10104,8,25342,18,14,14,13798,79332,267,18,561,18,712,4096,4374,1822,1311,7590,2,1064,39003,21060,3557,3092,44848,1575,495,44,27900,4,108,4971,1256,12995,42,37,264,28,3748,18,5057,996,48,350135,1111,439,764,38,196,51824,20,199,380,2492,560,1340,7893,1791,11,939,1374,9,769,230,222,903,19,136,1387,95,183,461,570,2011,6,19,14,12833,191,70,122,222,6275,70,7,402,372,2874,772,336,2007,10194,42608,204,10777,24,13005,4575,672,1142,4096,15005,1089,4377,262,13915,15,17,3062,159064,6025,1146,90,1631,28,620,254,136720,600,652,13,55,6190,99825,3369,119,116111,15123,150376,135,0,663,135430,2056643,20200521,107904,1.055,0.028
20200523,5912,39,18,609,7727,1526,120,2916,61,22,4800,10034,411,128,1978,104072,7854,151,651,174,6,16653,2585,6508,314,147,16,68,165,322,16,348,5747,6929,63988,2506,6,1456,783,1662,44424,473,4426,133,8977,0,11,5699,1848,15,312,136,58,1655,616,10104,8,26546,18,14,14,14495,79335,267,18,594,18,712,4214,4628,1822,1416,7705,2,1064,41236,21060,3557,3177,47915,1631,509,45,28000,4,108,4971,1280,13882,42,37,298,30,3758,18,5249,1040,48,361239,1135,439,775,39,204,54385,20,199,380,2532,574,1340,8513,1791,11,957,1374,9,808,241,244,914,19,136,1411,142,183,470,570,2023,6,19,14,13528,200,70,122,227,6279,70,7,459,424,2936,782,336,2174,10213,43318,204,11187,24,13244,4718,672,1149,4465,15037,1223,4638,262,14090,15,17,3530,159716,6044,1188,90,1671,28,660,266,138840,607,653,13,55,6486,107936,3452,119,117602,15155,150376,138,0,667,142587,2112185,20200522,55542,1.027,-0.028
20200524,5945,39,18,629,7727,1532,122,2921,82,22,4800,10098,414,144,1998,105801,8133,152,651,174,6,17198,2738,6531,315,147,16,68,165,322,16,357,6117,7108,64735,2607,6,1456,789,1680,46979,476,4784,141,9194,0,11,5857,1933,15,317,139,62,1690,618,11100,8,28148,21,14,14,15056,79343,267,18,594,22,712,4352,4807,1865,1456,17549,2,1064,43520,21060,3560,3249,49795,1673,522,45,28100,4,108,4971,1301,14876,42,41,307,32,3767,25,5402,1075,51,366736,1138,468,783,39,215,57692,20,199,383,2565,597,1340,9170,1791,10,980,1374,9,840,241,258,917,19,137,1422,155,183,471,633,2027,6,19,14,14155,211,70,122,237,6279,87,15,459,458,3064,785,336,2263,10226,43998,204,11399,24,13413,5016,672,1151,4587,15063,1301,4703,262,14153,15,17,3732,160281,6078,1219,90,1689,33,674,266,140479,620,653,13,55,6901,113299,3713,156,118694,15272,150376,142,0,688,149911,2168563,20200523,56378,1.027,0.000
